country,region,year,industry,gas_type,emissions_mt
India,Asia,2003,Waste,Sf6,2.265
United Kingdom,Europe,2013,Buildings,Ch4,8.216
Australia,Oceania,2016,Waste,Hfcs,0.195
United Kingdom,Europe,2006,Buildings,Hfcs,9.651
France,Europe,2021,Transport,N2O,9.065
South Korea,Asia,2008,Buildings,Ch4,11.584
Germany,Europe,2021,Energy,Sf6,3.41
United States,North America,2021,Transport,N2O,123.526
Japan,Asia,2017,Buildings,N2O,9.356
Russia,Europe,2016,Energy,N2O,41.3
Japan,Asia,2004,Energy,,7.128
Brazil,South America,2021,Buildings,Ch4,1.635
India,Asia,2018,Industrial Processes,Hfcs,30.486
South Africa,Africa,2002,Buildings,N2O,1.8
Germany,Europe,2022,Buildings,Hfcs,10.849
India,Asia,2021,Agriculture,Ch4,123.526
Indonesia,Asia,2012,Agriculture,Hfcs,8.177
South Africa,Africa,2022,Buildings,Ch4,3.051
Mexico,North America,2005,Energy,N2O,7.443
Brazil,South America,2010,Waste,Ch4,24.47
United Kingdom,Europe,2021,Waste,N2O,1.452
United States,North America,2003,Transport,N2O,123.526
Canada,North America,2005,Industrial Processes,Co2,6.435
,Europe,2008,Agriculture,Co2,7.128
Indonesia,Asia,2014,Manufacturing,Sf6,4.637
Canada,North America,2000,Manufacturing,Co2,49.243
Indonesia,Asia,2005,Energy,Hfcs,9.614
India,Asia,2013,Industrial Processes,Hfcs,25.726
Japan,Asia,2002,Industrial Processes,Hfcs,3.05
India,Asia,2012,Energy,Sf6,30.456
United Kingdom,Europe,2011,Land Use,Hfcs,0.132
Japan,Asia,2002,Transport,Sf6,2.414
South Africa,Africa,2019,,Ch4,7.128
United Kingdom,Europe,2015,Manufacturing,Ch4,4.704
Brazil,South America,2023,Manufacturing,N2O,7.392
Germany,Europe,2015,Industrial Processes,Co2,5.304
South Africa,Africa,2003,Transport,Ch4,2.796
United Kingdom,Europe,2009,Land Use,N2O,1.173
Japan,Asia,2003,Land Use,Hfcs,0.1
Australia,Oceania,2023,Industrial Processes,Sf6,1.545
Canada,North America,2008,Land Use,Sf6,0.144
Indonesia,Asia,2008,Agriculture,Sf6,1.772
United Kingdom,Europe,2001,Industrial Processes,N2O,0.408
China,Asia,2012,Industrial Processes,Hfcs,123.526
South Africa,Africa,2008,Manufacturing,N2O,7.071
Mexico,North America,2016,Waste,N2O,5.155
South Africa,Africa,2001,Manufacturing,Hfcs,6.614
South Africa,Africa,2020,Agriculture,Sf6,0.726
United Kingdom,Europe,2007,Waste,Sf6,0.105
Japan,Asia,2014,Buildings,N2O,9.746
United States,North America,2006,Waste,Ch4,100.014
South Africa,Africa,2011,Waste,Hfcs,0.268
United States,North America,2004,Energy,Hfcs,58.07
Germany,Europe,2015,Buildings,Sf6,0.85
United States,North America,2001,Land Use,Sf6,1.108
Russia,Europe,2022,Buildings,Sf6,1.374
Mexico,North America,2015,Energy,Co2,112.774
Japan,Asia,2000,Waste,Ch4,22.261
Brazil,South America,2015,Manufacturing,Sf6,3.771
Canada,North America,2019,Waste,Ch4,16.142
Mexico,North America,2023,Energy,N2O,8.857
Indonesia,Asia,2012,Energy,N2O,18.052
China,Asia,2007,Agriculture,Co2,121.708
Indonesia,Asia,2009,Waste,Hfcs,0.464
Indonesia,Asia,2012,Land Use,Ch4,41.926
Canada,North America,2002,Buildings,Co2,53.309
South Africa,Africa,2010,Agriculture,N2O,22.835
India,Asia,2009,Transport,Hfcs,25.038
Australia,Oceania,2010,Transport,Sf6,0.921
Germany,Europe,2006,Transport,N2O,14.414
Mexico,North America,2010,Transport,Hfcs,5.46
United States,North America,2023,Land Use,Ch4,20.195
Australia,Oceania,2009,Manufacturing,Ch4,4.482
Indonesia,Asia,2013,Industrial Processes,Hfcs,2.547
Russia,Europe,2002,Waste,Hfcs,0.617
South Korea,Asia,2008,Energy,Ch4,52.791
United States,North America,2019,Buildings,Co2,123.526
France,Europe,2006,Manufacturing,Sf6,0.931
Canada,North America,2015,Agriculture,Hfcs,2.791
Russia,Europe,2001,Buildings,Hfcs,20.212
France,Europe,2013,Manufacturing,Hfcs,1.72
Australia,Oceania,2004,Buildings,Hfcs,4.601
India,Asia,2017,Waste,Sf6,3.701
Mexico,North America,2003,Industrial Processes,Co2,2.124
Germany,Europe,2012,Land Use,Ch4,1.275
Canada,North America,2022,Land Use,Sf6,0.138
Japan,Asia,2000,Land Use,N2O,0.1
France,Europe,2014,Industrial Processes,Sf6,0.502
France,Europe,2015,Transport,Sf6,1.016
South Korea,Asia,2019,Energy,Co2,123.526
Japan,Asia,2003,Land Use,N2O,0.1
South Korea,Asia,2006,Transport,Co2,87.491
Indonesia,Asia,2019,Transport,Ch4,7.998
Australia,Oceania,2019,Energy,Sf6,4.052
South Korea,Asia,2001,Waste,Ch4,11.251
Russia,Europe,2008,Agriculture,Hfcs,8.052
United Kingdom,Europe,2008,Transport,Hfcs,4.027
South Africa,Africa,2003,Buildings,Ch4,2.752
India,Asia,2013,Energy,Sf6,30.361
Canada,North America,2003,Land Use,Co2,5.913
France,Europe,2006,Energy,N2O,4.206
India,Asia,2017,Agriculture,,7.128
China,Asia,2004,Transport,Sf6,17.803
India,Asia,2023,Manufacturing,Hfcs,123.526
,Oceania,2010,Waste,Ch4,7.128
France,Europe,2007,Buildings,N2O,6.24
Japan,Asia,2012,Land Use,N2O,0.1
India,Asia,2014,Industrial Processes,Sf6,17.602
Germany,Europe,2014,Agriculture,Co2,5.059
Mexico,North America,2008,Buildings,N2O,4.412
South Korea,Asia,2009,Buildings,Ch4,10.072
India,Asia,2005,Industrial Processes,N2O,8.112
United States,North America,2019,Buildings,Sf6,6.358
United Kingdom,Europe,2004,Waste,Co2,2.545
United Kingdom,Europe,2009,Energy,Co2,66.945
South Korea,Asia,2006,Energy,Co2,123.526
Russia,Europe,2012,Agriculture,Ch4,107.723
Canada,North America,2004,Buildings,Hfcs,12.633
France,Europe,2012,Buildings,Hfcs,8.624
Mexico,North America,2013,Waste,Hfcs,0.259
France,Europe,2020,Industrial Processes,Ch4,0.142
France,Europe,2002,Transport,Sf6,1.25
South Korea,Asia,2022,Agriculture,Co2,4.433
Australia,Oceania,2013,Transport,Sf6,0.892
South Africa,Africa,2004,Waste,Co2,4.825
Mexico,North America,2022,Industrial Processes,Ch4,0.301
South Africa,Africa,2007,Manufacturing,Sf6,3.686
Indonesia,Asia,2022,Industrial Processes,Hfcs,3.268
Australia,Oceania,2019,Buildings,Co2,23.294
India,Asia,2009,Land Use,Co2,53.871
Japan,Asia,2011,Industrial Processes,Hfcs,2.504
Mexico,North America,2006,Agriculture,Ch4,38.149
Canada,North America,2001,Energy,Co2,123.526
France,Europe,2011,Energy,Ch4,15.552
Canada,North America,2003,Industrial Processes,Hfcs,3.853
France,Europe,2010,Energy,Hfcs,2.463
United States,North America,2012,Agriculture,Sf6,4.427
Mexico,North America,2017,Agriculture,Hfcs,3.357
Russia,Europe,2010,,Sf6,7.128
Russia,Europe,2012,Manufacturing,Co2,123.526
South Africa,Africa,2008,Land Use,N2O,3.569
United States,North America,2018,Transport,Hfcs,57.033
India,Asia,2004,Manufacturing,Co2,123.526
South Africa,Africa,2020,Waste,Hfcs,0.262
South Korea,Asia,2008,Buildings,Co2,43.918
United Kingdom,Europe,2003,Industrial Processes,Co2,1.808
Russia,Europe,2020,Buildings,Hfcs,18.121
Indonesia,Asia,2011,Industrial Processes,N2O,1.017
Japan,Asia,2020,Agriculture,N2O,11.06
France,Europe,2016,Manufacturing,Ch4,1.553
Indonesia,Asia,2013,Buildings,N2O,1.117
United States,North America,2012,Agriculture,Hfcs,19.362
United Kingdom,Europe,2003,Transport,Hfcs,4.12
Mexico,North America,2007,Buildings,Co2,28.59
Japan,Asia,2011,Manufacturing,N2O,23.301
Australia,Oceania,2010,Buildings,Co2,21.188
South Africa,Africa,2006,Transport,Ch4,3.002
Germany,Europe,2006,Waste,Ch4,18.274
Mexico,North America,2008,Manufacturing,Co2,44.281
South Africa,Africa,2023,Transport,Sf6,0.607
Canada,North America,2015,Manufacturing,N2O,6.699
China,Asia,2007,Buildings,Sf6,10.908
Russia,Europe,2000,Energy,Sf6,16.759
Mexico,North America,2023,Industrial Processes,Sf6,0.896
Brazil,South America,2001,Energy,Co2,110.639
France,Europe,2018,Industrial Processes,Ch4,0.154
South Africa,Africa,2020,Buildings,Sf6,0.205
Indonesia,Asia,2002,Energy,Ch4,62.002
South Africa,Africa,2016,Industrial Processes,Hfcs,1.401
South Africa,Africa,2011,Agriculture,N2O,20.589
United Kingdom,Europe,2000,Buildings,Hfcs,11.124
Indonesia,Asia,2020,Buildings,Ch4,1.777
Brazil,South America,2002,Waste,Hfcs,0.384
United Kingdom,Europe,2001,Waste,Hfcs,0.136
Australia,Oceania,2020,Industrial Processes,Hfcs,2.335
United States,North America,2008,Land Use,Co2,41.316
United Kingdom,Europe,2021,Manufacturing,Hfcs,3.555
Japan,Asia,2005,Waste,Co2,6.808
China,Asia,2014,Transport,Hfcs,92.813
Indonesia,Asia,2006,Industrial Processes,N2O,0.924
France,Europe,2005,Agriculture,Sf6,0.659
Canada,North America,2020,Land Use,Co2,5.408
Canada,North America,2020,Manufacturing,Ch4,6.601
France,Europe,2002,Waste,N2O,2.098
Australia,Oceania,2007,Waste,Hfcs,0.195
India,Asia,2001,Waste,Sf6,2.253
Russia,Europe,2006,Transport,Hfcs,11.795
China,Asia,2012,Transport,N2O,123.526
France,Europe,2002,Energy,N2O,4.841
South Korea,Asia,2005,Buildings,Hfcs,10.279
China,Asia,2011,Industrial Processes,Ch4,21.517
Indonesia,Asia,2004,Waste,N2O,8.579
South Africa,Africa,2012,Waste,N2O,4.533
South Africa,Africa,2020,Energy,Ch4,50.292
Indonesia,Asia,2001,Energy,N2O,15.199
Mexico,North America,2013,Industrial Processes,N2O,0.541
South Korea,Asia,2013,Waste,Sf6,0.238
China,Asia,2021,Buildings,N2O,123.526
United States,North America,2017,Manufacturing,Co2,123.526
Germany,Europe,2008,Agriculture,Co2,5.809
United States,North America,2013,Industrial Processes,Ch4,2.695
United States,North America,2009,Energy,Hfcs,47.239
Canada,North America,2018,Manufacturing,Hfcs,6.552
Indonesia,Asia,2016,Waste,Hfcs,0.595
Australia,Oceania,2010,Manufacturing,Sf6,2.429
Indonesia,Asia,2001,Manufacturing,Ch4,6.714
Germany,Europe,2010,Energy,Sf6,3.867
South Africa,Africa,2018,Waste,Ch4,15.649
South Korea,Asia,2020,Manufacturing,Co2,123.526
Australia,Oceania,2015,Transport,Ch4,4.629
Canada,North America,2021,Waste,Hfcs,0.282
United States,North America,2014,Waste,N2O,28.374
Indonesia,Asia,2017,Manufacturing,N2O,10.023
Australia,Oceania,2013,Energy,Sf6,4.407
United States,North America,2015,Energy,N2O,86.271
Japan,Asia,2001,Buildings,Ch4,18.661
France,Europe,2014,Transport,Sf6,1.032
United Kingdom,Europe,2021,Buildings,Sf6,0.442
Germany,Europe,2019,Buildings,N2O,7.199
Germany,Europe,2003,Buildings,Sf6,1.108
Indonesia,Asia,2004,Industrial Processes,N2O,0.911
United States,North America,2002,Industrial Processes,Hfcs,14.039
Brazil,South America,2011,Buildings,Co2,6.176
China,Asia,2018,Agriculture,N2O,123.526
United Kingdom,Europe,2019,Energy,N2O,4.637
United States,North America,2020,Transport,Sf6,12.563
United States,North America,2007,Agriculture,Hfcs,18.925
Russia,Europe,2008,Transport,N2O,28.421
United Kingdom,Europe,2021,Manufacturing,Ch4,3.697
China,Asia,2013,Buildings,N2O,117.426
India,Asia,2004,Industrial Processes,Sf6,12.786
,Asia,2022,Buildings,Hfcs,7.128
Brazil,South America,2010,Manufacturing,Sf6,3.312
Russia,Europe,2008,Transport,Ch4,14.452
India,Asia,2005,Energy,N2O,62.546
Indonesia,Asia,2016,Agriculture,Ch4,123.526
South Africa,Africa,2005,Manufacturing,N2O,6.773
Japan,Asia,2002,Buildings,Ch4,17.525
Russia,Europe,2001,Manufacturing,Co2,123.526
Indonesia,Asia,2007,Transport,N2O,10.593
South Africa,Africa,2011,Buildings,Co2,11.692
United Kingdom,Europe,2009,Industrial Processes,Co2,1.602
Japan,Asia,2019,Industrial Processes,Co2,4.278
Russia,Europe,2002,Land Use,Ch4,8.334
Indonesia,Asia,2000,Land Use,N2O,58.798
United Kingdom,Europe,2005,Agriculture,Hfcs,1.656
Russia,Europe,2013,Energy,Sf6,17.998
China,Asia,2002,Manufacturing,Sf6,123.526
France,Europe,2016,Manufacturing,Hfcs,1.553
China,Asia,2004,Transport,Hfcs,65.034
United States,North America,2009,Land Use,Co2,43.638
Mexico,North America,2013,Waste,Ch4,15.182
China,Asia,2018,Waste,Sf6,10.33
United Kingdom,Europe,2019,Manufacturing,N2O,3.902
France,Europe,2011,Land Use,N2O,1.188
Mexico,North America,2002,Waste,Sf6,0.253
United Kingdom,Europe,2023,Industrial Processes,Hfcs,0.609
Australia,Oceania,2018,Land Use,Hfcs,0.645
United Kingdom,Europe,2018,Manufacturing,N2O,3.941
Australia,Oceania,2014,Manufacturing,Ch4,5.172
Mexico,North America,2022,Agriculture,N2O,23.157
Canada,North America,2021,Energy,Hfcs,7.632
United Kingdom,Europe,2006,Waste,Sf6,0.11
South Africa,Africa,2014,Energy,Sf6,5.171
China,Asia,2011,Waste,Hfcs,7.357
South Korea,Asia,2009,Industrial Processes,Sf6,2.091
Canada,North America,2020,Energy,Sf6,4.314
Canada,North America,2002,Manufacturing,Hfcs,7.852
South Africa,Africa,2003,Agriculture,Co2,6.434
Canada,North America,2010,Industrial Processes,Sf6,2.168
Russia,Europe,2008,Transport,Hfcs,10.828
South Africa,Africa,2016,Energy,Sf6,4.741
South Korea,Asia,2015,Buildings,Co2,51.008
South Korea,Asia,2009,Transport,N2O,10.339
Canada,North America,2017,,Sf6,7.128
Germany,Europe,2006,Buildings,Ch4,14.707
India,Asia,2012,Agriculture,N2O,123.526
India,Asia,2005,Transport,Hfcs,24.701
South Africa,Africa,2001,Manufacturing,Co2,43.027
United States,North America,2011,Agriculture,Ch4,123.526
Brazil,South America,2000,Agriculture,Hfcs,11.869
India,Asia,2009,Industrial Processes,Sf6,13.26
United Kingdom,Europe,2006,Energy,Ch4,23.351
United Kingdom,Europe,2000,Manufacturing,Hfcs,6.524
Australia,Oceania,2004,Waste,Ch4,12.387
South Korea,Asia,2009,Land Use,N2O,2.536
France,Europe,2000,Energy,Ch4,21.638
Germany,Europe,2018,Buildings,Co2,49.961
South Korea,Asia,2013,Industrial Processes,Sf6,2.235
France,Europe,2019,Manufacturing,N2O,1.411
Mexico,North America,2017,Transport,Co2,101.309
Russia,Europe,2005,Transport,N2O,25.444
Japan,Asia,2011,Waste,N2O,5.646
Russia,Europe,2001,Manufacturing,N2O,36.373
China,Asia,2008,Industrial Processes,N2O,41.621
Mexico,North America,2001,Transport,Co2,94.447
,Asia,2021,Energy,Co2,7.128
Germany,Europe,2019,Land Use,Co2,2.047
China,Asia,2006,Land Use,Hfcs,21.584
Russia,Europe,2003,Energy,Co2,123.526
Brazil,South America,2020,Industrial Processes,Co2,4.256
South Africa,Africa,2013,Land Use,Sf6,0.108
,Europe,2020,Waste,Co2,7.128
South Africa,Africa,2002,Manufacturing,N2O,7.113
Russia,Europe,2023,Industrial Processes,Hfcs,4.99
Canada,North America,2010,Land Use,Co2,5.953
Russia,Europe,2003,Manufacturing,Co2,123.526
Indonesia,Asia,2012,Land Use,N2O,78.411
Russia,Europe,2015,Buildings,Ch4,21.047
United States,North America,2010,Transport,Hfcs,57.66
Canada,North America,2003,Agriculture,Hfcs,3.088
Canada,North America,2022,Agriculture,Sf6,0.644
Germany,Europe,2011,Waste,Hfcs,0.27
Japan,Asia,2014,Agriculture,Ch4,21.749
United Kingdom,Europe,2017,Transport,Sf6,0.717
France,Europe,2002,Manufacturing,Ch4,2.003
Germany,Europe,2019,Industrial Processes,Hfcs,2.835
India,Asia,2019,Land Use,Sf6,1.858
China,Asia,2020,Waste,Hfcs,10.576
France,Europe,2022,Manufacturing,Co2,8.569
Germany,Europe,2002,Agriculture,Ch4,36.092
United Kingdom,Europe,2016,Agriculture,N2O,8.341
Brazil,South America,2002,Energy,Hfcs,4.556
United Kingdom,Europe,2002,,Ch4,7.128
China,Asia,2000,Manufacturing,Sf6,120.825
South Africa,Africa,2018,Manufacturing,Co2,50.66
Japan,Asia,2022,Industrial Processes,Sf6,1.302
France,Europe,2022,Waste,N2O,1.566
South Korea,Asia,2006,Land Use,Hfcs,0.264
Brazil,South America,2011,Agriculture,Co2,29.457
Germany,Europe,2000,Buildings,Co2,70.583
China,Asia,2009,Waste,N2O,114.198
Indonesia,Asia,2006,Manufacturing,Ch4,6.98
France,Europe,2000,Manufacturing,Co2,14.526
South Korea,Asia,2009,Transport,Sf6,1.053
United States,North America,2014,Agriculture,Sf6,4.626
Germany,Europe,2007,Energy,Hfcs,5.633
Mexico,North America,2001,Manufacturing,Co2,44.683
India,Asia,2012,Industrial Processes,Sf6,14.988
United Kingdom,Europe,2022,Buildings,Sf6,0.459
United States,North America,2006,Manufacturing,N2O,69.744
United Kingdom,Europe,2000,Land Use,Sf6,0.1
South Africa,Africa,2002,Manufacturing,Ch4,6.651
Mexico,North America,2004,Buildings,Sf6,0.446
India,Asia,2014,Energy,Hfcs,44.915
United States,North America,2004,Energy,Ch4,123.526
India,Asia,2009,Transport,Ch4,33.756
Canada,North America,2010,Agriculture,Sf6,0.712
Mexico,North America,2007,Waste,Co2,5.392
,Asia,2016,Buildings,Hfcs,7.128
Canada,North America,2012,Transport,Co2,123.526
France,Europe,2004,Transport,N2O,11.634
United Kingdom,Europe,2000,Transport,Co2,97.702
Indonesia,Asia,2000,Transport,Sf6,0.989
France,Europe,2005,Energy,Ch4,18.138
Indonesia,Asia,2016,Industrial Processes,Co2,5.301
Mexico,North America,2011,Waste,Sf6,0.25
Brazil,South America,2005,Waste,N2O,7.21
Germany,Europe,2000,Energy,Sf6,4.54
Mexico,North America,2001,Industrial Processes,N2O,0.495
Indonesia,Asia,2022,Manufacturing,Ch4,10.334
India,Asia,2013,Land Use,Ch4,35.281
Canada,North America,2020,Buildings,Ch4,12.591
Mexico,North America,2017,Energy,N2O,8.586
South Africa,Africa,2008,Manufacturing,Co2,48.641
Australia,Oceania,2000,Land Use,Sf6,0.139
Australia,Oceania,2014,Agriculture,N2O,22.96
Canada,North America,2000,Industrial Processes,Ch4,0.79
United States,North America,2013,Agriculture,Ch4,123.526
Brazil,South America,2008,Land Use,Hfcs,9.661
Germany,Europe,2009,Energy,N2O,8.841
France,Europe,2022,Agriculture,N2O,14.053
Germany,Europe,2012,Manufacturing,Hfcs,12.321
France,Europe,2012,Agriculture,N2O,18.689
South Africa,Africa,2012,Transport,Sf6,0.62
South Africa,Africa,2012,Industrial Processes,Co2,2.369
Indonesia,Asia,2006,Buildings,N2O,0.96
Brazil,South America,2004,Buildings,N2O,0.858
Mexico,North America,2022,Manufacturing,Co2,54.953
Germany,Europe,2014,Agriculture,Ch4,27.477
United Kingdom,Europe,2001,Manufacturing,Sf6,3.227
China,Asia,2022,Buildings,N2O,123.526
Australia,Oceania,2000,Agriculture,Sf6,0.784
South Korea,Asia,2011,Energy,Ch4,54.702
France,Europe,2001,Energy,Ch4,18.873
Mexico,North America,2003,Waste,Hfcs,0.25
China,Asia,2005,Manufacturing,Hfcs,123.526
Germany,Europe,2021,Waste,Hfcs,0.229
South Africa,Africa,2021,Buildings,Co2,12.57
South Africa,Africa,2021,Manufacturing,Hfcs,7.762
Brazil,South America,2007,Agriculture,Hfcs,11.226
China,Asia,2018,Manufacturing,Ch4,123.526
South Africa,Africa,2000,Energy,Hfcs,7.194
China,Asia,2008,Transport,N2O,123.526
United States,North America,2001,Agriculture,Co2,51.075
South Africa,Africa,2001,Waste,Ch4,14.592
United States,North America,2014,Agriculture,Hfcs,18.082
Australia,Oceania,2005,Transport,Ch4,4.86
Mexico,North America,2007,Industrial Processes,N2O,0.513
United States,North America,2020,Industrial Processes,Sf6,6.311
Canada,North America,2004,Waste,Ch4,16.883
United Kingdom,Europe,2022,Buildings,N2O,4.551
Brazil,South America,2002,Buildings,Co2,5.448
Indonesia,Asia,2004,Industrial Processes,Ch4,0.412
Japan,Asia,2002,Buildings,N2O,11.008
South Africa,Africa,2011,Buildings,Sf6,0.203
Canada,North America,2013,Manufacturing,Hfcs,7.275
France,Europe,2021,Energy,Hfcs,2.121
United Kingdom,Europe,2013,Land Use,Hfcs,0.12
Russia,Europe,2016,Waste,Ch4,32.02
Canada,North America,2001,Manufacturing,,7.128
Japan,Asia,2015,Buildings,Ch4,14.561
Indonesia,Asia,2020,Waste,N2O,11.481
Mexico,North America,2017,Land Use,Co2,7.19
China,Asia,2001,Transport,N2O,123.526
Indonesia,Asia,2018,Industrial Processes,Sf6,1.838
China,Asia,2022,Waste,,7.128
,Europe,2012,Industrial Processes,Sf6,7.128
Australia,Oceania,2003,Energy,Ch4,41.344
Brazil,South America,2020,Energy,N2O,8.387
India,Asia,2021,Industrial Processes,Hfcs,40.367
Canada,North America,2006,Land Use,Ch4,2.79
China,Asia,2015,Transport,Hfcs,108.116
South Korea,Asia,2004,Waste,Co2,4.453
Germany,Europe,2023,Land Use,Ch4,1.078
Russia,Europe,2010,Manufacturing,Co2,123.526
Indonesia,Asia,2023,Agriculture,Ch4,123.526
Australia,Oceania,2022,Manufacturing,Hfcs,4.835
India,Asia,2022,Buildings,Co2,123.526
Mexico,North America,2005,Industrial Processes,Hfcs,1.304
France,Europe,2000,Transport,Sf6,1.278
United States,North America,2012,Transport,Sf6,15.328
Indonesia,Asia,2011,Agriculture,Sf6,1.786
China,Asia,2004,Waste,Hfcs,5.877
Russia,Europe,2011,Land Use,Ch4,7.647
South Africa,Africa,2004,Industrial Processes,,7.128
South Korea,Asia,2018,Energy,Hfcs,8.977
France,Europe,2023,Energy,N2O,3.35
Mexico,North America,2013,Land Use,Hfcs,0.618
India,Asia,2003,Agriculture,Sf6,8.196
France,Europe,2002,Buildings,Ch4,10.145
South Africa,Africa,2001,Transport,Co2,49.952
United States,North America,2007,Buildings,,7.128
South Korea,Asia,2015,Manufacturing,Hfcs,21.037
Canada,North America,2000,Land Use,Co2,5.796
Canada,North America,2014,Energy,Sf6,4.665
,South America,2003,Land Use,N2O,7.128
Australia,Oceania,2020,Buildings,Sf6,0.356
,South America,2008,Transport,Ch4,7.128
United States,North America,2002,Buildings,Ch4,123.526
France,Europe,2007,Buildings,Co2,42.817
Russia,Europe,2004,Transport,Co2,123.526
France,Europe,2015,Agriculture,N2O,18.497
India,Asia,2006,Buildings,Hfcs,52.51
Canada,North America,2019,Industrial Processes,Hfcs,3.566
Indonesia,Asia,2016,Buildings,Co2,6.872
China,Asia,2009,Agriculture,Hfcs,55.084
Indonesia,Asia,2009,Waste,Ch4,29.436
South Korea,Asia,2001,Transport,Sf6,1.063
China,Asia,2022,Energy,Sf6,123.526
Russia,Europe,2002,Industrial Processes,Ch4,0.94
South Korea,Asia,2023,Waste,N2O,5.23
Australia,Oceania,2009,Industrial Processes,Ch4,0.448
South Africa,Africa,2006,Energy,Sf6,4.968
South Africa,Africa,2017,Waste,Co2,5.339
United Kingdom,Europe,2012,Transport,N2O,8.21
Indonesia,Asia,2018,Waste,Sf6,0.586
Indonesia,Asia,2003,Land Use,N2O,57.729
China,Asia,2007,Transport,Ch4,98.152
United States,North America,2013,Energy,N2O,84.842
Germany,Europe,2015,Energy,N2O,8.472
India,Asia,2012,Transport,Ch4,36.219
United States,North America,2002,Agriculture,Hfcs,22.182
United Kingdom,Europe,2014,Agriculture,Co2,3.167
France,Europe,2010,Manufacturing,Ch4,1.874
South Korea,Asia,2016,Land Use,Ch4,1.531
South Africa,Africa,2014,Agriculture,Sf6,0.694
Indonesia,Asia,2011,Land Use,Ch4,39.673
Germany,Europe,2002,Energy,Ch4,45.363
Mexico,North America,2005,Agriculture,N2O,21.239
South Africa,Africa,2003,Agriculture,N2O,21.883
Russia,Europe,2012,Transport,Ch4,13.125
Brazil,South America,2000,Land Use,N2O,84.615
South Africa,Africa,2012,Industrial Processes,Sf6,0.746
Brazil,South America,2023,Agriculture,Co2,33.936
Japan,Asia,2006,Buildings,Ch4,17.874
Mexico,North America,2014,Agriculture,Sf6,0.716
Indonesia,Asia,2004,Energy,Sf6,6.624
India,Asia,2013,Energy,N2O,79.845
Indonesia,Asia,2004,Transport,Sf6,1.086
France,Europe,2005,Industrial Processes,Hfcs,0.999
United States,North America,2015,Manufacturing,Co2,123.526
Russia,Europe,2014,Buildings,Ch4,19.027
United States,North America,2009,Industrial Processes,Hfcs,12.421
Japan,Asia,2017,Waste,Hfcs,0.282
China,Asia,2000,Waste,N2O,90.205
Brazil,South America,2015,Waste,Sf6,0.41
Russia,Europe,2012,Transport,Sf6,2.785
France,Europe,2000,Manufacturing,N2O,2.235
Indonesia,Asia,2023,Land Use,Sf6,2.905
Brazil,South America,2003,Energy,Hfcs,5.372
United States,North America,2001,Industrial Processes,Sf6,8.647
Germany,Europe,2011,Buildings,Hfcs,12.729
France,Europe,2013,Transport,N2O,10.045
Japan,Asia,2004,Buildings,Sf6,1.153
South Korea,Asia,2018,Industrial Processes,N2O,1.57
Russia,Europe,2003,Agriculture,Ch4,105.309
Indonesia,Asia,2001,Transport,Co2,75.74
Russia,Europe,2011,Industrial Processes,Co2,8.118
Australia,Oceania,2002,Industrial Processes,Sf6,1.504
Russia,Europe,2010,Agriculture,,7.128
Germany,Europe,2001,Manufacturing,Hfcs,15.781
Japan,Asia,2001,Agriculture,Ch4,25.589
China,Asia,2018,Manufacturing,Co2,123.526
India,Asia,2017,Buildings,N2O,55.934
South Africa,Africa,2013,Energy,Co2,123.526
Indonesia,Asia,2019,Land Use,Co2,104.188
,Asia,2007,Manufacturing,Hfcs,7.128
Germany,Europe,2013,Buildings,N2O,8.715
China,Asia,2009,Waste,Co2,123.526
Russia,Europe,2003,Industrial Processes,Co2,8.6
Germany,Europe,2022,Waste,Ch4,11.7
Japan,Asia,2021,Transport,Ch4,8.952
China,Asia,2007,Land Use,Ch4,98.174
,Asia,2007,Buildings,N2O,7.128
Australia,Oceania,2003,Buildings,Ch4,5.584
Russia,Europe,2012,Manufacturing,Hfcs,32.438
China,Asia,2023,Transport,N2O,123.526
Canada,North America,2008,Waste,Co2,5.857
United Kingdom,Europe,2002,Manufacturing,Ch4,5.731
Indonesia,Asia,2001,Transport,,7.128
Brazil,South America,2018,Energy,N2O,9.533
Indonesia,Asia,2013,Waste,N2O,10.683
United Kingdom,Europe,2019,Land Use,Hfcs,0.112
France,Europe,2003,Agriculture,Co2,7.417
Brazil,South America,2014,Waste,N2O,7.801
Germany,Europe,2004,Agriculture,Hfcs,2.526
Canada,North America,2007,Energy,Ch4,48.149
Australia,Oceania,2001,Waste,Sf6,0.208
Indonesia,Asia,2002,Energy,Hfcs,9.257
Canada,North America,2014,Waste,Ch4,17.674
Russia,Europe,2012,Waste,N2O,10.513
France,Europe,2011,Waste,Hfcs,0.109
China,Asia,2008,Land Use,,7.128
South Korea,Asia,2007,Transport,Co2,85.41
United Kingdom,Europe,2014,Buildings,Sf6,0.583
Australia,Oceania,2002,Land Use,Hfcs,0.571
India,Asia,2004,Transport,N2O,57.639
Brazil,South America,2021,Agriculture,Ch4,123.526
United States,North America,2023,Transport,Sf6,14.382
United Kingdom,Europe,2020,Buildings,Co2,24.44
India,Asia,2002,Manufacturing,Sf6,34.628
United States,North America,2013,Agriculture,Hfcs,17.66
China,Asia,2000,Agriculture,Sf6,9.491
Japan,Asia,2014,Manufacturing,Ch4,22.568
United Kingdom,Europe,2023,Buildings,Co2,24.018
China,Asia,2013,Agriculture,Hfcs,67.194
Mexico,North America,2018,Energy,Hfcs,5.436
Russia,Europe,2016,Waste,N2O,10.268
Indonesia,Asia,2021,Buildings,Co2,8.134
India,Asia,2007,Land Use,N2O,49.77
South Korea,Asia,2005,Transport,Ch4,5.342
Germany,Europe,2000,Manufacturing,Co2,96.958
Mexico,North America,2019,Manufacturing,N2O,7.92
Canada,North America,2019,Manufacturing,Co2,41.331
Canada,North America,2007,Manufacturing,Sf6,3.764
Germany,Europe,2021,Industrial Processes,Ch4,0.553
South Korea,Asia,2007,Manufacturing,Co2,123.526
Japan,Asia,2022,Industrial Processes,Co2,4.009
Australia,Oceania,2009,Industrial Processes,Hfcs,2.483
Australia,Oceania,2006,Manufacturing,N2O,5.124
United States,North America,2015,Land Use,Hfcs,3.867
United States,North America,2001,Transport,Ch4,85.718
Mexico,North America,2000,Energy,N2O,6.877
South Africa,Africa,2013,Waste,Co2,5.022
United Kingdom,Europe,2003,Industrial Processes,N2O,0.45
China,Asia,2009,Energy,Co2,123.526
Germany,Europe,2003,Waste,Sf6,0.262
India,Asia,2014,Land Use,N2O,58.995
China,Asia,2001,Industrial Processes,Sf6,43.924
Russia,Europe,2021,Energy,Ch4,123.526
Australia,Oceania,2000,Land Use,Co2,6.429
China,Asia,2010,Agriculture,Co2,123.526
Japan,Asia,2015,Waste,Co2,6.081
Brazil,South America,2012,Waste,Ch4,25.598
United Kingdom,Europe,2002,Energy,Hfcs,3.777
France,Europe,2017,Energy,Hfcs,2.194
Germany,Europe,2007,Transport,N2O,14.881
South Africa,Africa,2004,Waste,Sf6,0.264
India,Asia,2019,Buildings,Ch4,97.757
United States,North America,2018,Land Use,Sf6,0.931
South Africa,Africa,2014,Industrial Processes,N2O,0.507
India,Asia,2011,Land Use,Co2,60.088
Mexico,North America,2006,Waste,N2O,4.769
Japan,Asia,2005,Manufacturing,Co2,123.526
China,Asia,2002,Buildings,Ch4,123.526
Japan,Asia,2013,Transport,Hfcs,8.126
South Africa,Africa,2019,Industrial Processes,Ch4,0.282
Brazil,South America,2004,Waste,Co2,7.245
Brazil,South America,2014,Manufacturing,Hfcs,6.999
France,Europe,2022,Buildings,Hfcs,6.912
United Kingdom,Europe,2013,Transport,N2O,8.886
India,Asia,2021,Transport,Sf6,10.796
China,Asia,2007,Energy,Co2,123.526
France,Europe,2009,Waste,Sf6,0.109
Australia,Oceania,2015,Buildings,Sf6,0.379
Germany,Europe,2005,Transport,Co2,114.359
South Korea,Asia,2008,Energy,Co2,123.526
Canada,North America,2020,Industrial Processes,Sf6,1.987
Canada,North America,2015,Buildings,Ch4,12.314
India,Asia,2002,Waste,Co2,43.265
Germany,Europe,2014,Energy,Sf6,3.901
South Korea,Asia,2014,Buildings,N2O,8.337
Brazil,South America,2009,Industrial Processes,Hfcs,2.14
United States,North America,2015,Industrial Processes,Hfcs,12.046
India,Asia,2020,Land Use,Sf6,2.073
South Africa,Africa,2023,Transport,Hfcs,2.775
India,Asia,2009,Industrial Processes,Co2,37.976
South Korea,Asia,2017,Buildings,N2O,8.59
India,Asia,2014,Manufacturing,Co2,123.526
Japan,Asia,2000,Manufacturing,Ch4,28.128
Russia,Europe,2003,Waste,Co2,11.652
China,Asia,2011,Manufacturing,Co2,123.526
Russia,Europe,2005,Waste,Co2,11.697
Japan,Asia,2009,Agriculture,Sf6,0.401
Australia,Oceania,2013,Land Use,Sf6,0.162
Germany,Europe,2020,Transport,Sf6,0.941
India,Asia,2011,Transport,Ch4,33.612
Australia,Oceania,2021,Transport,N2O,9.271
South Africa,Africa,2014,Buildings,Hfcs,2.752
Canada,North America,2018,Buildings,Sf6,0.806
Australia,Oceania,2010,Waste,Sf6,0.192
Brazil,South America,2014,Agriculture,Hfcs,12.091
United States,North America,2019,Energy,N2O,85.556
Russia,Europe,2010,Manufacturing,Sf6,18.316
India,Asia,2007,Energy,,7.128
Germany,Europe,2010,Land Use,,7.128
United Kingdom,Europe,2020,Manufacturing,Ch4,3.643
China,Asia,2004,Agriculture,Hfcs,44.747
Mexico,North America,2018,Manufacturing,Sf6,3.929
United States,North America,2020,Industrial Processes,Co2,19.173
South Korea,Asia,2012,Agriculture,Co2,4.082
China,Asia,2000,Land Use,Ch4,75.783
India,Asia,2002,Industrial Processes,Sf6,10.8
Canada,North America,2003,Energy,Sf6,5.51
United States,North America,2007,Transport,N2O,123.526
China,Asia,2009,Industrial Processes,Sf6,62.658
India,Asia,2004,Transport,Co2,123.526
United Kingdom,Europe,2018,Industrial Processes,Hfcs,0.668
Russia,Europe,2003,Manufacturing,Ch4,37.005
Mexico,North America,2008,Transport,Sf6,1.267
Australia,Oceania,2018,Land Use,Sf6,0.152
Australia,Oceania,2004,Agriculture,Co2,7.91
Mexico,North America,2000,Agriculture,N2O,19.631
France,Europe,2021,Land Use,N2O,1.124
Japan,Asia,2003,Land Use,Co2,0.1
South Korea,Asia,2002,Industrial Processes,Sf6,1.933
Japan,Asia,2015,Industrial Processes,Hfcs,2.315
Indonesia,Asia,2004,Waste,Co2,9.023
South Korea,Asia,2009,Waste,Co2,3.866
South Africa,Africa,2006,Waste,Co2,4.637
France,Europe,2002,Industrial Processes,Co2,1.902
,Asia,2010,Manufacturing,Sf6,7.128
Japan,Asia,2010,Manufacturing,N2O,24.305
Mexico,North America,2019,Manufacturing,Ch4,7.592
Indonesia,Asia,2010,Manufacturing,N2O,8.083
Russia,Europe,2020,Buildings,N2O,11.903
Brazil,South America,2007,Agriculture,Ch4,123.526
South Korea,Asia,2015,Agriculture,Co2,4.368
Canada,North America,2018,Land Use,Sf6,0.135
Indonesia,Asia,2020,Manufacturing,Ch4,9.267
Russia,Europe,2014,Land Use,Sf6,0.404
Germany,Europe,2013,Manufacturing,Co2,79.765
Germany,Europe,2008,Waste,Sf6,0.281
United States,North America,2006,Agriculture,Hfcs,21.295
United Kingdom,Europe,2003,Energy,Sf6,2.201
Brazil,South America,2020,Land Use,N2O,84.296
Germany,Europe,2006,Industrial Processes,Sf6,2.199
France,Europe,2014,Manufacturing,Ch4,1.579
Australia,Oceania,2018,Buildings,Ch4,5.269
United States,North America,2009,,Ch4,7.128
Germany,Europe,2021,Industrial Processes,N2O,1.175
Russia,Europe,2012,Manufacturing,Sf6,17.915
South Korea,Asia,2019,Industrial Processes,Hfcs,4.419
South Africa,Africa,2001,Waste,Co2,5.156
Mexico,North America,2014,Agriculture,Hfcs,3.129
Japan,Asia,2019,Energy,Hfcs,11.044
South Africa,Africa,2017,Transport,N2O,5.882
Australia,Oceania,2004,Land Use,Co2,5.896
Russia,Europe,2020,Agriculture,N2O,54.86
Japan,Asia,2022,Buildings,N2O,9.296
South Korea,Asia,2006,Waste,Sf6,0.206
Indonesia,Asia,2002,Waste,Co2,7.829
Japan,Asia,2017,Agriculture,Sf6,0.389
France,Europe,2018,Buildings,Sf6,0.504
Russia,Europe,2009,Transport,Hfcs,10.855
France,Europe,2019,Waste,N2O,1.515
India,Asia,2018,Buildings,Sf6,5.952
India,Asia,2000,Manufacturing,Co2,123.526
United Kingdom,Europe,2007,Buildings,N2O,6.048
Japan,Asia,2009,Agriculture,Hfcs,1.498
Indonesia,Asia,2008,Agriculture,Hfcs,7.307
Indonesia,Asia,2018,Agriculture,Ch4,123.526
Australia,Oceania,2022,Waste,Co2,4.13
Canada,North America,2019,Buildings,N2O,7.692
United States,North America,2011,Manufacturing,Hfcs,63.971
South Korea,Asia,2005,Transport,Sf6,1.102
Canada,North America,2004,Waste,Sf6,0.293
France,Europe,2010,Waste,N2O,1.753
South Africa,Africa,2002,Transport,Sf6,0.543
Canada,North America,2023,Agriculture,N2O,18.681
China,Asia,2008,Manufacturing,Sf6,123.526
Brazil,South America,2004,Land Use,Co2,87.661
India,Asia,2023,Land Use,Sf6,2.42
Canada,North America,2020,Industrial Processes,Ch4,0.6
Indonesia,Asia,2008,Transport,Sf6,1.258
Russia,Europe,2018,Transport,Hfcs,11.335
France,Europe,2019,Energy,Hfcs,1.986
United Kingdom,Europe,2003,Land Use,Hfcs,0.174
India,Asia,2006,Manufacturing,N2O,79.214
Australia,Oceania,2023,Waste,Ch4,11.922
Russia,Europe,2015,Transport,Hfcs,9.904
United States,North America,2012,Land Use,Co2,43.003
Australia,Oceania,2014,Land Use,Co2,6.146
Brazil,South America,2003,Energy,Co2,110.648
South Africa,Africa,2013,Industrial Processes,Sf6,0.799
China,Asia,2002,Buildings,N2O,83.958
Brazil,South America,2015,Manufacturing,N2O,7.472
India,Asia,2004,Waste,Sf6,2.596
Japan,Asia,2010,Waste,Ch4,19.399
Japan,Asia,2012,Energy,Sf6,8.253
France,Europe,2023,Land Use,Ch4,0.686
Japan,Asia,2014,Industrial Processes,Sf6,1.609
India,Asia,2005,Buildings,Co2,123.526
South Africa,Africa,2018,Industrial Processes,Sf6,0.796
United States,North America,2001,Buildings,N2O,82.463
Japan,Asia,2000,Land Use,Co2,0.1
China,Asia,2015,Buildings,Sf6,14.68
Canada,North America,2016,Energy,Sf6,4.83
Brazil,South America,2010,Industrial Processes,Ch4,0.467
India,Asia,2002,Buildings,Co2,123.526
,North America,2018,Land Use,N2O,7.128
India,Asia,2001,Buildings,Sf6,3.069
Mexico,North America,2023,Energy,Co2,123.526
South Korea,Asia,2016,Manufacturing,Ch4,24.725
Japan,Asia,2017,Land Use,Hfcs,0.1
South Africa,Africa,2014,Transport,Co2,52.704
,Africa,2010,Manufacturing,Ch4,7.128
India,Asia,2002,Energy,N2O,55.902
France,Europe,2020,Land Use,Ch4,0.515
India,Asia,2009,Land Use,N2O,47.033
Russia,Europe,2002,Land Use,Hfcs,1.564
France,Europe,2020,Manufacturing,Hfcs,1.299
South Africa,Africa,2023,Agriculture,Co2,7.989
China,Asia,2000,Transport,Hfcs,60.971
Japan,Asia,2003,Energy,Hfcs,14.734
South Africa,Africa,2002,Industrial Processes,Ch4,0.23
India,Asia,2014,Manufacturing,Hfcs,109.822
Germany,Europe,2008,Buildings,Sf6,0.897
United Kingdom,Europe,2014,Energy,Hfcs,2.606
United Kingdom,Europe,2012,Industrial Processes,Sf6,0.518
Russia,Europe,2008,Buildings,Ch4,19.39
South Africa,Africa,2007,Energy,Sf6,5.113
Australia,Oceania,2008,Energy,Ch4,40.771
Canada,North America,2000,Agriculture,Co2,7.452
Indonesia,Asia,2005,Buildings,Ch4,1.344
Russia,Europe,2019,Agriculture,Ch4,102.199
Indonesia,Asia,2021,Agriculture,Ch4,123.526
Indonesia,Asia,2009,Industrial Processes,Ch4,0.498
United Kingdom,Europe,2006,Agriculture,Hfcs,1.565
Japan,Asia,2014,Agriculture,N2O,12.028
Australia,Oceania,2007,Transport,Co2,74.116
India,Asia,2023,Manufacturing,Ch4,123.526
Japan,Asia,2011,Buildings,Hfcs,13.662
China,Asia,2004,Buildings,Ch4,123.526
Australia,Oceania,2004,Waste,Co2,3.904
United Kingdom,Europe,2007,Manufacturing,Hfcs,5.556
United Kingdom,Europe,2012,Industrial Processes,Co2,1.416
United Kingdom,Europe,2008,Buildings,Co2,40.115
India,Asia,2005,Energy,Sf6,25.082
Japan,Asia,2013,Industrial Processes,N2O,1.104
Brazil,South America,2014,Buildings,Ch4,1.544
Indonesia,Asia,2012,Manufacturing,N2O,9.071
Germany,Europe,2011,Buildings,Sf6,0.944
France,Europe,2020,Energy,Co2,47.598
Brazil,South America,2023,Land Use,Sf6,2.857
Indonesia,Asia,2015,Buildings,Ch4,1.866
Indonesia,Asia,2016,Agriculture,N2O,59.403
Brazil,South America,2014,Land Use,Ch4,50.457
Japan,Asia,2001,Land Use,Ch4,0.1
United States,North America,2003,Transport,Ch4,82.984
India,Asia,2022,Transport,N2O,98.79
South Africa,Africa,2000,Industrial Processes,Ch4,0.224
Mexico,North America,2008,Waste,Hfcs,0.255
United States,North America,2019,Energy,Co2,123.526
China,Asia,2020,Industrial Processes,Ch4,32.595
Mexico,North America,2007,Land Use,Ch4,3.247
India,Asia,2023,Industrial Processes,Ch4,7.718
United States,North America,2023,Buildings,Sf6,6.434
,South America,2009,Land Use,Ch4,7.128
India,Asia,2000,Land Use,Hfcs,4.358
Brazil,South America,2023,Buildings,N2O,1.06
France,Europe,2009,Transport,Co2,76.79
Canada,North America,2000,Industrial Processes,,7.128
India,Asia,2010,Waste,Hfcs,3.007
Mexico,North America,2006,Energy,N2O,8.137
Canada,North America,2001,Land Use,Sf6,0.148
India,Asia,2010,Agriculture,Sf6,9.265
Canada,North America,2002,Land Use,Ch4,2.775
Australia,Oceania,2015,,Hfcs,7.128
France,Europe,2007,Land Use,N2O,1.312
China,Asia,2017,Waste,Hfcs,9.357
South Korea,Asia,2020,Transport,Hfcs,4.847
China,Asia,2019,Agriculture,N2O,123.526
United Kingdom,Europe,2010,Land Use,Ch4,0.753
Indonesia,Asia,2001,Manufacturing,Co2,40.263
China,Asia,2007,Energy,Sf6,79.945
India,Asia,2002,Transport,Sf6,5.239
Germany,Europe,2022,Land Use,Co2,2.0
Australia,Oceania,2004,Transport,Co2,76.542
South Africa,Africa,2003,Transport,Hfcs,2.508
United Kingdom,Europe,2009,Buildings,Co2,33.551
United States,North America,2019,Waste,N2O,25.739
,Asia,2023,Waste,Co2,7.128
Russia,Europe,2023,Land Use,Hfcs,1.466
Japan,Asia,2016,Waste,Co2,5.941
United Kingdom,Europe,2019,Land Use,Ch4,0.56
Canada,North America,2005,Waste,Co2,6.098
Indonesia,Asia,2007,Manufacturing,Hfcs,7.92
Brazil,South America,2015,Industrial Processes,Hfcs,2.512
France,Europe,2005,Transport,Ch4,5.834
India,Asia,2016,Waste,Sf6,3.766
Germany,Europe,2005,Transport,Ch4,7.035
France,Europe,2005,Land Use,N2O,1.411
South Korea,Asia,2007,Buildings,Hfcs,9.647
Japan,Asia,2008,Industrial Processes,Co2,4.747
South Korea,Asia,2014,Agriculture,Sf6,0.395
France,Europe,2020,Buildings,Sf6,0.472
Brazil,South America,2013,Manufacturing,Hfcs,7.239
Australia,Oceania,2005,Land Use,N2O,5.448
Russia,Europe,2010,Transport,Hfcs,11.567
Germany,Europe,2015,Energy,Ch4,37.327
Germany,Europe,2020,Manufacturing,Sf6,5.142
Brazil,South America,2008,Buildings,Ch4,1.49
Mexico,North America,2016,Transport,Ch4,6.399
United Kingdom,Europe,2015,Land Use,Sf6,0.1
United States,North America,2003,Waste,N2O,32.737
United Kingdom,Europe,2000,Energy,Ch4,26.299
France,Europe,2014,Waste,N2O,1.716
United Kingdom,Europe,2016,Energy,Hfcs,2.448
,North America,2009,Energy,N2O,7.128
Mexico,North America,2017,Energy,Ch4,34.616
Canada,North America,2017,Buildings,N2O,8.12
India,Asia,2019,Buildings,Sf6,6.318
Brazil,South America,2012,Manufacturing,Sf6,3.308
Brazil,South America,2005,Land Use,Co2,86.364
Australia,Oceania,2012,Transport,Co2,79.196
Indonesia,Asia,2020,Industrial Processes,Sf6,1.818
Brazil,South America,2014,Waste,Co2,7.5
Mexico,North America,2000,Transport,Co2,87.906
United Kingdom,Europe,2003,Land Use,Co2,1.627
United Kingdom,Europe,2007,Manufacturing,Sf6,2.445
Indonesia,Asia,2001,Agriculture,N2O,41.354
Japan,Asia,2006,Manufacturing,Hfcs,24.784
Russia,Europe,2020,Industrial Processes,N2O,1.634
South Korea,Asia,2014,Manufacturing,Ch4,21.528
Indonesia,Asia,2004,Transport,Ch4,4.924
Mexico,North America,2018,Agriculture,Sf6,0.744
China,Asia,2001,Industrial Processes,N2O,29.074
Indonesia,Asia,2023,,Sf6,7.128
United Kingdom,Europe,2002,Manufacturing,Hfcs,4.578
Germany,Europe,2003,Land Use,Ch4,1.436
India,Asia,2005,Waste,Co2,52.45
Germany,Europe,2015,Waste,N2O,4.022
South Korea,Asia,2017,Transport,Ch4,6.641
Germany,Europe,2013,Land Use,Hfcs,0.268
South Korea,Asia,2020,Transport,Sf6,1.236
Canada,North America,2005,Industrial Processes,Ch4,0.736
Russia,Europe,2002,Land Use,N2O,14.033
Brazil,South America,2013,Transport,Ch4,7.399
South Africa,Africa,2017,Energy,Hfcs,7.351
South Korea,Asia,2002,Agriculture,Co2,3.35
Canada,North America,2016,Waste,Hfcs,0.267
Canada,North America,2003,Agriculture,Co2,7.065
Indonesia,Asia,2001,Agriculture,Co2,14.231
China,Asia,2019,Land Use,Sf6,7.778
Canada,North America,2017,Land Use,Sf6,0.127
United States,North America,2018,Land Use,Hfcs,3.98
Germany,Europe,2022,Buildings,N2O,6.648
Indonesia,Asia,2003,Buildings,Ch4,1.395
South Africa,Africa,2019,,N2O,7.128
France,Europe,2011,Transport,N2O,10.94
United Kingdom,Europe,2020,Manufacturing,Hfcs,3.485
Japan,Asia,2016,Manufacturing,Sf6,11.673
Brazil,South America,2010,Land Use,Hfcs,10.429
China,Asia,2022,Land Use,Sf6,9.559
India,Asia,2008,Land Use,Co2,51.804
South Korea,Asia,2015,Industrial Processes,Ch4,0.86
Mexico,North America,2014,Transport,N2O,13.37
United States,North America,2012,Industrial Processes,Co2,24.574
France,Europe,2002,Agriculture,Hfcs,2.948
Japan,Asia,2008,Energy,Hfcs,13.044
Australia,Oceania,2022,Waste,Ch4,11.828
Russia,Europe,2003,Manufacturing,N2O,35.132
Mexico,North America,2014,Waste,Ch4,16.844
Mexico,North America,2023,Industrial Processes,Ch4,0.294
Australia,Oceania,2019,Transport,N2O,9.4
Japan,Asia,2020,Transport,Hfcs,6.956
Canada,North America,2015,Buildings,Sf6,0.836
Japan,Asia,2012,Agriculture,N2O,11.54
South Korea,Asia,2014,Energy,Hfcs,8.288
Brazil,South America,2022,Transport,N2O,15.966
Mexico,North America,2011,Agriculture,Ch4,43.33
United Kingdom,Europe,2014,Manufacturing,Sf6,2.29
Canada,North America,2004,Land Use,Sf6,0.142
Indonesia,Asia,2010,Transport,Co2,104.145
India,Asia,2002,Buildings,Ch4,51.103
United Kingdom,Europe,2009,Industrial Processes,Sf6,0.482
United States,North America,2015,Buildings,Co2,123.526
China,Asia,2011,Agriculture,Co2,123.526
United Kingdom,Europe,2019,Agriculture,Co2,2.722
India,Asia,2007,Waste,N2O,48.849
France,Europe,2005,Manufacturing,Ch4,1.857
Canada,North America,2008,Waste,Hfcs,0.272
South Korea,Asia,2007,Agriculture,Ch4,20.273
Germany,Europe,2006,Land Use,Co2,2.864
Japan,Asia,2000,Buildings,N2O,11.764
Brazil,South America,2003,Land Use,Co2,90.796
United States,North America,2000,Manufacturing,N2O,66.832
Mexico,North America,2018,Energy,N2O,8.689
Canada,North America,2007,Manufacturing,Ch4,6.942
South Korea,Asia,2012,Manufacturing,Hfcs,20.16
Germany,Europe,2013,Agriculture,Sf6,0.555
South Korea,Asia,2015,Land Use,Co2,3.239
China,Asia,2023,Agriculture,N2O,123.526
Australia,Oceania,2017,Land Use,Ch4,2.981
Australia,Oceania,2007,Transport,Ch4,4.632
France,Europe,2016,Agriculture,N2O,17.397
Japan,Asia,2009,Transport,Sf6,2.111
South Africa,Africa,2021,Industrial Processes,Sf6,0.776
United States,North America,2011,Land Use,Hfcs,4.412
Japan,Asia,2001,Industrial Processes,N2O,1.223
Germany,Europe,2014,Manufacturing,N2O,11.14
India,Asia,2010,Energy,Hfcs,40.207
France,Europe,2023,Energy,Ch4,13.04
Japan,Asia,2003,Manufacturing,Ch4,27.129
Australia,Oceania,2013,Agriculture,Sf6,0.791
Russia,Europe,2005,Waste,Ch4,36.731
Mexico,North America,2009,Agriculture,Co2,6.605
Brazil,South America,2014,Industrial Processes,Co2,4.867
Australia,Oceania,2007,Manufacturing,Sf6,2.46
South Africa,Africa,2012,Manufacturing,Co2,44.025
Germany,Europe,2010,Manufacturing,N2O,12.972
India,Asia,2015,Agriculture,Sf6,12.174
China,Asia,2004,Manufacturing,N2O,123.526
Australia,Oceania,2002,Buildings,Sf6,0.352
United Kingdom,Europe,2010,Buildings,N2O,6.328
Germany,Europe,2020,Waste,N2O,3.77
France,Europe,2012,Manufacturing,Ch4,1.716
South Africa,Africa,2006,Industrial Processes,Ch4,0.25
Canada,North America,2008,Industrial Processes,Ch4,0.729
France,Europe,2007,Industrial Processes,N2O,0.372
China,Asia,2011,Manufacturing,N2O,123.526
India,Asia,2018,Buildings,N2O,55.85
Germany,Europe,2008,Manufacturing,Ch4,13.792
South Korea,Asia,2001,Agriculture,N2O,9.106
Russia,Europe,2003,Agriculture,Hfcs,7.742
Russia,Europe,2023,Industrial Processes,N2O,1.753
Canada,North America,2022,Industrial Processes,Sf6,1.862
China,Asia,2001,Buildings,Hfcs,113.81
India,Asia,2008,Agriculture,Sf6,9.777
Japan,Asia,2020,Agriculture,Sf6,0.346
Indonesia,Asia,2010,Agriculture,Hfcs,6.975
France,Europe,2008,Manufacturing,Hfcs,1.708
Australia,Oceania,2017,Energy,Ch4,43.929
Indonesia,Asia,2002,Manufacturing,Ch4,6.532
Indonesia,Asia,2020,Agriculture,Hfcs,9.419
South Africa,Africa,2002,Energy,N2O,10.945
South Korea,Asia,2004,Land Use,Hfcs,0.293
Australia,Oceania,2006,Industrial Processes,Sf6,1.535
Germany,Europe,2019,Manufacturing,Hfcs,10.555
Russia,Europe,2014,Industrial Processes,Sf6,2.831
France,Europe,2006,Waste,N2O,2.172
United Kingdom,Europe,2023,Industrial Processes,N2O,0.266
Indonesia,Asia,2005,Land Use,Hfcs,6.912
Canada,North America,2007,Manufacturing,Hfcs,7.075
Germany,Europe,2002,Industrial Processes,Hfcs,3.114
United States,North America,2014,Agriculture,Co2,47.465
China,Asia,2009,Manufacturing,Sf6,123.526
India,Asia,2018,Manufacturing,Co2,123.526
France,Europe,2000,Industrial Processes,Ch4,0.212
Germany,Europe,2016,Industrial Processes,Sf6,1.604
South Africa,Africa,2014,Land Use,Co2,4.064
France,Europe,2000,Energy,Hfcs,2.399
Germany,Europe,2011,Agriculture,N2O,17.478
France,Europe,2020,Buildings,Ch4,7.634
United States,North America,2010,Waste,Co2,31.647
France,Europe,2023,Agriculture,Ch4,26.477
France,Europe,2000,Industrial Processes,N2O,0.427
India,Asia,2013,Manufacturing,Sf6,48.49
Mexico,North America,2003,Industrial Processes,Sf6,0.771
South Korea,Asia,2020,Buildings,Sf6,0.769
Australia,Oceania,2009,Waste,N2O,3.233
China,Asia,2019,Industrial Processes,Co2,123.526
Indonesia,Asia,2023,Buildings,Hfcs,2.064
Canada,North America,2005,Transport,N2O,18.722
South Korea,Asia,2003,Waste,Hfcs,0.206
Australia,Oceania,2007,Manufacturing,Ch4,4.736
Russia,Europe,2014,Transport,Co2,123.526
Canada,North America,2004,Agriculture,Co2,7.305
Germany,Europe,2005,Waste,Sf6,0.305
China,Asia,2014,Energy,Hfcs,123.526
India,Asia,2013,Industrial Processes,N2O,9.336
Russia,Europe,2014,Waste,Hfcs,0.606
South Korea,Asia,2000,Industrial Processes,Ch4,0.621
Australia,Oceania,2002,Agriculture,N2O,23.14
Australia,Oceania,2022,Agriculture,Co2,7.795
Mexico,North America,2001,Industrial Processes,Hfcs,1.286
South Africa,Africa,2002,Land Use,Sf6,0.102
Mexico,North America,2015,Energy,N2O,8.338
Brazil,South America,2020,Land Use,Sf6,2.552
Indonesia,Asia,2017,Land Use,Ch4,52.409
Australia,Oceania,2006,Energy,N2O,9.366
Canada,North America,2013,Agriculture,N2O,20.289
United Kingdom,Europe,2008,Waste,N2O,1.911
South Africa,Africa,2019,Agriculture,Ch4,43.616
United States,North America,2020,Transport,Hfcs,50.101
Russia,Europe,2005,Buildings,Ch4,21.509
France,Europe,2019,Land Use,Sf6,0.1
Japan,Asia,2016,Land Use,Sf6,0.1
South Korea,Asia,2012,Land Use,Hfcs,0.296
Canada,North America,2009,Buildings,Hfcs,11.527
Brazil,South America,2001,Buildings,N2O,0.937
Brazil,South America,2000,Manufacturing,Co2,40.133
Germany,Europe,2014,Energy,Ch4,36.282
South Africa,Africa,2019,Transport,Hfcs,2.706
France,Europe,2005,Manufacturing,Sf6,0.913
South Africa,Africa,2022,Land Use,N2O,3.613
Russia,Europe,2012,Waste,Ch4,33.299
Russia,Europe,2005,Agriculture,Co2,19.545
Indonesia,Asia,2002,Transport,Ch4,4.923
South Africa,Africa,2011,Energy,Ch4,48.415
Australia,Oceania,2002,Transport,Ch4,4.448
India,Asia,2020,Waste,Ch4,123.526
United Kingdom,Europe,2000,Land Use,Co2,1.702
Australia,Oceania,2017,Land Use,Hfcs,0.591
Brazil,South America,2010,Industrial Processes,Co2,4.144
Mexico,North America,2018,Manufacturing,Co2,51.935
India,Asia,2005,Land Use,Co2,48.568
United States,North America,2013,Transport,Sf6,14.621
France,Europe,2023,Buildings,Co2,28.954
Canada,North America,2003,Waste,N2O,5.047
Indonesia,Asia,2017,Agriculture,Co2,22.321
China,Asia,2017,Energy,Hfcs,123.526
Indonesia,Asia,2005,Transport,Sf6,1.017
France,Europe,2022,,Ch4,7.128
United States,North America,2010,Agriculture,Hfcs,19.511
France,Europe,2023,,Sf6,7.128
Germany,Europe,2003,Industrial Processes,Co2,6.714
Canada,North America,2017,Industrial Processes,Ch4,0.657
China,Asia,2018,Waste,N2O,123.526
South Africa,Africa,2006,Transport,N2O,6.394
United Kingdom,Europe,2017,Transport,Co2,57.047
Canada,North America,2013,Industrial Processes,Ch4,0.68
China,Asia,2014,Land Use,Co2,123.526
Brazil,South America,2016,Land Use,Ch4,54.728
United States,North America,2016,Agriculture,Ch4,123.526
South Korea,Asia,2001,Industrial Processes,Ch4,0.635
Brazil,South America,2009,Waste,N2O,6.531
Russia,Europe,2023,Land Use,Sf6,0.371
Indonesia,Asia,2014,Energy,Sf6,7.404
South Africa,Africa,2007,Land Use,N2O,3.34
Indonesia,Asia,2019,Transport,Hfcs,5.728
Brazil,South America,2016,Manufacturing,Co2,45.958
South Africa,Africa,2021,Manufacturing,Ch4,8.15
China,Asia,2011,Land Use,Hfcs,26.173
Russia,Europe,2017,Waste,Co2,11.089
Indonesia,Asia,2018,Buildings,Hfcs,1.488
Brazil,South America,2001,Agriculture,Hfcs,10.506
Japan,Asia,2019,Energy,N2O,18.359
Brazil,South America,2002,Manufacturing,N2O,5.898
United States,North America,2016,Buildings,Hfcs,99.787
Australia,Oceania,2022,Transport,Co2,74.762
France,Europe,2015,Industrial Processes,Co2,1.385
United States,North America,2004,Manufacturing,Sf6,35.093
China,Asia,2014,Waste,Ch4,123.526
France,Europe,2003,Agriculture,Sf6,0.76
South Africa,Africa,2016,Manufacturing,Sf6,3.869
South Africa,Africa,2014,Manufacturing,Co2,44.656
South Korea,Asia,2010,Buildings,Ch4,12.199
Japan,Asia,2016,Energy,Co2,123.526
Brazil,South America,2023,Industrial Processes,N2O,1.07
South Korea,Asia,2003,Transport,Sf6,1.004
Brazil,South America,2013,Buildings,N2O,0.996
United Kingdom,Europe,2019,Buildings,Hfcs,7.004
France,Europe,2017,Manufacturing,Co2,10.749
France,Europe,2000,Industrial Processes,Hfcs,0.981
South Korea,Asia,2010,Industrial Processes,Co2,6.551
,Asia,2020,Buildings,Hfcs,7.128
United Kingdom,Europe,2008,Transport,Sf6,1.016
Russia,Europe,2020,Land Use,Co2,12.914
South Korea,Asia,2018,Energy,Sf6,5.905
Mexico,North America,2002,Agriculture,N2O,19.281
Germany,Europe,2012,Transport,Co2,107.684
Indonesia,Asia,2011,Buildings,N2O,1.055
Australia,Oceania,2013,Waste,Co2,4.25
Canada,North America,2015,Agriculture,Sf6,0.679
United States,North America,2000,Land Use,Hfcs,4.869
Russia,Europe,2002,Industrial Processes,Hfcs,4.803
France,Europe,2009,Transport,Hfcs,4.073
South Africa,Africa,2006,Agriculture,N2O,21.647
South Korea,Asia,2008,Industrial Processes,Co2,6.167
Brazil,South America,2000,Agriculture,Ch4,123.526
Germany,Europe,2004,Land Use,Ch4,1.422
United Kingdom,Europe,2007,Transport,Ch4,5.207
China,Asia,2020,Agriculture,Ch4,123.526
United States,North America,2010,Land Use,Hfcs,4.355
Germany,Europe,2007,Energy,N2O,10.747
Australia,Oceania,2021,Energy,N2O,11.044
South Korea,Asia,2003,Manufacturing,Ch4,18.281
Canada,North America,2009,Waste,N2O,4.654
Mexico,North America,2009,Transport,Hfcs,4.422
Canada,North America,2018,Industrial Processes,N2O,1.264
Brazil,South America,2001,Waste,Ch4,22.251
South Africa,Africa,2018,Manufacturing,Hfcs,6.854
Germany,Europe,2022,Land Use,Sf6,0.1
United States,North America,2019,Agriculture,Co2,43.23
Australia,Oceania,2023,Waste,Sf6,0.219
Japan,Asia,2006,Land Use,Co2,0.1
South Korea,Asia,2002,Energy,N2O,11.515
Mexico,North America,2021,Waste,Co2,6.089
India,Asia,2022,Energy,N2O,111.859
France,Europe,2017,Buildings,Hfcs,7.696
India,Asia,2019,Industrial Processes,Co2,58.619
Canada,North America,2009,Manufacturing,Co2,44.452
France,Europe,2015,Buildings,Co2,35.779
Russia,Europe,2017,Agriculture,Ch4,105.159
Canada,North America,2023,Waste,Ch4,16.406
India,Asia,2009,Waste,Hfcs,2.524
Russia,Europe,2023,Energy,Co2,123.526
Australia,Oceania,2003,Industrial Processes,N2O,1.007
Germany,Europe,2011,Buildings,Ch4,14.398
Canada,North America,2002,Industrial Processes,Co2,6.315
United States,North America,2009,Energy,Co2,123.526
France,Europe,2009,Industrial Processes,N2O,0.346
Canada,North America,2009,Waste,Co2,5.018
South Korea,Asia,2001,Energy,N2O,10.632
South Korea,Asia,2022,Land Use,Hfcs,0.384
Australia,Oceania,2004,Land Use,Hfcs,0.606
France,Europe,2000,Buildings,Sf6,0.76
India,Asia,2015,Manufacturing,Ch4,109.608
Germany,Europe,2015,Transport,Hfcs,4.732
Mexico,North America,2001,Transport,N2O,10.707
Australia,Oceania,2008,Manufacturing,Ch4,4.941
United States,North America,2016,Manufacturing,N2O,62.892
India,Asia,2002,Agriculture,N2O,123.526
United States,North America,2016,Buildings,Sf6,6.296
France,Europe,2012,Waste,N2O,1.776
Australia,Oceania,2016,,Sf6,7.128
South Africa,Africa,2019,Land Use,Sf6,0.113
Australia,Oceania,2014,Buildings,N2O,3.618
France,Europe,2011,Transport,Ch4,5.276
Germany,Europe,2009,Waste,Sf6,0.262
United States,North America,2007,Land Use,Co2,46.135
South Korea,Asia,2007,Manufacturing,Ch4,20.962
Japan,Asia,2020,Transport,Sf6,1.742
United States,North America,2009,Transport,Hfcs,59.17
United Kingdom,Europe,2001,Land Use,N2O,1.508
South Africa,Africa,2023,Waste,Co2,5.673
United States,North America,2018,Energy,Hfcs,50.548
South Korea,Asia,2011,Industrial Processes,Ch4,0.792
United States,North America,2019,Manufacturing,Sf6,29.333
Russia,Europe,2021,Waste,Co2,11.178
Japan,Asia,2013,Agriculture,Hfcs,1.589
Japan,Asia,2010,Buildings,Ch4,15.887
Russia,Europe,2019,Energy,Hfcs,26.304
,North America,2021,Industrial Processes,Hfcs,7.128
Canada,North America,2002,Manufacturing,N2O,7.939
South Africa,Africa,2003,Energy,N2O,11.883
France,Europe,2012,Buildings,Sf6,0.563
United States,North America,2006,Waste,Co2,34.645
Germany,Europe,2019,Transport,Co2,92.737
South Korea,Asia,2013,Agriculture,Sf6,0.387
,Europe,2019,Transport,Co2,7.128
Mexico,North America,2015,Buildings,Ch4,7.284
United Kingdom,Europe,2009,Manufacturing,Sf6,2.408
Indonesia,Asia,2018,Land Use,Sf6,2.427
Germany,Europe,2006,Industrial Processes,Co2,6.216
Russia,Europe,2002,Manufacturing,N2O,32.987
India,Asia,2021,Transport,Ch4,52.723
United Kingdom,Europe,2002,Manufacturing,N2O,6.222
United States,North America,2000,Agriculture,Co2,55.414
Mexico,North America,2023,Land Use,Sf6,0.178
Japan,Asia,2004,Waste,Co2,6.48
United States,North America,2015,Manufacturing,Sf6,31.193
France,Europe,2014,Agriculture,Hfcs,2.412
Indonesia,Asia,2013,Transport,Hfcs,5.555
China,Asia,2009,Waste,Hfcs,6.958
United Kingdom,Europe,2011,Buildings,N2O,5.868
Indonesia,Asia,2017,Energy,Hfcs,13.319
Russia,Europe,2000,Buildings,Co2,78.999
China,Asia,2007,Industrial Processes,Co2,123.526
India,Asia,2007,Industrial Processes,Ch4,4.732
Canada,North America,2009,Buildings,Co2,44.71
India,Asia,2017,Waste,Ch4,123.526
Indonesia,Asia,2020,Buildings,Sf6,0.121
France,Europe,2022,Agriculture,Sf6,0.546
South Africa,Africa,2016,Transport,Sf6,0.628
Mexico,North America,2000,Buildings,N2O,4.104
China,Asia,2015,Transport,Co2,123.526
Mexico,North America,2012,Waste,Hfcs,0.269
Australia,Oceania,2014,Agriculture,Ch4,48.448
Australia,Oceania,2019,Buildings,N2O,3.684
France,Europe,2009,Agriculture,Co2,6.386
South Africa,Africa,2011,Energy,N2O,12.471
Russia,Europe,2013,Land Use,Sf6,0.397
Australia,Oceania,2009,Waste,Ch4,11.603
Indonesia,Asia,2022,Transport,N2O,15.779
India,Asia,2017,Manufacturing,Ch4,110.536
Germany,Europe,2006,Manufacturing,Ch4,13.071
Russia,Europe,2020,Transport,Sf6,2.263
Brazil,South America,2011,Buildings,Sf6,0.1
Australia,Oceania,2013,Industrial Processes,N2O,1.102
Australia,Oceania,2006,Waste,Sf6,0.218
South Africa,Africa,2021,Buildings,Hfcs,2.946
Mexico,North America,2005,Manufacturing,Hfcs,7.555
Australia,Oceania,2001,Manufacturing,Sf6,2.534
South Africa,Africa,2008,Land Use,Hfcs,0.416
Australia,Oceania,2003,Manufacturing,Hfcs,5.25
United States,North America,2003,Land Use,Ch4,22.26
South Africa,Africa,2001,Transport,N2O,5.958
India,Asia,2001,Energy,N2O,53.472
China,Asia,2006,Transport,Hfcs,81.551
Indonesia,Asia,2014,Transport,Hfcs,5.523
Brazil,South America,2009,Manufacturing,N2O,6.803
India,Asia,2007,Agriculture,Sf6,9.229
China,Asia,2017,Manufacturing,Ch4,123.526
United Kingdom,Europe,2022,Energy,Hfcs,2.077
Mexico,North America,2012,Agriculture,Hfcs,2.943
United States,North America,2006,Industrial Processes,Ch4,2.989
Indonesia,Asia,2022,Agriculture,Co2,25.405
Japan,Asia,2012,Energy,N2O,19.697
United States,North America,2001,Agriculture,Ch4,123.526
China,Asia,2001,Land Use,Co2,123.526
United Kingdom,Europe,2001,Manufacturing,N2O,5.843
South Korea,Asia,2016,Agriculture,Co2,3.921
United States,North America,2005,Manufacturing,Hfcs,71.331
Canada,North America,2017,Waste,Hfcs,0.283
Indonesia,Asia,2008,Buildings,Co2,6.233
United Kingdom,Europe,2000,Energy,N2O,5.968
Canada,North America,2000,Waste,Sf6,0.296
Australia,Oceania,2003,Energy,Co2,123.526
Japan,Asia,2005,Manufacturing,Sf6,13.138
Germany,Europe,2017,Waste,Ch4,12.56
Japan,Asia,2005,Energy,Ch4,89.992
France,Europe,2015,Energy,Co2,51.601
India,Asia,2000,Buildings,Sf6,3.295
France,Europe,2002,Transport,Hfcs,5.243
South Korea,Asia,2012,Agriculture,Ch4,21.082
China,Asia,2001,Energy,Ch4,123.526
Russia,Europe,2018,Manufacturing,Ch4,34.415
Germany,Europe,2017,Energy,Co2,123.526
Indonesia,Asia,2005,Land Use,Co2,72.796
Mexico,North America,2010,Waste,Hfcs,0.277
Indonesia,Asia,2000,Waste,Co2,7.903
South Korea,Asia,2000,Manufacturing,Ch4,17.951
,Asia,2017,Buildings,Co2,7.128
India,Asia,2018,Industrial Processes,Ch4,6.364
South Korea,Asia,2000,Manufacturing,Co2,121.672
South Africa,Africa,2022,Manufacturing,Hfcs,7.346
South Korea,Asia,2009,Industrial Processes,N2O,1.416
South Africa,Africa,2012,Land Use,Sf6,0.109
Brazil,South America,2006,Buildings,Ch4,1.496
Indonesia,Asia,2020,Energy,N2O,20.107
United Kingdom,Europe,2002,Manufacturing,Co2,39.252
,Asia,2006,Transport,N2O,7.128
South Africa,Africa,2009,Buildings,Hfcs,2.599
Russia,Europe,2017,Industrial Processes,Sf6,2.924
United States,North America,2021,Energy,Hfcs,46.927
United States,North America,2008,Land Use,N2O,39.05
South Korea,Asia,2021,Industrial Processes,Hfcs,4.822
Germany,Europe,2012,Waste,N2O,4.56
South Korea,Asia,2013,Manufacturing,Hfcs,21.363
France,Europe,2021,Agriculture,,7.128
Canada,North America,2014,Transport,Ch4,9.001
Mexico,North America,2009,Industrial Processes,Hfcs,1.243
South Korea,Asia,2020,Buildings,Co2,48.26
Australia,Oceania,2020,Waste,Hfcs,0.194
Mexico,North America,2023,Manufacturing,Ch4,7.877
Brazil,South America,2006,Waste,Sf6,0.354
South Korea,Asia,2008,Transport,Hfcs,4.831
Brazil,South America,2015,Transport,Ch4,6.937
Brazil,South America,2017,Energy,Co2,123.526
Australia,Oceania,2002,Energy,Co2,123.526
Germany,Europe,2002,Industrial Processes,Co2,7.322
South Korea,Asia,2009,Manufacturing,Sf6,9.862
Brazil,South America,2005,Energy,Co2,116.128
China,Asia,2005,Manufacturing,N2O,123.526
Mexico,North America,2006,Industrial Processes,Sf6,0.743
Canada,North America,2006,Agriculture,Hfcs,2.871
Mexico,North America,2007,Waste,Hfcs,0.255
India,Asia,2000,Industrial Processes,N2O,6.912
Russia,Europe,2001,Transport,N2O,30.082
South Korea,Asia,2014,Land Use,,7.128
South Korea,Asia,2023,Manufacturing,Hfcs,23.643
South Korea,Asia,2009,Buildings,N2O,7.488
Germany,Europe,2003,Buildings,Co2,66.612
United Kingdom,Europe,2004,Agriculture,Sf6,0.426
South Africa,Africa,2022,Energy,Hfcs,7.815
Mexico,North America,2012,Agriculture,Co2,7.576
Australia,Oceania,2002,Energy,Hfcs,5.917
Canada,North America,2012,Manufacturing,N2O,7.305
China,Asia,2022,Buildings,Co2,123.526
China,Asia,2004,Buildings,Sf6,8.996
India,Asia,2022,Manufacturing,Ch4,123.526
Russia,Europe,2009,Buildings,Co2,73.218
Russia,Europe,2011,Buildings,Ch4,20.573
Australia,Oceania,2007,Industrial Processes,Ch4,0.519
Germany,Europe,2016,Waste,Sf6,0.248
Germany,Europe,2006,Agriculture,Ch4,34.189
United Kingdom,Europe,2010,Waste,N2O,2.005
China,Asia,2014,Land Use,N2O,123.526
United Kingdom,Europe,2022,Waste,Ch4,4.606
Japan,Asia,2018,,N2O,7.128
Indonesia,Asia,2003,Buildings,Hfcs,1.263
Germany,Europe,2019,Transport,Ch4,5.752
United States,North America,2003,Land Use,Sf6,1.182
France,Europe,2009,Transport,Ch4,5.298
,Asia,2013,Manufacturing,Hfcs,7.128
India,Asia,2013,Manufacturing,Ch4,97.647
India,Asia,2022,Transport,Co2,123.526
Canada,North America,2011,Manufacturing,Ch4,7.656
Indonesia,Asia,2005,Land Use,N2O,65.759
United Kingdom,Europe,2004,Buildings,Co2,40.585
India,Asia,2021,Energy,Co2,123.526
Indonesia,Asia,2009,Land Use,N2O,62.618
Japan,Asia,2016,Transport,Ch4,9.651
South Korea,Asia,2010,Agriculture,Hfcs,1.624
China,Asia,2009,Land Use,Sf6,5.215
Australia,Oceania,2001,Transport,N2O,8.422
,Asia,2010,Industrial Processes,Sf6,7.128
Mexico,North America,2005,Land Use,N2O,5.434
Australia,Oceania,2000,Waste,Hfcs,0.192
South Africa,Africa,2017,Manufacturing,Sf6,3.697
South Korea,Asia,2006,Agriculture,Sf6,0.342
United Kingdom,Europe,2023,Energy,Ch4,14.48
South Korea,Asia,2020,Land Use,Hfcs,0.335
India,Asia,2010,Buildings,N2O,41.449
,Asia,2017,Manufacturing,Ch4,7.128
Russia,Europe,2017,Energy,N2O,39.728
Australia,Oceania,2012,Energy,Hfcs,6.534
Germany,Europe,2006,Buildings,Co2,60.78
France,Europe,2015,Land Use,N2O,1.067
United States,North America,2022,Energy,Sf6,32.965
South Korea,Asia,2000,Land Use,N2O,2.179
Germany,Europe,2007,Land Use,Hfcs,0.271
Russia,Europe,2020,Energy,Co2,123.526
Canada,North America,2017,Transport,N2O,18.515
United Kingdom,Europe,2017,Buildings,Hfcs,7.519
Indonesia,Asia,2010,Energy,Hfcs,11.046
Germany,Europe,2006,Manufacturing,Sf6,6.551
Japan,Asia,2008,Land Use,Ch4,0.1
United States,North America,2010,Industrial Processes,Hfcs,13.82
Australia,Oceania,2020,Waste,Ch4,12.406
South Africa,Africa,2006,Energy,Hfcs,7.136
South Africa,Africa,2020,,Co2,7.128
Japan,Asia,2008,Industrial Processes,Ch4,0.517
China,Asia,2011,Waste,Co2,123.526
Japan,Asia,2014,Waste,Sf6,0.322
United States,North America,2016,Transport,Ch4,66.574
Australia,Oceania,2008,Energy,N2O,10.081
China,Asia,2002,Land Use,Hfcs,18.159
Mexico,North America,2021,Agriculture,Hfcs,3.645
United States,North America,2018,Manufacturing,N2O,56.578
Brazil,South America,2023,Energy,N2O,10.296
Australia,Oceania,2013,Land Use,Hfcs,0.646
Indonesia,Asia,2017,Waste,Hfcs,0.614
South Korea,Asia,2010,Transport,Ch4,6.47
China,Asia,2000,Industrial Processes,Co2,123.526
France,Europe,2015,Manufacturing,Hfcs,1.636
South Korea,Asia,2005,Land Use,N2O,2.466
Germany,Europe,2018,Land Use,Co2,2.251
Mexico,North America,2006,Energy,Hfcs,4.884
Japan,Asia,2010,Industrial Processes,Sf6,1.562
Brazil,South America,2020,Land Use,Co2,97.437
Brazil,South America,2023,Transport,Co2,111.701
United States,North America,2010,Agriculture,N2O,123.526
Russia,Europe,2007,Waste,N2O,10.328
United Kingdom,Europe,2009,Energy,Hfcs,2.852
France,Europe,2018,Transport,Co2,69.197
Brazil,South America,2003,Land Use,Sf6,2.311
China,Asia,2021,Waste,Hfcs,12.536
Indonesia,Asia,2008,Energy,Sf6,7.349
Russia,Europe,2013,Buildings,Ch4,20.595
India,Asia,2018,Agriculture,Hfcs,48.285
Indonesia,Asia,2006,Land Use,Ch4,34.175
Germany,Europe,2019,Transport,Hfcs,4.678
Mexico,North America,2008,Manufacturing,Ch4,7.617
Indonesia,Asia,2010,Buildings,N2O,0.981
Russia,Europe,2023,Waste,N2O,10.05
Brazil,South America,2023,Buildings,Hfcs,1.466
France,Europe,2023,Manufacturing,N2O,1.36
Indonesia,Asia,2012,Land Use,Sf6,2.282
South Korea,Asia,2007,Waste,Hfcs,0.227
Japan,Asia,2005,Buildings,N2O,12.116
Brazil,South America,2018,Agriculture,Ch4,123.526
Mexico,North America,2012,Land Use,Hfcs,0.609
Germany,Europe,2009,Manufacturing,Co2,85.681
Canada,North America,2021,Waste,Sf6,0.262
Japan,Asia,2023,Transport,Sf6,1.941
South Africa,Africa,2003,Industrial Processes,Sf6,0.782
Japan,Asia,2022,Energy,Ch4,73.542
Indonesia,Asia,2002,Industrial Processes,Hfcs,2.095
Brazil,South America,2016,Manufacturing,N2O,7.632
Germany,Europe,2014,Energy,Co2,118.98
Brazil,South America,2008,Energy,Sf6,3.312
Japan,Asia,2012,Waste,Ch4,18.618
Japan,Asia,2023,,Hfcs,7.128
Japan,Asia,2020,Transport,Co2,123.526
South Korea,Asia,2016,Buildings,Sf6,0.887
Russia,Europe,2007,Buildings,Sf6,1.374
United States,North America,2010,Agriculture,Co2,52.52
India,Asia,2001,Energy,Sf6,20.519
Brazil,South America,2018,Energy,Co2,123.526
Germany,Europe,2006,Manufacturing,Hfcs,13.626
Indonesia,Asia,2019,Agriculture,Sf6,2.212
Mexico,North America,2006,Waste,Co2,4.89
United Kingdom,Europe,2015,Industrial Processes,Ch4,0.161
Mexico,North America,2023,Land Use,Hfcs,0.727
Brazil,South America,2001,Industrial Processes,N2O,0.894
Russia,Europe,2023,Buildings,N2O,13.504
Japan,Asia,2009,Land Use,Sf6,0.1
Germany,Europe,2011,Industrial Processes,Co2,5.467
South Africa,Africa,2019,Transport,N2O,6.702
Indonesia,Asia,2003,Buildings,N2O,0.879
Brazil,South America,2006,Agriculture,Hfcs,11.332
France,Europe,2002,Agriculture,Co2,7.8
France,Europe,2007,Agriculture,Co2,6.658
South Africa,Africa,2012,Transport,Co2,46.456
Russia,Europe,2020,Agriculture,Ch4,96.715
,Europe,2000,Transport,Ch4,7.128
South Korea,Asia,2005,Agriculture,Co2,3.305
South Korea,Asia,2017,Agriculture,Sf6,0.424
Australia,Oceania,2001,Buildings,Hfcs,4.703
South Africa,Africa,2015,Transport,Ch4,2.894
France,Europe,2022,Land Use,Ch4,0.538
Japan,Asia,2014,Energy,Sf6,8.127
Canada,North America,2007,Manufacturing,N2O,6.753
India,Asia,2000,Energy,Ch4,123.526
United States,North America,2001,Waste,Ch4,113.114
United Kingdom,Europe,2002,Buildings,Sf6,0.709
Canada,North America,2012,Agriculture,Co2,7.013
Australia,Oceania,2004,Land Use,N2O,5.479
Australia,Oceania,2003,Agriculture,Ch4,42.588
Mexico,North America,2022,Manufacturing,Ch4,8.899
India,Asia,2005,Buildings,Sf6,3.724
Australia,Oceania,2003,Manufacturing,Ch4,5.411
India,Asia,2001,Buildings,Hfcs,45.519
Russia,Europe,2001,Land Use,Sf6,0.426
South Korea,Asia,2008,Manufacturing,Co2,123.526
United States,North America,2001,Energy,N2O,100.711
South Africa,Africa,2010,Land Use,Co2,4.219
Indonesia,Asia,2005,Land Use,Ch4,38.279
Indonesia,Asia,2007,Buildings,Co2,6.091
Australia,Oceania,2002,Buildings,Co2,21.419
United States,North America,2020,Buildings,Hfcs,84.887
South Africa,Africa,2003,Land Use,Ch4,1.925
Germany,Europe,2011,Manufacturing,Ch4,12.081
Japan,Asia,2001,Buildings,Hfcs,16.16
Japan,Asia,2002,Energy,Sf6,87.86
United States,North America,2020,Transport,Ch4,66.321
China,Asia,2004,Transport,N2O,123.526
United Kingdom,Europe,2006,Manufacturing,Co2,35.074
China,Asia,2021,Agriculture,Co2,123.526
Indonesia,Asia,2017,Waste,Ch4,35.558
China,Asia,2013,Manufacturing,Co2,123.526
South Africa,Africa,2021,Agriculture,Ch4,39.354
Australia,Oceania,2005,Land Use,Sf6,0.162
Japan,Asia,2006,Transport,Sf6,2.239
Canada,North America,2008,Waste,Ch4,16.004
France,Europe,2003,Land Use,Co2,1.605
France,Europe,2022,Waste,Ch4,4.772
Australia,Oceania,2022,Transport,N2O,8.794
Germany,Europe,2003,Manufacturing,Hfcs,13.976
Australia,Oceania,2015,Buildings,Hfcs,5.016
Australia,Oceania,2004,Energy,N2O,10.049
United States,North America,2013,Energy,Hfcs,46.548
South Africa,Africa,2011,Energy,Sf6,4.676
,Asia,2015,Agriculture,N2O,7.128
Australia,Oceania,2018,Transport,Hfcs,3.906
South Africa,Africa,2020,Land Use,Co2,3.946
Mexico,North America,2023,Industrial Processes,N2O,0.63
Indonesia,Asia,2003,Agriculture,Co2,15.158
Russia,Europe,2021,Transport,Hfcs,10.346
Japan,Asia,2006,Energy,Co2,123.526
South Korea,Asia,2011,Energy,Sf6,5.174
Mexico,North America,2008,Buildings,Sf6,0.5
Brazil,South America,2002,Buildings,N2O,0.973
Brazil,South America,2018,Agriculture,N2O,86.975
France,Europe,2004,Transport,Ch4,5.739
United Kingdom,Europe,2008,Energy,Ch4,21.798
Indonesia,Asia,2018,Land Use,Co2,106.59
France,Europe,2020,Agriculture,Hfcs,1.935
United States,North America,2005,Industrial Processes,Sf6,8.052
Mexico,North America,2012,Agriculture,Sf6,0.816
South Korea,Asia,2007,Waste,Co2,4.524
China,Asia,2006,Transport,N2O,123.526
Australia,Oceania,2004,Agriculture,Sf6,0.826
Germany,Europe,2016,Buildings,N2O,7.832
Indonesia,Asia,2012,Agriculture,Ch4,103.603
Mexico,North America,2001,Waste,N2O,4.489
Canada,North America,2022,Energy,Hfcs,7.509
Australia,Oceania,2023,Transport,Hfcs,3.767
China,Asia,2001,Transport,Ch4,75.65
China,Asia,2012,Land Use,Ch4,123.526
France,Europe,2003,Agriculture,Ch4,36.655
Mexico,North America,2009,Waste,Sf6,0.253
Canada,North America,2002,Land Use,N2O,5.207
Russia,Europe,2020,Waste,Ch4,32.733
United Kingdom,Europe,2023,Transport,Co2,54.496
India,Asia,2022,Agriculture,Hfcs,56.461
Mexico,North America,2023,Buildings,Co2,34.846
Australia,Oceania,2020,Manufacturing,Co2,30.23
Mexico,North America,2014,Manufacturing,Co2,50.906
Brazil,South America,2000,Land Use,Sf6,2.251
Indonesia,Asia,2010,Waste,Sf6,0.53
Indonesia,Asia,2010,Manufacturing,Ch4,8.019
Mexico,North America,2002,Buildings,Hfcs,6.488
Brazil,South America,2003,Transport,Hfcs,5.41
Australia,Oceania,2021,Agriculture,Sf6,0.888
France,Europe,2023,Land Use,Sf6,0.1
China,Asia,2003,Manufacturing,Co2,123.526
China,Asia,2010,Land Use,Ch4,123.374
Canada,North America,2023,Land Use,N2O,4.965
India,Asia,2008,Waste,N2O,51.389
Mexico,North America,2019,Agriculture,N2O,23.727
Australia,Oceania,2014,Waste,Ch4,12.148
United States,North America,2002,Energy,Hfcs,57.591
South Africa,Africa,2003,Transport,N2O,5.806
Brazil,South America,2013,Industrial Processes,Sf6,1.385
United Kingdom,Europe,2019,Agriculture,Ch4,16.289
Mexico,North America,2014,Manufacturing,Sf6,3.724
United Kingdom,Europe,2004,Waste,N2O,2.094
South Africa,Africa,2022,Transport,Hfcs,2.488
Russia,Europe,2009,Agriculture,Ch4,94.448
India,Asia,2010,Industrial Processes,N2O,9.189
United States,North America,2017,Agriculture,Co2,42.141
Indonesia,Asia,2009,Manufacturing,,7.128
United States,North America,2009,Land Use,Ch4,20.868
United Kingdom,Europe,2012,Industrial Processes,N2O,0.338
Japan,Asia,2018,Transport,N2O,18.019
United States,North America,2013,Transport,Hfcs,57.918
India,Asia,2020,Land Use,Hfcs,7.58
India,Asia,2021,Land Use,Ch4,48.441
South Africa,Africa,2004,Manufacturing,Ch4,6.427
South Korea,Asia,2005,Energy,Ch4,48.681
Canada,North America,2013,Land Use,Hfcs,0.519
South Africa,Africa,2000,Buildings,Hfcs,2.797
Germany,Europe,2003,Industrial Processes,Ch4,0.733
Australia,Oceania,2012,Agriculture,N2O,24.664
Germany,Europe,2017,Waste,Sf6,0.238
United Kingdom,Europe,2008,Industrial Processes,N2O,0.383
Canada,North America,2000,Transport,Hfcs,8.054
United States,North America,2017,Manufacturing,Sf6,30.09
South Africa,Africa,2017,Transport,Ch4,3.23
Japan,Asia,2014,Buildings,Ch4,15.212
United Kingdom,Europe,2014,Industrial Processes,Hfcs,0.752
South Africa,Africa,2001,Buildings,Sf6,0.181
Canada,North America,2003,Industrial Processes,Ch4,0.702
South Africa,Africa,2007,Waste,Sf6,0.237
France,Europe,2011,Buildings,Ch4,8.606
United Kingdom,Europe,2018,Buildings,Ch4,7.351
Australia,Oceania,2006,Agriculture,N2O,26.157
Australia,Oceania,2022,Buildings,Sf6,0.356
Canada,North America,2016,Manufacturing,Co2,41.96
Australia,Oceania,2018,Industrial Processes,Sf6,1.436
China,Asia,2023,Manufacturing,N2O,123.526
Russia,Europe,2023,Buildings,Co2,76.52
China,Asia,2020,Land Use,Hfcs,30.916
Japan,Asia,2021,Agriculture,Hfcs,1.608
South Korea,Asia,2009,Transport,Co2,83.71
Australia,Oceania,2018,Transport,Ch4,4.688
China,Asia,2021,Land Use,N2O,123.526
Australia,Oceania,2011,Buildings,N2O,3.477
India,Asia,2002,Land Use,Sf6,1.144
South Korea,Asia,2009,Transport,Hfcs,4.736
Brazil,South America,2020,Waste,Ch4,23.448
United States,North America,2005,Manufacturing,Co2,123.526
Australia,Oceania,2020,Manufacturing,Sf6,2.359
Canada,North America,2001,Transport,Sf6,1.814
South Africa,Africa,2012,Waste,Ch4,14.256
Germany,Europe,2007,Waste,Sf6,0.29
France,Europe,2009,Land Use,N2O,1.121
South Africa,Africa,2022,Buildings,Co2,12.495
United States,North America,2003,Energy,Hfcs,59.279
Australia,Oceania,2011,Industrial Processes,Sf6,1.622
Russia,Europe,2021,Land Use,N2O,13.263
Russia,Europe,2019,Waste,Sf6,0.562
United Kingdom,Europe,2021,Waste,Sf6,0.1
Russia,Europe,2007,Land Use,Sf6,0.383
Brazil,South America,2012,Agriculture,Hfcs,10.967
Russia,Europe,2008,Land Use,Hfcs,1.451
Russia,Europe,2014,Waste,Co2,11.883
China,Asia,2010,Agriculture,Ch4,123.526
United States,North America,2005,Industrial Processes,N2O,6.134
Indonesia,Asia,2006,Transport,Ch4,5.35
South Korea,Asia,2020,Energy,Sf6,5.9
Indonesia,Asia,2000,Manufacturing,N2O,6.407
United States,North America,2017,Buildings,N2O,70.162
South Korea,Asia,2001,Agriculture,Ch4,17.101
United Kingdom,Europe,2000,Buildings,Ch4,10.688
Japan,Asia,2021,Agriculture,Sf6,0.364
China,Asia,2018,Energy,Co2,123.526
Mexico,North America,2022,Land Use,Co2,6.669
Canada,North America,2014,Buildings,Co2,47.353
Brazil,South America,2023,Buildings,Co2,6.56
Australia,Oceania,2000,Land Use,N2O,5.248
Mexico,North America,2005,Industrial Processes,N2O,0.524
South Korea,Asia,2018,Transport,Ch4,62.58
Mexico,North America,2003,Industrial Processes,Ch4,0.256
Indonesia,Asia,2014,Buildings,Hfcs,1.658
Brazil,South America,2000,Waste,N2O,6.811
Indonesia,Asia,2017,Transport,Sf6,1.398
Australia,Oceania,2002,Waste,Hfcs,0.189
Brazil,South America,2008,Transport,Hfcs,5.552
Russia,Europe,2009,Manufacturing,Ch4,33.949
Mexico,North America,2011,Buildings,Sf6,0.464
South Korea,Asia,2005,Energy,Hfcs,7.809
South Korea,Asia,2004,Land Use,N2O,2.585
Australia,Oceania,2001,Agriculture,Hfcs,2.956
Canada,North America,2012,Energy,Co2,123.526
China,Asia,2007,Manufacturing,Sf6,123.526
South Africa,Africa,2017,Manufacturing,N2O,6.8
France,Europe,2009,Buildings,Hfcs,8.205
Japan,Asia,2007,Industrial Processes,N2O,1.1
Mexico,North America,2020,Buildings,Ch4,7.016
,Asia,2013,Manufacturing,Ch4,7.128
United Kingdom,Europe,2003,Waste,Co2,2.578
Mexico,North America,2019,Transport,Sf6,1.388
South Africa,Africa,2017,Agriculture,N2O,21.402
Russia,Europe,2000,Waste,Sf6,0.581
France,Europe,2007,Manufacturing,Ch4,1.911
Mexico,North America,2014,Transport,Sf6,1.328
Russia,Europe,2008,Agriculture,Sf6,1.868
United Kingdom,Europe,2000,Energy,Sf6,2.582
Brazil,South America,2020,Energy,Co2,118.54
Japan,Asia,2008,Waste,Co2,6.934
Japan,Asia,2022,Waste,Ch4,17.611
Australia,Oceania,2009,Industrial Processes,Sf6,1.369
Canada,North America,2007,Land Use,Co2,5.948
India,Asia,2004,Energy,Ch4,123.526
Mexico,North America,2004,Agriculture,Co2,6.875
United States,North America,2005,Land Use,Co2,42.488
Australia,Oceania,2005,Waste,Ch4,11.961
Australia,Oceania,2019,Transport,Ch4,4.474
Brazil,South America,2012,Buildings,Sf6,0.104
China,Asia,2002,Industrial Processes,Sf6,48.978
Japan,Asia,2001,Land Use,N2O,0.1
South Korea,Asia,2017,Industrial Processes,Co2,7.781
Australia,Oceania,2005,Energy,Sf6,3.729
Indonesia,Asia,2010,Transport,Ch4,5.657
Australia,Oceania,2021,Manufacturing,Hfcs,5.818
France,Europe,2022,Buildings,N2O,5.173
Germany,Europe,2002,Buildings,Ch4,17.162
India,Asia,2004,Industrial Processes,N2O,8.181
South Korea,Asia,2016,Agriculture,N2O,12.973
France,Europe,2006,Industrial Processes,Sf6,0.525
South Africa,Africa,2010,Manufacturing,N2O,7.488
,South America,2010,Transport,Co2,7.128
Canada,North America,2014,Agriculture,Co2,6.927
India,Asia,2017,Industrial Processes,Hfcs,33.672
China,Asia,2016,Manufacturing,N2O,123.526
China,Asia,2003,Energy,Hfcs,94.921
France,Europe,2007,Waste,Co2,2.386
Canada,North America,2013,Land Use,N2O,5.03
Mexico,North America,2020,Energy,Hfcs,4.695
South Korea,Asia,2018,Waste,Co2,4.943
Japan,Asia,2023,Waste,Sf6,0.281
South Africa,Africa,2023,Buildings,Ch4,3.275
South Africa,Africa,2000,Transport,N2O,5.83
South Africa,Africa,2007,Industrial Processes,Sf6,0.741
South Korea,Asia,2005,Industrial Processes,N2O,1.316
Mexico,North America,2017,Manufacturing,Ch4,8.286
Germany,Europe,2014,Industrial Processes,Ch4,0.588
Brazil,South America,2016,Waste,N2O,6.91
United States,North America,2009,Transport,Ch4,68.463
China,Asia,2017,Buildings,Sf6,14.495
India,Asia,2022,Manufacturing,Hfcs,123.526
United Kingdom,Europe,2008,Buildings,N2O,5.76
South Korea,Asia,2018,Land Use,Ch4,1.723
South Africa,Africa,2011,Waste,Co2,5.022
South Africa,Africa,2015,Manufacturing,Sf6,3.902
Indonesia,Asia,2011,Buildings,Co2,5.937
Brazil,South America,2004,Agriculture,Ch4,123.526
Indonesia,Asia,2022,Agriculture,Sf6,2.337
South Korea,Asia,2018,Buildings,Ch4,12.244
China,Asia,2003,Land Use,Co2,123.526
South Korea,Asia,2000,Industrial Processes,Sf6,2.101
France,Europe,2010,Transport,Hfcs,4.309
United Kingdom,Europe,2016,Buildings,Co2,31.501
United Kingdom,Europe,2019,Transport,Sf6,0.736
Australia,Oceania,2014,Land Use,Ch4,2.899
United States,North America,2012,Agriculture,Co2,47.843
Japan,Asia,2000,Manufacturing,N2O,27.75
Germany,Europe,2004,Manufacturing,Co2,92.24
France,Europe,2013,Buildings,Co2,34.516
Australia,Oceania,2019,Agriculture,N2O,25.941
United Kingdom,Europe,2014,Industrial Processes,Ch4,0.163
South Africa,Africa,2019,Industrial Processes,Co2,2.556
France,Europe,2021,Land Use,Co2,1.134
United Kingdom,Europe,2021,Industrial Processes,Co2,1.225
Canada,North America,2004,Land Use,Hfcs,0.561
Canada,North America,2022,Land Use,Co2,5.364
India,Asia,2012,Transport,Co2,123.526
United Kingdom,Europe,2000,Manufacturing,N2O,6.742
Japan,Asia,2002,Industrial Processes,Sf6,1.712
Russia,Europe,2022,Buildings,Ch4,19.112
China,Asia,2000,Manufacturing,Co2,123.526
South Africa,Africa,2001,Buildings,Ch4,2.967
United States,North America,2019,Waste,Hfcs,1.549
South Korea,Asia,2013,Buildings,Hfcs,11.746
Australia,Oceania,2023,Manufacturing,Hfcs,4.859
Russia,Europe,2019,Industrial Processes,Sf6,2.785
Indonesia,Asia,2012,Buildings,Sf6,0.107
United States,North America,2016,Land Use,Sf6,1.092
Germany,Europe,2006,Buildings,Sf6,0.96
India,Asia,2010,Land Use,Ch4,31.581
Germany,Europe,2012,Agriculture,Hfcs,2.312
United States,North America,2011,Land Use,Co2,42.665
Japan,Asia,2000,Waste,Sf6,0.36
India,Asia,2014,Buildings,Ch4,79.72
France,Europe,2005,Agriculture,Ch4,39.175
Brazil,South America,2010,Waste,N2O,6.79
Mexico,North America,2012,Land Use,Ch4,3.255
Brazil,South America,2002,Land Use,Ch4,43.797
South Africa,Africa,2005,Energy,Co2,123.526
Japan,Asia,2018,Waste,Sf6,0.273
South Africa,Africa,2020,Agriculture,Hfcs,2.907
Australia,Oceania,2022,Manufacturing,N2O,5.454
Germany,Europe,2001,Transport,Ch4,8.362
Canada,North America,2021,Buildings,Co2,51.938
Russia,Europe,2023,Agriculture,Hfcs,7.602
Mexico,North America,2021,Industrial Processes,Sf6,0.893
China,Asia,2000,Land Use,Hfcs,17.149
Japan,Asia,2014,Land Use,Ch4,0.1
South Korea,Asia,2006,Energy,Sf6,5.326
France,Europe,2003,Land Use,Ch4,0.768
France,Europe,2011,Waste,Ch4,5.844
Germany,Europe,2019,Energy,Sf6,3.401
Russia,Europe,2002,Buildings,Co2,82.664
Germany,Europe,2012,Buildings,Ch4,12.231
Japan,Asia,2009,Industrial Processes,Co2,4.77
United States,North America,2008,Manufacturing,N2O,62.234
Canada,North America,2003,Transport,Sf6,1.72
United States,North America,2018,Energy,Sf6,30.161
Indonesia,Asia,2005,Energy,Ch4,67.056
China,Asia,2023,Transport,Co2,123.526
Brazil,South America,2000,Transport,N2O,11.728
Brazil,South America,2008,Waste,Hfcs,0.365
Japan,Asia,2015,Agriculture,N2O,12.469
China,Asia,2022,Waste,Hfcs,11.393
South Korea,Asia,2009,Buildings,Hfcs,9.264
Canada,North America,2005,Land Use,Ch4,2.913
South Africa,Africa,2012,Buildings,N2O,1.906
Mexico,North America,2023,Agriculture,N2O,23.468
France,Europe,2020,Waste,Co2,1.625
South Korea,Asia,2001,Land Use,N2O,2.172
,Europe,2020,Agriculture,Co2,7.128
United Kingdom,Europe,2020,Buildings,Sf6,0.448
India,Asia,2004,Land Use,N2O,40.041
South Africa,Africa,2009,Manufacturing,Hfcs,6.768
South Korea,Asia,2003,Agriculture,Co2,3.248
South Africa,Africa,2003,Land Use,Hfcs,0.413
Germany,Europe,2021,Agriculture,Ch4,26.329
Germany,Europe,2006,Manufacturing,N2O,13.225
South Korea,Asia,2020,Waste,Sf6,0.236
China,Asia,2019,Energy,Sf6,116.976
China,Asia,2002,Land Use,Ch4,81.838
Mexico,North America,2018,Agriculture,Co2,8.263
United States,North America,2003,Transport,Co2,123.526
Australia,Oceania,2007,Buildings,Sf6,0.344
South Korea,Asia,2019,Land Use,Ch4,1.665
Russia,Europe,2015,Transport,Co2,123.526
Japan,Asia,2021,Energy,N2O,18.833
United Kingdom,Europe,2006,Buildings,Sf6,0.677
South Korea,Asia,2011,Buildings,Sf6,0.821
United States,North America,2000,Manufacturing,Hfcs,71.958
Mexico,North America,2022,Industrial Processes,Hfcs,1.385
Australia,Oceania,2013,Land Use,N2O,5.762
France,Europe,2012,Land Use,Sf6,0.1
Japan,Asia,2023,Industrial Processes,Ch4,0.464
United States,North America,2015,Waste,Ch4,95.787
Brazil,South America,2014,Agriculture,Sf6,2.895
China,Asia,2001,Agriculture,Co2,111.814
Australia,Oceania,2019,Land Use,Ch4,2.961
Japan,Asia,2020,Waste,Ch4,15.622
Indonesia,Asia,2016,Manufacturing,Hfcs,9.478
Japan,Asia,2022,Land Use,Sf6,0.1
Brazil,South America,2003,Agriculture,Hfcs,10.517
United Kingdom,Europe,2014,Energy,N2O,4.402
France,Europe,2013,Transport,Co2,78.224
South Africa,Africa,2020,Transport,N2O,6.159
India,Asia,2016,Buildings,,7.128
Australia,Oceania,2011,Manufacturing,Ch4,4.939
United States,North America,2011,Transport,Hfcs,60.988
Mexico,North America,2002,Transport,Sf6,1.106
Australia,Oceania,2011,Energy,Sf6,3.977
Indonesia,Asia,2007,Buildings,Hfcs,1.393
Mexico,North America,2001,Manufacturing,Hfcs,6.521
Australia,Oceania,2008,Buildings,Ch4,5.462
United Kingdom,Europe,2006,Agriculture,Ch4,22.871
United Kingdom,Europe,2000,Manufacturing,Co2,43.31
Mexico,North America,2010,Agriculture,Hfcs,3.197
United Kingdom,Europe,2013,Transport,Co2,70.81
Brazil,South America,2020,Manufacturing,Co2,46.141
Indonesia,Asia,2012,Waste,Ch4,33.564
United Kingdom,Europe,2017,Waste,N2O,1.513
Canada,North America,2007,Land Use,Hfcs,0.587
Russia,Europe,2010,Energy,N2O,46.148
Brazil,South America,2000,Energy,Hfcs,4.607
United Kingdom,Europe,2001,Land Use,Hfcs,0.166
South Korea,Asia,2015,Manufacturing,Co2,123.526
Mexico,North America,2013,Energy,Ch4,30.245
Indonesia,Asia,2002,Industrial Processes,Co2,3.71
Mexico,North America,2013,Manufacturing,Co2,50.815
Mexico,North America,2017,Waste,Sf6,0.305
Russia,Europe,2006,Waste,Ch4,37.593
Australia,Oceania,2009,Energy,Ch4,38.438
Brazil,South America,2002,Transport,Sf6,1.281
Russia,Europe,2022,Land Use,Sf6,0.346
Indonesia,Asia,2023,Industrial Processes,Sf6,1.978
Brazil,South America,2017,Agriculture,Sf6,3.293
China,Asia,2009,Industrial Processes,Ch4,21.22
Canada,North America,2001,Transport,Co2,123.526
Mexico,North America,2014,Manufacturing,N2O,7.147
Germany,Europe,2018,Energy,N2O,8.848
South Korea,Asia,2001,Transport,N2O,10.429
India,Asia,2012,Manufacturing,N2O,88.176
South Korea,Asia,2021,Agriculture,Co2,4.923
Japan,Asia,2015,Transport,Ch4,10.76
United Kingdom,Europe,2006,Agriculture,Co2,3.956
South Korea,Asia,2003,Buildings,Sf6,0.674
United States,North America,2015,Industrial Processes,Sf6,8.229
South Africa,Africa,2023,Waste,Hfcs,0.263
China,Asia,2023,Agriculture,Co2,123.526
South Korea,Asia,2008,Agriculture,N2O,11.224
South Korea,Asia,2014,Energy,Co2,123.526
China,Asia,2020,Manufacturing,N2O,123.526
Germany,Europe,2006,Transport,Sf6,1.314
South Africa,Africa,2020,Land Use,Ch4,1.948
China,Asia,2010,Land Use,Sf6,5.527
Canada,North America,2003,Industrial Processes,N2O,1.436
South Africa,Africa,2017,Industrial Processes,N2O,0.531
United States,North America,2001,Industrial Processes,Co2,27.569
India,Asia,2011,Manufacturing,Co2,123.526
Canada,North America,2014,Industrial Processes,N2O,1.433
Australia,Oceania,2020,Energy,Hfcs,5.696
Canada,North America,2008,Agriculture,Co2,7.641
United States,North America,2019,Buildings,Hfcs,83.159
United Kingdom,Europe,2016,Manufacturing,Ch4,4.261
Brazil,South America,2005,Energy,Sf6,3.363
China,Asia,2005,Energy,Co2,123.526
Germany,Europe,2000,Agriculture,N2O,21.99
Australia,Oceania,2002,Transport,Co2,74.884
Mexico,North America,2001,Waste,Co2,4.538
France,Europe,2018,Agriculture,N2O,16.496
Mexico,North America,2023,Buildings,N2O,5.723
Germany,Europe,2020,Buildings,Sf6,0.732
China,Asia,2006,Agriculture,Ch4,123.526
China,Asia,2015,Agriculture,Ch4,123.526
Canada,North America,2021,Buildings,Sf6,0.847
United States,North America,2013,,N2O,7.128
Germany,Europe,2019,Industrial Processes,Sf6,1.717
United Kingdom,Europe,2002,Buildings,Hfcs,10.67
Indonesia,Asia,2023,Buildings,N2O,1.522
South Africa,Africa,2015,Agriculture,Sf6,0.721
South Africa,Africa,2005,Manufacturing,Co2,48.165
Mexico,North America,2011,Agriculture,N2O,22.613
United Kingdom,Europe,2008,Transport,Ch4,4.735
South Korea,Asia,2006,Industrial Processes,Sf6,1.975
China,Asia,2003,Waste,Sf6,5.425
United States,North America,2018,Buildings,Ch4,96.584
France,Europe,2003,Land Use,Sf6,0.1
Australia,Oceania,2003,Buildings,Sf6,0.356
Indonesia,Asia,2001,Industrial Processes,Hfcs,1.957
South Africa,Africa,2016,Manufacturing,Hfcs,7.498
United Kingdom,Europe,2011,Transport,Co2,72.201
Mexico,North America,2013,Energy,Sf6,3.021
Australia,Oceania,2018,Waste,Ch4,13.26
Russia,Europe,2011,Buildings,Sf6,1.349
Mexico,North America,2003,Land Use,N2O,4.831
Germany,Europe,2008,Land Use,Co2,2.833
,Oceania,2014,Waste,Co2,7.128
United States,North America,2011,Energy,N2O,79.581
South Africa,Africa,2023,Energy,N2O,13.25
Mexico,North America,2004,Energy,N2O,7.809
,Asia,2019,Energy,Hfcs,7.128
Brazil,South America,2019,Land Use,Ch4,52.538
Indonesia,Asia,2015,Buildings,Co2,7.065
Russia,Europe,2002,Agriculture,Sf6,1.951
Japan,Asia,2013,Agriculture,Ch4,21.903
Japan,Asia,2001,Buildings,Co2,72.564
United Kingdom,Europe,2006,Transport,Hfcs,4.079
United Kingdom,Europe,2023,Waste,Hfcs,0.1
Canada,North America,2004,Transport,Ch4,8.758
Canada,North America,2012,Waste,Sf6,0.279
Germany,Europe,2013,Industrial Processes,Hfcs,2.914
United Kingdom,Europe,2008,Energy,Co2,69.468
France,Europe,2019,,Hfcs,7.128
France,Europe,2003,Energy,Sf6,1.891
Brazil,South America,2011,Transport,Hfcs,54.16
Mexico,North America,2012,Buildings,Sf6,0.475
France,Europe,2011,Agriculture,Sf6,0.656
Australia,Oceania,2014,Energy,N2O,10.447
,Asia,2013,Land Use,N2O,7.128
Russia,Europe,2012,Agriculture,N2O,57.141
Canada,North America,2009,Transport,Co2,123.526
India,Asia,2015,Transport,Co2,123.526
China,Asia,2002,Energy,Hfcs,90.546
Australia,Oceania,2011,Industrial Processes,Hfcs,2.735
Australia,Oceania,2016,Energy,Sf6,4.359
Japan,Asia,2005,Agriculture,Hfcs,1.847
France,Europe,2000,Transport,Co2,104.108
Russia,Europe,2002,Buildings,Sf6,1.402
United States,North America,2016,Buildings,Ch4,102.328
Mexico,North America,2018,Manufacturing,N2O,8.25
Germany,Europe,2004,Buildings,Sf6,1.062
Brazil,South America,2018,Waste,Co2,8.719
Russia,Europe,2016,Land Use,Co2,15.99
South Korea,Asia,2023,,Ch4,7.128
South Korea,Asia,2013,Transport,Co2,97.011
China,Asia,2010,Waste,Sf6,6.948
Canada,North America,2013,Transport,N2O,17.522
India,Asia,2021,Industrial Processes,Ch4,6.984
United States,North America,2019,Energy,Hfcs,44.55
United Kingdom,Europe,2011,Manufacturing,N2O,4.979
Japan,Asia,2014,Waste,Ch4,18.082
Brazil,South America,2004,Agriculture,N2O,80.255
United Kingdom,Europe,2017,Energy,Co2,56.522
Japan,Asia,2018,Land Use,Hfcs,0.1
Mexico,North America,2009,Energy,Sf6,2.937
United Kingdom,Europe,2020,Agriculture,Ch4,14.505
India,Asia,2015,Land Use,Sf6,1.639
Russia,Europe,2019,Transport,Ch4,13.196
Germany,Europe,2006,Agriculture,Hfcs,2.726
France,Europe,2004,Buildings,Co2,39.923
South Korea,Asia,2005,Land Use,Sf6,0.1
Russia,Europe,2020,Agriculture,Sf6,1.708
China,Asia,2022,Manufacturing,Co2,123.526
China,Asia,2007,Agriculture,Hfcs,51.46
Russia,Europe,2013,Land Use,Hfcs,1.525
Russia,Europe,2001,Industrial Processes,Co2,9.252
France,Europe,2009,Manufacturing,Sf6,0.774
Brazil,South America,2015,Agriculture,Hfcs,12.974
South Africa,Africa,2018,Agriculture,Sf6,0.786
Russia,Europe,2016,Industrial Processes,Sf6,2.841
South Africa,Africa,2013,Buildings,Hfcs,2.769
South Korea,Asia,2013,Manufacturing,Ch4,22.309
Russia,Europe,2015,Buildings,Hfcs,17.327
China,Asia,2015,Industrial Processes,N2O,51.802
Japan,Asia,2004,Agriculture,N2O,13.776
Canada,North America,2012,Buildings,Hfcs,11.489
Mexico,North America,2015,Manufacturing,Sf6,3.877
China,Asia,2016,Agriculture,Hfcs,77.861
Russia,Europe,2012,Land Use,Hfcs,1.5
South Korea,Asia,2017,Transport,Sf6,1.257
Mexico,North America,2016,Transport,N2O,13.648
South Africa,Africa,2017,Energy,N2O,12.832
United States,North America,2005,Industrial Processes,Hfcs,14.835
Indonesia,Asia,2013,Land Use,Sf6,2.172
South Africa,Africa,2001,Industrial Processes,Hfcs,1.3
South Africa,Africa,2001,Manufacturing,Sf6,3.49
Australia,Oceania,2016,Waste,Co2,3.891
Mexico,North America,2006,Manufacturing,Co2,46.13
Brazil,South America,2021,Land Use,Co2,109.091
Indonesia,Asia,2006,Industrial Processes,Ch4,0.443
Indonesia,Asia,2012,Manufacturing,Ch4,8.019
Indonesia,Asia,2014,Manufacturing,Co2,55.831
India,Asia,2007,Manufacturing,Co2,123.526
United Kingdom,Europe,2021,Energy,Co2,55.572
Japan,Asia,2015,Land Use,Co2,0.1
China,Asia,2011,Industrial Processes,Sf6,69.531
France,Europe,2014,Industrial Processes,Co2,1.421
South Africa,Africa,2009,Waste,Sf6,0.235
South Korea,Asia,2019,Energy,Ch4,57.544
Brazil,South America,2014,Waste,Hfcs,0.409
Germany,Europe,2022,Energy,Ch4,28.584
China,Asia,2002,Buildings,Hfcs,121.305
United Kingdom,Europe,2020,Manufacturing,N2O,3.295
Russia,Europe,2013,Buildings,,7.128
United States,North America,2004,Industrial Processes,N2O,6.115
,South America,2013,Energy,Ch4,7.128
Canada,North America,2001,Manufacturing,Hfcs,8.047
United States,North America,2010,Buildings,Hfcs,94.937
France,Europe,2010,Industrial Processes,N2O,0.361
Germany,Europe,2003,Industrial Processes,N2O,1.481
Canada,North America,2020,Energy,Hfcs,6.867
Russia,Europe,2001,Energy,Sf6,17.575
Mexico,North America,2007,Waste,Ch4,14.293
Mexico,North America,2017,Transport,Ch4,6.708
United Kingdom,Europe,2011,Energy,N2O,4.559
China,Asia,2016,Transport,N2O,123.526
Japan,Asia,2004,Energy,N2O,22.107
South Africa,Africa,2023,Buildings,Co2,13.821
South Korea,Asia,2015,Buildings,N2O,8.398
Japan,Asia,2011,Agriculture,Co2,4.126
India,Asia,2013,Land Use,Hfcs,6.802
Mexico,North America,2011,,Hfcs,7.128
United States,North America,2012,Manufacturing,N2O,65.622
France,Europe,2020,Transport,Hfcs,3.181
India,Asia,2000,Energy,Hfcs,28.72
Germany,Europe,2013,Industrial Processes,Co2,5.84
United Kingdom,Europe,2013,Energy,Ch4,17.406
India,Asia,2004,Manufacturing,Sf6,35.545
Russia,Europe,2014,Transport,Sf6,2.493
Mexico,North America,2023,Transport,Co2,112.984
Indonesia,Asia,2008,Manufacturing,Sf6,4.06
Australia,Oceania,2006,Transport,Hfcs,3.533
Japan,Asia,2022,Transport,Sf6,1.883
South Africa,Africa,2016,Energy,N2O,13.42
Indonesia,Asia,2009,Energy,N2O,15.567
Japan,Asia,2021,Land Use,Sf6,0.1
Germany,Europe,2001,Energy,Ch4,48.782
South Korea,Asia,2002,Manufacturing,Sf6,9.402
India,Asia,2006,Buildings,Sf6,3.967
Australia,Oceania,2004,,Hfcs,7.128
Germany,Europe,2010,Waste,Co2,5.181
India,Asia,2015,Agriculture,Ch4,123.526
United States,North America,2016,Manufacturing,Hfcs,61.872
China,Asia,2013,Buildings,,7.128
Brazil,South America,2003,Buildings,Hfcs,1.265
Russia,Europe,2005,Industrial Processes,Ch4,1.023
Mexico,North America,2012,Buildings,Hfcs,7.274
India,Asia,2018,Industrial Processes,N2O,12.083
Germany,Europe,2017,Transport,Ch4,5.901
United Kingdom,Europe,2006,Energy,Co2,80.122
Japan,Asia,2006,Energy,N2O,21.223
Russia,Europe,2000,Waste,Ch4,38.725
France,Europe,2006,Energy,Sf6,1.949
Indonesia,Asia,2017,Manufacturing,Ch4,9.725
Russia,Europe,2002,Transport,Hfcs,10.899
United Kingdom,Europe,2017,Waste,Co2,1.819
France,Europe,2004,Agriculture,N2O,21.956
China,Asia,2018,Buildings,Ch4,123.526
Mexico,North America,2018,Transport,Sf6,1.456
Japan,Asia,2005,Industrial Processes,Hfcs,2.927
Russia,Europe,2000,,Sf6,7.128
United States,North America,2023,Energy,Co2,123.526
France,Europe,2005,Land Use,Ch4,0.747
United Kingdom,Europe,2021,Industrial Processes,N2O,0.255
China,Asia,2008,Agriculture,Hfcs,51.38
France,Europe,2005,Transport,Sf6,1.169
Australia,Oceania,2022,Waste,Hfcs,0.208
China,Asia,2017,Land Use,Sf6,7.603
Brazil,South America,2000,Transport,Hfcs,4.853
United Kingdom,Europe,2012,Manufacturing,Hfcs,4.457
Japan,Asia,2014,Transport,Sf6,1.92
Russia,Europe,2014,Waste,Sf6,0.545
Brazil,South America,2000,Waste,Ch4,20.804
Canada,North America,2014,Industrial Processes,Sf6,2.248
India,Asia,2013,Transport,Hfcs,28.484
Germany,Europe,2001,Land Use,Co2,2.905
Russia,Europe,2016,Agriculture,N2O,55.594
Canada,North America,2003,Buildings,Ch4,14.169
Australia,Oceania,2015,Energy,Ch4,42.506
Germany,Europe,2021,Buildings,N2O,7.82
China,Asia,2020,Industrial Processes,Sf6,93.639
Indonesia,Asia,2018,Waste,Ch4,34.673
United Kingdom,Europe,2018,Industrial Processes,Sf6,0.437
Indonesia,Asia,2016,Land Use,N2O,89.002
Mexico,North America,2000,Waste,Ch4,14.781
Indonesia,Asia,2018,Energy,N2O,23.078
Mexico,North America,2008,Energy,Hfcs,4.343
Russia,Europe,2004,Industrial Processes,Sf6,3.175
India,Asia,2010,Transport,Co2,123.526
Canada,North America,2012,Transport,N2O,17.392
Japan,Asia,2007,Energy,N2O,23.246
China,Asia,2018,Buildings,Sf6,15.512
India,Asia,2001,Transport,Co2,123.526
Japan,Asia,2019,Buildings,Sf6,0.948
France,Europe,2012,Energy,Sf6,1.587
United States,North America,2004,Buildings,N2O,77.061
France,Europe,2018,Land Use,Ch4,0.607
United Kingdom,Europe,2019,Waste,N2O,1.616
South Africa,Africa,2007,,Hfcs,7.128
United Kingdom,Europe,2019,Buildings,Ch4,8.226
Japan,Asia,2002,Buildings,Hfcs,15.895
Germany,Europe,2023,Land Use,Hfcs,0.195
,North America,2007,Agriculture,Ch4,7.128
China,Asia,2013,Agriculture,Co2,123.526
France,Europe,2015,Manufacturing,Co2,10.485
South Africa,Africa,2013,Buildings,N2O,1.969
Russia,Europe,2002,Industrial Processes,Co2,9.469
Brazil,South America,2009,Transport,Ch4,6.372
Canada,North America,2019,Industrial Processes,Co2,6.452
France,Europe,2020,Waste,Ch4,4.533
Indonesia,Asia,2014,Energy,Hfcs,11.32
Brazil,South America,2007,Land Use,N2O,78.856
Germany,Europe,2020,Waste,Co2,4.107
Indonesia,Asia,2015,Buildings,N2O,1.19
France,Europe,2001,Waste,Co2,2.535
Japan,Asia,2004,Agriculture,Sf6,0.439
United Kingdom,Europe,2001,Land Use,Sf6,0.1
Mexico,North America,2004,Transport,Sf6,1.279
France,Europe,2012,Waste,Sf6,0.103
India,Asia,2011,Energy,,7.128
Canada,North America,2011,Industrial Processes,Hfcs,3.794
South Africa,Africa,2022,Buildings,Sf6,0.231
Indonesia,Asia,2016,Agriculture,Sf6,2.194
South Korea,Asia,2018,Transport,Hfcs,5.447
South Korea,Asia,2015,Energy,Co2,123.526
United Kingdom,Europe,2018,Energy,Hfcs,2.216
India,Asia,2006,Waste,Sf6,2.65
Australia,Oceania,2013,Waste,Sf6,0.216
Australia,Oceania,2000,Waste,Co2,4.038
Japan,Asia,2002,Agriculture,Sf6,0.46
Russia,Europe,2006,Land Use,Sf6,0.389
Germany,Europe,2012,Transport,Sf6,1.319
United States,North America,2005,Buildings,Hfcs,111.027
Canada,North America,2000,Buildings,,7.128
Japan,Asia,2017,Energy,Hfcs,12.154
India,Asia,2007,Land Use,Ch4,24.786
United Kingdom,Europe,2013,Waste,Sf6,0.1
Canada,North America,2002,Transport,Co2,123.526
Canada,North America,2009,Land Use,Hfcs,0.512
Mexico,North America,2005,Waste,Co2,5.349
South Korea,Asia,2023,Industrial Processes,N2O,1.818
Brazil,South America,2003,Agriculture,Co2,28.621
Russia,Europe,2018,Manufacturing,N2O,35.988
Brazil,South America,2000,Agriculture,Co2,27.575
Russia,Europe,2007,Transport,Sf6,2.702
Russia,Europe,2021,Land Use,Ch4,8.323
Indonesia,Asia,2014,Industrial Processes,N2O,1.185
Canada,North America,2020,Land Use,Hfcs,0.502
Japan,Asia,2011,Land Use,Sf6,0.1
Australia,Oceania,2001,Industrial Processes,Co2,4.758
United Kingdom,Europe,2015,Buildings,Co2,32.295
Australia,Oceania,2018,Land Use,Co2,6.667
Australia,Oceania,2022,Agriculture,Sf6,0.825
India,Asia,2008,Land Use,Ch4,27.142
Australia,Oceania,2013,Energy,N2O,10.705
South Korea,Asia,2012,Waste,N2O,4.489
Japan,Asia,2012,Industrial Processes,Hfcs,2.447
Mexico,North America,2003,Agriculture,Sf6,0.738
South Korea,Asia,2016,Manufacturing,N2O,23.045
South Korea,Asia,2006,Waste,Ch4,13.049
Mexico,North America,2020,Waste,Co2,5.564
China,Asia,2004,Waste,Co2,119.98
South Africa,Africa,2023,Transport,Ch4,3.483
Australia,Oceania,2013,Waste,Hfcs,0.22
Australia,Oceania,2013,Agriculture,Co2,7.91
South Korea,Asia,2013,Energy,Sf6,5.667
India,Asia,2016,Industrial Processes,Co2,57.027
India,Asia,2017,Manufacturing,Sf6,54.844
Russia,Europe,2023,Energy,Sf6,16.152
Russia,Europe,2011,Transport,Hfcs,10.212
Germany,Europe,2007,Industrial Processes,Ch4,0.699
Australia,Oceania,2003,Agriculture,Sf6,0.862
Canada,North America,2017,Agriculture,N2O,19.849
Australia,Oceania,2012,Waste,N2O,3.633
Mexico,North America,2002,Manufacturing,Co2,43.452
Germany,Europe,2009,Transport,,7.128
France,Europe,2011,Industrial Processes,Hfcs,0.918
Russia,Europe,2015,Energy,N2O,41.482
United Kingdom,Europe,2008,Buildings,Hfcs,8.972
Australia,Oceania,2006,Land Use,Hfcs,0.58
France,Europe,2007,Agriculture,Ch4,32.768
China,Asia,2016,Industrial Processes,Ch4,26.351
Canada,North America,2022,Land Use,Hfcs,0.579
Japan,Asia,2016,Buildings,Sf6,0.952
United Kingdom,Europe,2015,Agriculture,N2O,8.671
China,Asia,2023,Energy,Ch4,123.526
Australia,Oceania,2009,Land Use,Hfcs,0.605
United States,North America,2005,Buildings,N2O,75.751
Japan,Asia,2013,Land Use,Hfcs,0.1
Australia,Oceania,2014,Agriculture,Sf6,0.76
China,Asia,2005,,Ch4,7.128
China,Asia,2013,Industrial Processes,Hfcs,123.526
South Korea,Asia,2005,Industrial Processes,Sf6,2.071
United States,North America,2009,Transport,N2O,123.526
South Korea,Asia,2014,Transport,Sf6,1.342
Canada,North America,2019,Transport,N2O,18.305
France,Europe,2013,Land Use,Co2,1.357
Russia,Europe,2013,Waste,Sf6,0.585
South Africa,Africa,2010,Energy,Hfcs,6.872
United Kingdom,Europe,2011,Buildings,Hfcs,7.756
United Kingdom,Europe,2017,Agriculture,N2O,8.521
India,Asia,2020,,Ch4,7.128
Germany,Europe,2020,Land Use,Ch4,1.054
Brazil,South America,2013,Agriculture,Ch4,123.526
Brazil,South America,2002,Transport,Ch4,6.106
Australia,Oceania,2007,Industrial Processes,N2O,1.071
Japan,Asia,2014,Energy,Ch4,77.534
Mexico,North America,2005,Buildings,N2O,4.725
Indonesia,Asia,2018,Land Use,N2O,93.35
Russia,Europe,2003,Land Use,Ch4,7.825
United States,North America,2017,Waste,Co2,32.052
South Korea,Asia,2023,Waste,Hfcs,0.265
Mexico,North America,2015,Land Use,Ch4,3.357
Mexico,North America,2008,Energy,Sf6,3.277
China,Asia,2018,Energy,Sf6,97.358
France,Europe,2007,Buildings,Ch4,9.73
France,Europe,2018,Manufacturing,Hfcs,1.554
United States,North America,2004,Land Use,Hfcs,4.744
France,Europe,2007,Manufacturing,Hfcs,1.942
Indonesia,Asia,2011,Land Use,Sf6,2.26
Germany,Europe,2005,Manufacturing,Hfcs,15.365
China,Asia,2011,Transport,N2O,123.526
United States,North America,2020,Land Use,Ch4,21.542
Brazil,South America,2018,Buildings,Ch4,1.454
United Kingdom,Europe,2007,Agriculture,Hfcs,1.56
Japan,Asia,2008,Transport,Co2,123.526
India,Asia,2017,Agriculture,Sf6,12.193
China,Asia,2023,Buildings,Sf6,18.792
Germany,Europe,2005,Land Use,Hfcs,0.294
Japan,Asia,2001,Agriculture,Co2,5.108
Japan,Asia,2015,Manufacturing,Hfcs,21.995
China,Asia,2021,Industrial Processes,Co2,123.526
Canada,North America,2013,Land Use,Ch4,3.019
South Korea,Asia,2020,Manufacturing,Hfcs,21.594
South Africa,Africa,2021,Land Use,N2O,3.976
Canada,North America,2006,Manufacturing,Hfcs,7.594
United States,North America,2008,Industrial Processes,Co2,23.575
India,Asia,2023,Industrial Processes,Sf6,22.001
United Kingdom,Europe,2014,Transport,Hfcs,3.282
Canada,North America,2019,Manufacturing,Ch4,6.352
Russia,Europe,2015,Waste,Sf6,0.533
Russia,Europe,2006,Energy,Co2,123.526
India,Asia,2010,Manufacturing,N2O,87.006
Germany,Europe,2006,Waste,Co2,5.818
Indonesia,Asia,2022,Waste,Ch4,41.045
Australia,Oceania,2008,Agriculture,Hfcs,3.033
Mexico,North America,2012,Manufacturing,Hfcs,7.171
Brazil,South America,2009,Waste,Co2,6.885
Brazil,South America,2001,Energy,Sf6,3.202
Russia,Europe,2017,Agriculture,Co2,18.438
India,Asia,2005,,Hfcs,7.128
Brazil,South America,2006,Industrial Processes,N2O,1.001
United States,North America,2016,Waste,Ch4,87.557
United Kingdom,Europe,2007,Energy,Ch4,21.329
India,Asia,2019,Energy,Co2,123.526
United States,North America,2006,Industrial Processes,N2O,5.625
South Africa,Africa,2009,Agriculture,Ch4,33.484
South Africa,Africa,2014,Industrial Processes,Hfcs,1.292
United Kingdom,Europe,2015,Manufacturing,Hfcs,4.338
Brazil,South America,2012,Land Use,Ch4,52.909
Russia,Europe,2017,Manufacturing,Ch4,32.539
United Kingdom,Europe,2010,Agriculture,Co2,3.709
Indonesia,Asia,2002,Energy,N2O,15.768
United States,North America,2009,Industrial Processes,Co2,24.57
United States,North America,2000,Manufacturing,Sf6,36.558
United States,North America,2003,Manufacturing,N2O,66.357
Germany,Europe,2014,Energy,Hfcs,5.303
United States,North America,2001,Manufacturing,Hfcs,76.019
United Kingdom,Europe,2003,Agriculture,Ch4,23.851
United States,North America,2018,Waste,Co2,28.147
South Korea,Asia,2016,Transport,N2O,14.049
Brazil,South America,2013,Buildings,Ch4,1.484
India,Asia,2009,Buildings,Ch4,61.231
India,Asia,2003,Industrial Processes,Co2,36.995
Japan,Asia,2021,Buildings,Sf6,1.07
Russia,Europe,2003,Buildings,Ch4,20.588
South Africa,Africa,2006,Buildings,Ch4,3.068
Australia,Oceania,2016,Industrial Processes,Hfcs,2.643
Germany,Europe,2012,Industrial Processes,Sf6,1.788
United Kingdom,Europe,2013,Industrial Processes,N2O,0.31
Mexico,North America,2006,Energy,Ch4,28.54
India,Asia,2003,Waste,N2O,40.291
United States,North America,2013,Waste,Hfcs,1.607
United Kingdom,Europe,2018,Waste,Sf6,0.1
United Kingdom,Europe,2022,Manufacturing,N2O,3.662
Australia,Oceania,2008,Buildings,N2O,3.635
United States,North America,2015,Transport,Ch4,74.182
Japan,Asia,2005,Industrial Processes,Co2,4.986
South Africa,Africa,2020,Energy,Hfcs,7.027
United States,North America,2016,Energy,N2O,78.165
China,Asia,2008,Energy,Ch4,123.526
South Africa,Africa,2003,Manufacturing,Ch4,6.619
India,Asia,2013,Agriculture,Hfcs,42.721
Germany,Europe,2013,Land Use,Ch4,1.239
Brazil,South America,2007,Agriculture,Co2,28.611
Canada,North America,2008,Transport,Ch4,9.337
United Kingdom,Europe,2008,Waste,Hfcs,0.11
Brazil,South America,2022,Buildings,Co2,5.793
Canada,North America,2021,Energy,N2O,11.526
Russia,Europe,2004,Land Use,Co2,16.332
Japan,Asia,2004,Transport,Co2,123.526
Indonesia,Asia,2001,Waste,Ch4,24.262
Indonesia,Asia,2016,Energy,Co2,123.526
China,Asia,2006,Buildings,Hfcs,123.526
Germany,Europe,2017,Manufacturing,Ch4,11.216
Canada,North America,2012,Agriculture,Hfcs,2.829
United Kingdom,Europe,2013,Agriculture,Sf6,0.3
United Kingdom,Europe,2010,Buildings,Sf6,0.616
Russia,Europe,2005,Industrial Processes,Co2,9.401
Mexico,North America,2017,Energy,Co2,120.097
Brazil,South America,2002,Transport,N2O,13.286
South Korea,Asia,2007,Energy,Hfcs,8.208
Germany,Europe,2016,Buildings,Ch4,12.186
Germany,Europe,2005,Industrial Processes,N2O,1.394
Germany,Europe,2021,Waste,Ch4,13.66
France,Europe,2006,Industrial Processes,Co2,1.821
Canada,North America,2008,Buildings,Hfcs,12.644
Canada,North America,2014,Agriculture,N2O,19.653
Australia,Oceania,2022,Land Use,Hfcs,0.641
India,Asia,2010,Buildings,Sf6,4.757
India,Asia,2004,Agriculture,Ch4,123.526
South Korea,Asia,2013,Energy,Ch4,54.399
France,Europe,2000,Agriculture,Co2,7.717
France,Europe,2019,Buildings,N2O,5.253
France,Europe,2002,Buildings,N2O,7.736
Germany,Europe,2022,Industrial Processes,Co2,4.887
India,Asia,2023,Manufacturing,,7.128
Brazil,South America,2001,Industrial Processes,Hfcs,2.306
Australia,Oceania,2009,Industrial Processes,Co2,4.458
France,Europe,2018,Transport,Hfcs,3.6
Russia,Europe,2017,Waste,Sf6,0.542
South Africa,Africa,2009,Buildings,Co2,10.738
Australia,Oceania,2001,Manufacturing,Hfcs,4.987
Germany,Europe,2015,Manufacturing,Co2,71.399
Brazil,South America,2022,Agriculture,Ch4,123.526
Russia,Europe,2020,Buildings,Sf6,1.314
China,Asia,2002,Land Use,Co2,123.526
Australia,Oceania,2001,Manufacturing,Ch4,5.381
Japan,Asia,2023,Waste,Ch4,16.819
United Kingdom,Europe,2005,Transport,N2O,10.515
Australia,Oceania,2004,Manufacturing,Hfcs,5.102
France,Europe,2008,Industrial Processes,Sf6,0.525
United Kingdom,Europe,2008,Transport,N2O,10.318
Brazil,South America,2016,Industrial Processes,Co2,4.646
South Africa,Africa,2014,Waste,Ch4,15.83
Canada,North America,2000,Land Use,Hfcs,0.56
United States,North America,2000,Transport,N2O,123.526
Indonesia,Asia,2018,Agriculture,Hfcs,9.034
India,Asia,2000,Waste,Co2,42.116
Russia,Europe,2001,Industrial Processes,N2O,2.109
Russia,Europe,2019,Manufacturing,Hfcs,34.629
China,Asia,2002,Manufacturing,Co2,123.526
South Korea,Asia,2022,Waste,Sf6,0.278
Mexico,North America,2002,Transport,Co2,98.211
South Korea,Asia,2023,Waste,Ch4,15.89
China,Asia,2005,Manufacturing,Sf6,123.526
United Kingdom,Europe,2008,Manufacturing,Sf6,2.675
China,Asia,2001,Manufacturing,Sf6,123.526
South Africa,Africa,2004,Transport,N2O,6.049
Mexico,North America,2001,Energy,Hfcs,4.296
Mexico,North America,2010,Waste,Sf6,0.282
Brazil,South America,2015,Waste,Hfcs,0.391
Indonesia,Asia,2007,Energy,Sf6,7.184
China,Asia,2011,Buildings,Ch4,123.526
France,Europe,2018,Transport,N2O,8.857
Germany,Europe,2008,Land Use,Sf6,0.1
Russia,Europe,2017,Land Use,N2O,13.447
South Africa,Africa,2022,Waste,Ch4,15.171
South Korea,Asia,2021,Manufacturing,Hfcs,25.755
France,Europe,2002,Transport,Co2,90.581
Australia,Oceania,2002,Waste,Sf6,0.188
South Korea,Asia,2002,Waste,Co2,4.011
China,Asia,2009,Industrial Processes,Hfcs,104.371
Indonesia,Asia,2008,Industrial Processes,Sf6,1.545
Mexico,North America,2009,Transport,N2O,12.571
Mexico,North America,2018,Land Use,Hfcs,0.637
Brazil,South America,2004,Transport,N2O,13.369
France,Europe,2017,Industrial Processes,Co2,1.343
Indonesia,Asia,2008,Land Use,Sf6,2.051
United Kingdom,Europe,2009,Waste,Co2,2.04
Germany,Europe,2001,Buildings,N2O,11.705
South Africa,Africa,2008,Manufacturing,Hfcs,7.319
Indonesia,Asia,2007,Waste,Ch4,27.797
South Korea,Asia,2017,Energy,Sf6,5.877
Australia,Oceania,2015,Waste,Sf6,0.199
China,Asia,2008,Agriculture,Co2,123.526
United States,North America,2020,Waste,Ch4,83.947
China,Asia,2020,Agriculture,N2O,123.526
India,Asia,2001,Manufacturing,Hfcs,69.094
Russia,Europe,2015,Land Use,Sf6,0.404
China,Asia,2015,Agriculture,Hfcs,67.217
United States,North America,2008,Energy,N2O,89.429
South Korea,Asia,2006,Waste,Hfcs,0.228
United Kingdom,Europe,2023,Land Use,Ch4,0.495
Russia,Europe,2000,Land Use,Hfcs,1.72
Indonesia,Asia,2021,Agriculture,Co2,23.343
Germany,Europe,2008,Energy,N2O,10.289
Japan,Asia,2021,Agriculture,Ch4,21.905
Russia,Europe,2009,Land Use,Sf6,0.386
Germany,Europe,2020,Energy,Hfcs,4.207
Canada,North America,2023,Land Use,Co2,5.577
Germany,Europe,2006,Land Use,Ch4,1.417
Australia,Oceania,2013,Agriculture,Hfcs,3.061
France,Europe,2018,Energy,N2O,3.905
France,Europe,2008,Buildings,Sf6,0.665
Germany,Europe,2009,Land Use,Ch4,1.265
Russia,Europe,2007,Land Use,Hfcs,1.523
France,Europe,2021,Agriculture,N2O,15.006
India,Asia,2013,Agriculture,N2O,123.526
South Africa,Africa,2004,Manufacturing,Sf6,3.172
India,Asia,2002,Waste,Sf6,2.305
Indonesia,Asia,2005,Industrial Processes,Ch4,0.475
Brazil,South America,2004,Energy,Hfcs,5.136
Indonesia,Asia,2000,Manufacturing,Hfcs,6.496
Russia,Europe,2005,Land Use,Ch4,7.555
Russia,Europe,2021,Energy,Sf6,17.217
China,Asia,2008,Manufacturing,Co2,123.526
Canada,North America,2018,Energy,Hfcs,7.362
United Kingdom,Europe,2002,Agriculture,Sf6,0.423
Canada,North America,2019,Land Use,Co2,5.749
South Korea,Asia,2005,Waste,N2O,3.96
Mexico,North America,2009,Agriculture,Hfcs,2.776
Russia,Europe,2011,Agriculture,Sf6,2.056
Russia,Europe,2005,Waste,N2O,9.803
Japan,Asia,2002,Land Use,Sf6,0.1
France,Europe,2010,Manufacturing,Hfcs,1.739
Australia,Oceania,2021,Buildings,N2O,3.831
Australia,Oceania,2023,Industrial Processes,Hfcs,2.509
Japan,Asia,2008,Buildings,Sf6,1.073
Mexico,North America,2023,Waste,Co2,6.321
Japan,Asia,2014,Industrial Processes,Ch4,0.474
South Korea,Asia,2005,Energy,Sf6,4.592
United States,North America,2019,Agriculture,Ch4,123.526
Japan,Asia,2015,Land Use,Sf6,0.1
Indonesia,Asia,2010,Industrial Processes,N2O,1.098
Russia,Europe,2013,Industrial Processes,N2O,1.953
Mexico,North America,2002,Waste,Ch4,14.004
France,Europe,2001,Industrial Processes,N2O,0.429
United States,North America,2005,Transport,Ch4,84.128
United States,North America,2012,Agriculture,Ch4,123.526
Germany,Europe,2013,Industrial Processes,N2O,1.147
Germany,Europe,2016,Transport,Sf6,1.17
Indonesia,Asia,2013,Manufacturing,Co2,57.437
Canada,North America,2002,Energy,Hfcs,7.752
Germany,Europe,2003,Agriculture,Ch4,29.574
India,Asia,2000,Buildings,Hfcs,45.565
Russia,Europe,2014,Industrial Processes,Hfcs,4.785
Brazil,South America,2001,Buildings,Ch4,1.349
South Africa,Africa,2008,Energy,N2O,11.137
United States,North America,2009,Waste,N2O,27.248
France,Europe,2023,Manufacturing,Ch4,1.284
France,Europe,2014,Energy,Hfcs,2.395
Brazil,South America,2013,Energy,N2O,9.361
United States,North America,2006,Transport,Hfcs,60.976
Mexico,North America,2016,Energy,Hfcs,5.108
China,Asia,2010,Buildings,Sf6,13.399
China,Asia,2013,Land Use,Sf6,7.062
India,Asia,2000,Land Use,Sf6,1.134
Mexico,North America,2013,Transport,Hfcs,4.96
Australia,Oceania,2008,Manufacturing,Hfcs,5.197
Mexico,North America,2002,Land Use,Sf6,0.137
Australia,Oceania,2010,Land Use,Ch4,3.184
Indonesia,Asia,2021,Agriculture,Hfcs,9.715
South Africa,Africa,2009,Energy,N2O,12.17
Russia,Europe,2004,Buildings,Hfcs,19.749
Russia,Europe,2000,Industrial Processes,Sf6,2.905
Australia,Oceania,2009,Buildings,N2O,3.342
Germany,Europe,2008,,Hfcs,7.128
Brazil,South America,2015,Industrial Processes,Sf6,1.608
Japan,Asia,2009,Buildings,Co2,59.624
South Africa,Africa,2012,Industrial Processes,Ch4,0.238
Australia,Oceania,2015,Transport,Hfcs,3.531
China,Asia,2014,Agriculture,Hfcs,70.62
Indonesia,Asia,2007,Industrial Processes,Sf6,1.352
Brazil,South America,2020,Industrial Processes,Hfcs,2.619
United Kingdom,Europe,2014,Manufacturing,Co2,26.729
Japan,Asia,2022,Agriculture,N2O,11.365
Russia,Europe,2010,Industrial Processes,Co2,8.96
South Korea,Asia,2006,Waste,N2O,3.979
Mexico,North America,2011,Transport,N2O,12.893
India,Asia,2019,Agriculture,N2O,123.526
Canada,North America,2010,Waste,Ch4,17.815
United States,North America,2015,Buildings,Hfcs,93.87
China,Asia,2001,Waste,Hfcs,4.846
India,Asia,2017,Transport,Sf6,8.179
Germany,Europe,2022,Manufacturing,Hfcs,10.053
Brazil,South America,2020,Manufacturing,Ch4,7.333
United Kingdom,Europe,2000,Waste,Ch4,8.224
South Africa,Africa,2007,Land Use,Sf6,0.1
India,Asia,2013,Manufacturing,Co2,123.526
United States,North America,2015,Industrial Processes,Co2,23.513
France,Europe,2012,Waste,Co2,1.894
South Korea,Asia,2023,Energy,N2O,16.946
Canada,North America,2021,Manufacturing,Hfcs,7.489
Indonesia,Asia,2019,Energy,Sf6,8.654
Australia,Oceania,2003,Transport,Hfcs,3.563
China,Asia,2006,Transport,Co2,123.526
Russia,Europe,2004,Manufacturing,Sf6,19.07
Australia,Oceania,2014,Energy,Ch4,40.759
France,Europe,2011,Industrial Processes,Sf6,0.539
France,Europe,2008,Agriculture,Sf6,0.665
France,Europe,2015,,N2O,7.128
United Kingdom,Europe,2022,Energy,Ch4,14.888
Brazil,South America,2018,Waste,N2O,7.976
Brazil,South America,2014,Transport,Co2,107.166
China,Asia,2016,Land Use,Hfcs,30.085
Russia,Europe,2011,Energy,Hfcs,26.472
Germany,Europe,2013,Transport,,7.128
Indonesia,Asia,2006,Industrial Processes,Co2,4.423
Canada,North America,2010,Land Use,N2O,5.363
Russia,Europe,2010,Waste,N2O,9.757
Canada,North America,2002,Waste,Sf6,0.292
India,Asia,2012,Waste,Co2,67.527
Mexico,North America,2008,Industrial Processes,N2O,0.512
Canada,North America,2023,Transport,Ch4,8.374
Mexico,North America,2003,Manufacturing,Co2,46.078
South Africa,Africa,2018,Manufacturing,Sf6,3.533
France,Europe,2010,Waste,Hfcs,0.111
Canada,North America,2014,Transport,Sf6,1.844
Germany,Europe,2003,Energy,Co2,123.526
France,Europe,2005,Industrial Processes,N2O,0.374
Japan,Asia,2001,Waste,Ch4,20.849
Canada,North America,2002,Industrial Processes,Sf6,2.394
Japan,Asia,2010,Waste,Hfcs,0.301
India,Asia,2002,Industrial Processes,Ch4,3.518
Canada,North America,2014,Energy,Ch4,45.446
Germany,Europe,2016,Buildings,Sf6,0.897
Canada,North America,2021,Industrial Processes,Sf6,2.032
Brazil,South America,2009,Waste,Hfcs,0.371
Mexico,North America,2015,Land Use,Hfcs,0.662
United States,North America,2011,Waste,N2O,31.106
Mexico,North America,2011,Land Use,Sf6,0.159
Russia,Europe,2017,Industrial Processes,Co2,8.75
India,Asia,2016,Industrial Processes,Ch4,5.847
South Korea,Asia,2014,Energy,Ch4,57.635
Mexico,North America,2000,Industrial Processes,N2O,0.517
United States,North America,2011,Agriculture,Hfcs,17.969
China,Asia,2002,Land Use,Sf6,4.419
Mexico,North America,2021,Industrial Processes,Hfcs,1.63
Russia,Europe,2015,Waste,Hfcs,0.605
China,Asia,2005,Land Use,Co2,123.526
South Africa,Africa,2001,Agriculture,N2O,19.501
,South America,2014,Agriculture,N2O,7.128
United Kingdom,Europe,2012,Land Use,Ch4,0.615
Germany,Europe,2013,Waste,N2O,4.11
United States,North America,2014,Energy,Co2,123.526
Australia,Oceania,2018,Buildings,Sf6,3.65
China,Asia,2005,Agriculture,Sf6,12.58
Mexico,North America,2021,Waste,N2O,5.269
Canada,North America,2004,Land Use,N2O,4.899
Russia,Europe,2018,Buildings,Hfcs,19.679
India,Asia,2014,Transport,N2O,83.93
Canada,North America,2022,Buildings,Ch4,12.218
Canada,North America,2006,Waste,N2O,5.215
India,Asia,2006,Buildings,N2O,35.829
Germany,Europe,2007,Transport,Hfcs,5.374
Brazil,South America,2020,Manufacturing,N2O,6.619
Mexico,North America,2000,Waste,Co2,5.171
India,Asia,2016,Waste,Co2,74.281
United Kingdom,Europe,2015,Waste,Hfcs,0.1
Canada,North America,2023,Buildings,N2O,8.377
Canada,North America,2017,Energy,Ch4,49.682
Indonesia,Asia,2012,Industrial Processes,N2O,1.136
Germany,Europe,2006,Agriculture,Sf6,0.621
France,Europe,2010,Agriculture,Co2,6.194
Germany,Europe,2002,Waste,Hfcs,0.291
Australia,Oceania,2010,Industrial Processes,Co2,4.768
Russia,Europe,2018,Industrial Processes,Co2,8.75
Germany,Europe,2020,Land Use,N2O,1.801
Australia,Oceania,2021,Land Use,N2O,5.308
United States,North America,2013,Manufacturing,Hfcs,61.966
Brazil,South America,2010,Manufacturing,N2O,6.463
Australia,Oceania,2014,Land Use,N2O,5.769
Germany,Europe,2001,Agriculture,Ch4,29.574
Russia,Europe,2014,Manufacturing,Co2,123.526
Indonesia,Asia,2013,Energy,Sf6,7.999
,Europe,2015,Buildings,Ch4,7.128
India,Asia,2003,Manufacturing,Co2,123.526
France,Europe,2013,Waste,Sf6,0.102
India,Asia,2003,Manufacturing,Hfcs,71.536
India,Asia,2023,Transport,Hfcs,43.683
South Africa,Africa,2001,Agriculture,Hfcs,2.678
,Europe,2013,Waste,Hfcs,7.128
Germany,Europe,2012,Industrial Processes,Co2,5.745
South Korea,Asia,2020,Energy,Co2,123.526
Indonesia,Asia,2002,Agriculture,Co2,16.106
Canada,North America,2016,Transport,Sf6,1.76
France,Europe,2001,Agriculture,Co2,7.467
China,Asia,2012,Energy,Hfcs,123.526
South Africa,Africa,2004,Agriculture,Co2,6.918
France,Europe,2000,Waste,Hfcs,0.132
Germany,Europe,2005,Energy,Co2,123.526
Brazil,South America,2009,Transport,Hfcs,4.806
Mexico,North America,2002,Manufacturing,N2O,6.901
Indonesia,Asia,2009,Agriculture,N2O,47.662
Brazil,South America,2018,Transport,Ch4,7.796
United Kingdom,Europe,2004,Agriculture,N2O,11.567
France,Europe,2019,Buildings,Ch4,7.606
Japan,Asia,2009,Buildings,Hfcs,15.153
Canada,North America,2015,Buildings,N2O,8.607
France,Europe,2011,Waste,N2O,1.848
South Africa,Africa,2015,Industrial Processes,Ch4,0.262
South Korea,Asia,2012,Energy,Ch4,51.151
South Korea,Asia,2021,Energy,Sf6,6.508
Mexico,North America,2017,Energy,Hfcs,4.788
India,Asia,2010,Waste,N2O,52.143
Brazil,South America,2005,Land Use,N2O,81.421
France,Europe,2011,Industrial Processes,Co2,1.658
Russia,Europe,2018,Agriculture,Hfcs,7.767
Canada,North America,2008,Land Use,Co2,5.64
Australia,Oceania,2018,Industrial Processes,Co2,4.298
Germany,Europe,2017,Land Use,Hfcs,0.241
United States,North America,2011,Agriculture,Sf6,4.859
China,Asia,2012,Manufacturing,Sf6,123.526
China,Asia,2016,Waste,Hfcs,8.895
South Africa,Africa,2020,Industrial Processes,Sf6,0.748
South Africa,Africa,2008,Energy,Ch4,47.815
Germany,Europe,2009,Land Use,Hfcs,0.267
Germany,Europe,2009,Industrial Processes,N2O,1.307
India,Asia,2014,Transport,Co2,123.526
Brazil,South America,2005,Buildings,Co2,5.75
Germany,Europe,2001,,N2O,7.128
China,Asia,2007,Buildings,Hfcs,123.526
South Korea,Asia,2002,Buildings,Sf6,0.717
United States,North America,2018,Buildings,Hfcs,91.218
Indonesia,Asia,2012,Agriculture,Sf6,1.847
Canada,North America,2023,Buildings,Sf6,0.784
Australia,Oceania,2017,Land Use,Co2,5.822
Germany,Europe,2002,Buildings,N2O,10.041
Australia,Oceania,2003,Land Use,Sf6,0.149
France,Europe,2016,Waste,Hfcs,0.1
Japan,Asia,2013,Industrial Processes,Hfcs,2.709
Japan,Asia,2019,Buildings,N2O,10.039
Canada,North America,2022,Industrial Processes,Co2,5.604
Russia,Europe,2019,Industrial Processes,Hfcs,4.95
South Korea,Asia,2000,Energy,N2O,11.584
Japan,Asia,2008,Buildings,Co2,66.163
Mexico,North America,2020,Buildings,N2O,4.931
South Korea,Asia,2001,Transport,Hfcs,4.515
Indonesia,Asia,2011,Agriculture,Ch4,100.937
Canada,North America,2023,Energy,Co2,123.526
Mexico,North America,2022,Transport,Sf6,1.429
Brazil,South America,2015,Buildings,Sf6,0.101
South Korea,Asia,2015,Transport,N2O,12.0
United States,North America,2002,Waste,Hfcs,1.723
Russia,Europe,2015,Transport,N2O,24.847
United Kingdom,Europe,2000,,N2O,7.128
India,Asia,2013,Land Use,Co2,62.825
France,Europe,2017,Agriculture,Co2,5.599
Australia,Oceania,2022,Land Use,Sf6,0.16
China,Asia,2013,Land Use,Hfcs,26.901
United Kingdom,Europe,2001,Energy,Hfcs,3.469
South Africa,Africa,2002,Agriculture,Hfcs,2.629
Canada,North America,2021,Waste,Co2,5.774
Indonesia,Asia,2006,Buildings,Sf6,0.1
South Korea,Asia,2013,Energy,Hfcs,8.12
Australia,Oceania,2005,Waste,Hfcs,0.207
Mexico,North America,2006,Industrial Processes,Co2,2.417
Canada,North America,2023,Energy,N2O,11.58
Brazil,South America,2002,Agriculture,N2O,86.931
Mexico,North America,2004,Land Use,Co2,5.583
South Korea,Asia,2022,Energy,Hfcs,10.049
Japan,Asia,2016,Industrial Processes,Hfcs,2.578
France,Europe,2012,Energy,Hfcs,2.514
Germany,Europe,2021,Energy,N2O,8.743
China,Asia,2010,,Co2,7.128
Germany,Europe,2008,Land Use,Ch4,1.442
United Kingdom,Europe,2017,Agriculture,Ch4,14.825
Germany,Europe,2023,Waste,Co2,3.942
United States,North America,2013,Manufacturing,Ch4,64.389
United States,North America,2002,Transport,N2O,123.526
Indonesia,Asia,2002,Industrial Processes,Sf6,1.241
South Korea,Asia,2019,Waste,Ch4,15.368
China,Asia,2021,Manufacturing,Ch4,123.526
Australia,Oceania,2022,Transport,Sf6,1.008
Mexico,North America,2009,Energy,Ch4,29.948
France,Europe,2020,Agriculture,Co2,5.228
France,Europe,2008,Transport,Co2,89.88
Australia,Oceania,2023,Transport,Ch4,4.803
Japan,Asia,2016,Energy,Sf6,7.373
Japan,Asia,2011,Transport,Co2,123.526
South Korea,Asia,2018,Energy,Co2,123.526
Brazil,South America,2010,Buildings,Ch4,1.394
Russia,Europe,2014,Energy,Ch4,123.526
China,Asia,2020,Buildings,Co2,123.526
United States,North America,2017,Energy,Hfcs,49.514
Canada,North America,2002,Transport,Hfcs,7.228
Germany,Europe,2015,Agriculture,Co2,5.25
India,Asia,2017,Land Use,Ch4,38.917
China,Asia,2002,Waste,N2O,101.324
United Kingdom,Europe,2010,Buildings,Hfcs,7.66
China,Asia,2009,Transport,N2O,123.526
Germany,Europe,2002,Land Use,Sf6,0.1
Germany,Europe,2004,Agriculture,N2O,20.552
India,Asia,2012,Buildings,Co2,123.526
China,Asia,2018,Transport,Sf6,28.752
Canada,North America,2004,Energy,Co2,123.526
United Kingdom,Europe,2001,Manufacturing,Ch4,6.58
Indonesia,Asia,2006,Transport,Co2,90.975
Japan,Asia,2010,Manufacturing,Sf6,10.872
Japan,Asia,2015,Industrial Processes,N2O,1.056
United Kingdom,Europe,2002,Agriculture,Hfcs,1.806
India,Asia,2011,Waste,Hfcs,3.167
Germany,Europe,2015,Manufacturing,Sf6,5.954
Indonesia,Asia,2001,Transport,N2O,13.675
Brazil,South America,2006,Buildings,Hfcs,1.237
South Korea,Asia,2012,Land Use,N2O,2.648
Germany,Europe,2023,Waste,Ch4,12.79
South Africa,Africa,2004,Manufacturing,Hfcs,6.326
,Asia,2012,Land Use,Co2,7.128
China,Asia,2017,Buildings,Co2,123.526
Russia,Europe,2018,Energy,Ch4,123.526
France,Europe,2006,Transport,Sf6,1.147
India,Asia,2017,Waste,Hfcs,3.765
Japan,Asia,2017,Buildings,Co2,58.817
United States,North America,2007,Industrial Processes,N2O,6.028
France,Europe,2009,Waste,Co2,2.07
India,Asia,2002,Land Use,Co2,42.818
Germany,Europe,2023,Energy,Sf6,3.035
China,Asia,2000,Industrial Processes,Sf6,44.569
United States,North America,2023,Agriculture,,7.128
Canada,North America,2003,Transport,Hfcs,7.505
South Africa,Africa,2015,Energy,Sf6,4.719
Japan,Asia,2010,Waste,Co2,5.929
United Kingdom,Europe,2005,Energy,Sf6,2.242
Russia,Europe,2015,Industrial Processes,Sf6,2.735
United Kingdom,Europe,2023,Buildings,,7.128
Brazil,South America,2017,Buildings,Hfcs,1.389
Germany,Europe,2012,Land Use,Hfcs,0.27
United States,North America,2008,Buildings,Hfcs,101.43
France,Europe,2004,Waste,N2O,2.233
Mexico,North America,2004,Land Use,Sf6,0.146
China,Asia,2008,Waste,Ch4,123.526
South Korea,Asia,2002,Energy,Co2,123.526
South Africa,Africa,2020,Transport,Co2,44.301
Australia,Oceania,2020,Agriculture,Co2,7.68
China,Asia,2011,Land Use,Sf6,6.185
Australia,Oceania,2020,Transport,Hfcs,3.386
Canada,North America,2017,Agriculture,Sf6,0.687
Russia,Europe,2014,Transport,N2O,27.771
India,Asia,2023,Buildings,Ch4,100.611
Canada,North America,2016,Waste,Ch4,15.536
China,Asia,2008,Energy,N2O,123.526
Japan,Asia,2019,Manufacturing,Ch4,21.493
Brazil,South America,2011,Buildings,Hfcs,1.346
Canada,North America,2011,Buildings,N2O,8.899
South Korea,Asia,2002,Industrial Processes,Ch4,0.716
United Kingdom,Europe,2016,Agriculture,Sf6,0.321
Japan,Asia,2010,Land Use,Sf6,0.1
Brazil,South America,2020,Buildings,Sf6,0.101
Germany,Europe,2019,Agriculture,Sf6,0.471
United States,North America,2000,Agriculture,Ch4,123.526
France,Europe,2005,Buildings,Hfcs,9.985
Germany,Europe,2018,Energy,Ch4,32.231
Brazil,South America,2018,Land Use,Co2,96.439
Australia,Oceania,2002,Waste,Ch4,11.372
United Kingdom,Europe,2013,Manufacturing,Hfcs,4.582
Germany,Europe,2000,Manufacturing,Sf6,6.021
Mexico,North America,2004,Waste,N2O,4.681
United States,North America,2006,Energy,Ch4,123.526
India,Asia,2020,Transport,N2O,86.732
Canada,North America,2015,Industrial Processes,Sf6,2.212
Brazil,South America,2022,Buildings,Sf6,0.114
China,Asia,2000,Industrial Processes,Ch4,14.531
United Kingdom,Europe,2010,Land Use,Sf6,0.1
Germany,Europe,2015,Buildings,N2O,8.929
France,Europe,2011,Manufacturing,Hfcs,1.692
South Korea,Asia,2017,Manufacturing,Sf6,11.577
Brazil,South America,2019,Manufacturing,Ch4,7.528
Japan,Asia,2000,Manufacturing,Sf6,12.565
Indonesia,Asia,2000,Waste,Ch4,24.035
France,Europe,2000,Land Use,Co2,1.754
Germany,Europe,2012,Buildings,Sf6,0.891
Russia,Europe,2013,Manufacturing,Hfcs,33.137
Indonesia,Asia,2008,Land Use,N2O,66.396
United States,North America,2008,Transport,Hfcs,57.377
Brazil,South America,2004,Energy,Co2,109.758
India,Asia,2012,Energy,Co2,123.526
Germany,Europe,2016,Land Use,Hfcs,0.268
South Africa,Africa,2015,Land Use,Ch4,1.963
Russia,Europe,2022,Buildings,Co2,77.363
Australia,Oceania,2006,Buildings,Sf6,0.36
United States,North America,2019,Waste,Ch4,82.362
Australia,Oceania,2022,Agriculture,N2O,24.529
South Africa,Africa,2014,Land Use,Ch4,2.163
Germany,Europe,2011,Land Use,Hfcs,0.272
Brazil,South America,2011,Manufacturing,Ch4,6.496
Canada,North America,2011,Land Use,Sf6,0.149
Australia,Oceania,2023,Industrial Processes,Co2,4.618
Indonesia,Asia,2013,Agriculture,Sf6,2.064
India,Asia,2014,Waste,N2O,60.591
South Africa,Africa,2013,Land Use,Co2,3.82
South Korea,Asia,2001,Waste,Sf6,0.203
Canada,North America,2022,Manufacturing,Co2,43.299
China,Asia,2005,Agriculture,Co2,122.614
Mexico,North America,2023,Industrial Processes,Co2,2.915
India,Asia,2000,Land Use,Co2,39.235
Canada,North America,2009,Waste,Sf6,0.266
China,Asia,2016,Agriculture,Ch4,123.526
India,Asia,2007,Transport,Ch4,30.074
Indonesia,Asia,2005,Transport,Hfcs,4.085
India,Asia,2017,Manufacturing,Co2,123.526
United States,North America,2010,Industrial Processes,Ch4,2.683
Indonesia,Asia,2013,Land Use,N2O,72.862
Japan,Asia,2007,Manufacturing,Sf6,10.925
South Korea,Asia,2023,Energy,Co2,123.526
United States,North America,2017,Land Use,Co2,39.688
India,Asia,2010,Energy,Co2,123.526
India,Asia,2000,Land Use,N2O,37.328
Russia,Europe,2021,Waste,Ch4,36.07
Canada,North America,2005,Waste,Hfcs,0.31
United Kingdom,Europe,2023,Manufacturing,Hfcs,3.555
United Kingdom,Europe,2018,Agriculture,Co2,2.95
Germany,Europe,2007,Agriculture,Co2,6.022
France,Europe,2014,Land Use,N2O,1.116
United Kingdom,Europe,2006,Energy,N2O,4.637
China,Asia,2012,Energy,Sf6,97.358
Germany,Europe,2021,Agriculture,Hfcs,1.966
China,Asia,2022,Manufacturing,Hfcs,123.526
United States,North America,2019,Agriculture,N2O,123.526
Canada,North America,2012,Manufacturing,Sf6,3.764
Germany,Europe,2005,Buildings,Sf6,1.072
Japan,Asia,2012,Waste,Sf6,0.331
Germany,Europe,2009,Waste,Ch4,14.722
United Kingdom,Europe,2020,Industrial Processes,Sf6,0.369
Russia,Europe,2004,Waste,Co2,11.415
South Korea,Asia,2011,Transport,Hfcs,5.188
United States,North America,2007,Agriculture,Co2,52.72
Germany,Europe,2005,Buildings,N2O,10.554
India,Asia,2012,Industrial Processes,Co2,46.757
Germany,Europe,2020,Agriculture,Hfcs,1.888
South Korea,Asia,2019,Industrial Processes,Sf6,2.776
South Korea,Asia,2010,Transport,Co2,99.04
Brazil,South America,2008,Energy,Hfcs,4.98
Australia,Oceania,2016,Land Use,Ch4,3.023
India,Asia,2009,Buildings,Hfcs,54.631
United Kingdom,Europe,2011,Land Use,N2O,1.218
Mexico,North America,2019,Buildings,Hfcs,7.56
Brazil,South America,2018,Waste,Hfcs,0.439
China,Asia,2014,Buildings,N2O,117.426
Germany,Europe,2014,Transport,N2O,11.369
China,Asia,2017,Industrial Processes,Hfcs,123.526
Indonesia,Asia,2006,Agriculture,N2O,48.011
United Kingdom,Europe,2011,Land Use,Ch4,0.638
China,Asia,2019,Energy,N2O,123.526
Indonesia,Asia,2011,Waste,N2O,8.956
United States,North America,2022,Land Use,Co2,40.435
Indonesia,Asia,2016,Industrial Processes,Hfcs,2.871
Japan,Asia,2022,Industrial Processes,Ch4,0.437
France,Europe,2023,Agriculture,N2O,14.734
South Korea,Asia,2011,Land Use,Hfcs,0.328
China,Asia,2018,Manufacturing,Hfcs,123.526
Indonesia,Asia,2014,Waste,N2O,9.843
Russia,Europe,2014,Industrial Processes,N2O,1.929
Indonesia,Asia,2010,Buildings,Ch4,1.445
India,Asia,2023,,Sf6,7.128
Australia,Oceania,2022,Energy,Co2,123.526
South Korea,Asia,2014,Industrial Processes,Sf6,2.22
France,Europe,2003,Buildings,Hfcs,10.796
South Korea,Asia,2016,Land Use,Sf6,0.1
Mexico,North America,2015,Agriculture,Sf6,0.831
South Korea,Asia,2003,Manufacturing,Sf6,9.617
Australia,Oceania,2010,Transport,Hfcs,3.939
China,Asia,2018,Land Use,Co2,123.526
South Africa,Africa,2022,Energy,N2O,13.12
United Kingdom,Europe,2000,Industrial Processes,Co2,1.927
Canada,North America,2022,Waste,,7.128
Russia,Europe,2003,Buildings,Sf6,1.289
United States,North America,2021,Industrial Processes,Sf6,7.245
Japan,Asia,2006,Industrial Processes,Ch4,5.68
United States,North America,2007,Industrial Processes,Co2,23.575
France,Europe,2010,Land Use,Hfcs,0.14
United Kingdom,Europe,2005,Agriculture,Ch4,22.953
Japan,Asia,2019,Transport,Ch4,9.841
France,Europe,2000,Energy,Sf6,1.87
South Korea,Asia,2016,Agriculture,Ch4,23.117
South Africa,Africa,2020,Land Use,N2O,3.271
Germany,Europe,2005,Transport,Hfcs,6.11
India,Asia,2008,Buildings,Sf6,4.219
Russia,Europe,2004,Industrial Processes,Ch4,1.059
Australia,Oceania,2008,Transport,Hfcs,3.7
Germany,Europe,2004,Agriculture,Co2,6.147
Brazil,South America,2015,Land Use,Co2,94.743
Canada,North America,2019,Manufacturing,N2O,6.978
United States,North America,2010,Transport,Sf6,14.556
China,Asia,2018,Buildings,Co2,123.526
Mexico,North America,2011,Waste,N2O,4.601
South Africa,Africa,2005,Industrial Processes,N2O,0.523
United States,North America,2005,Waste,Hfcs,1.657
Mexico,North America,2014,Energy,N2O,8.137
South Africa,Africa,2021,Waste,Sf6,0.266
United States,North America,2015,Agriculture,Co2,47.087
United Kingdom,Europe,2004,Agriculture,Co2,4.24
Russia,Europe,2010,Manufacturing,N2O,32.554
India,Asia,2015,Transport,N2O,71.455
India,Asia,2005,Transport,N2O,55.086
Indonesia,Asia,2017,Energy,Sf6,7.933
India,Asia,2021,Energy,Sf6,39.523
Indonesia,Asia,2016,Transport,N2O,14.829
Indonesia,Asia,2005,Manufacturing,Co2,48.637
Germany,Europe,2022,Energy,Co2,105.046
United Kingdom,Europe,2018,Industrial Processes,Ch4,0.149
Indonesia,Asia,2000,Agriculture,Ch4,73.924
India,Asia,2001,Buildings,Ch4,51.272
Brazil,South America,2006,Land Use,N2O,86.425
United Kingdom,Europe,2005,Transport,Ch4,5.351
Mexico,North America,2009,Manufacturing,N2O,7.046
Russia,Europe,2006,Buildings,Hfcs,19.368
France,Europe,2000,Manufacturing,Ch4,1.711
India,Asia,2003,Manufacturing,N2O,68.863
Germany,Europe,2019,Energy,Co2,108.929
Brazil,South America,2015,Transport,Sf6,1.495
France,Europe,2019,Industrial Processes,Co2,1.26
South Korea,Asia,2014,Land Use,Ch4,1.501
Indonesia,Asia,2007,Waste,Hfcs,0.45
France,Europe,2003,Industrial Processes,Co2,1.657
Brazil,South America,2008,Land Use,Co2,103.237
South Africa,Africa,2022,Transport,Co2,54.608
Australia,Oceania,2008,Land Use,Ch4,2.904
Russia,Europe,2011,Transport,Co2,123.526
South Africa,Africa,2000,Buildings,Ch4,2.734
United States,North America,2018,Land Use,Co2,37.826
United Kingdom,Europe,2000,Waste,Hfcs,0.125
Australia,Oceania,2003,Transport,Co2,75.957
Russia,Europe,2013,Transport,Co2,123.526
China,Asia,2014,Energy,N2O,123.526
Germany,Europe,2006,Energy,Ch4,40.706
Germany,Europe,2011,Agriculture,Ch4,29.574
China,Asia,2016,Energy,Co2,123.526
United States,North America,2017,Waste,Sf6,1.594
Mexico,North America,2012,Waste,N2O,4.483
India,Asia,2012,Transport,N2O,70.7
Indonesia,Asia,2016,Land Use,Co2,96.426
Canada,North America,2009,Transport,N2O,17.167
Canada,North America,2016,Energy,Co2,123.526
South Africa,Africa,2006,Buildings,Co2,12.717
Japan,Asia,2001,Energy,Hfcs,13.187
South Korea,Asia,2011,Transport,N2O,13.101
Russia,Europe,2000,,Co2,7.128
France,Europe,2018,Waste,Hfcs,0.109
United Kingdom,Europe,2001,Agriculture,N2O,12.635
Indonesia,Asia,2005,Waste,Sf6,0.425
South Africa,Africa,2004,Buildings,Co2,11.72
United Kingdom,Europe,2020,Agriculture,Hfcs,0.975
Australia,Oceania,2000,Manufacturing,Hfcs,4.725
Russia,Europe,2001,Transport,Hfcs,11.621
Germany,Europe,2004,Waste,Hfcs,0.306
Russia,Europe,2003,Agriculture,Sf6,2.021
China,Asia,2004,Buildings,Co2,123.526
Mexico,North America,2000,Agriculture,Sf6,0.626
Germany,Europe,2011,Transport,Hfcs,4.732
India,Asia,2007,Manufacturing,Hfcs,84.934
South Korea,Asia,2019,Transport,N2O,14.592
India,Asia,2000,Industrial Processes,Co2,33.683
United States,North America,2002,Manufacturing,N2O,69.46
Canada,North America,2011,Agriculture,N2O,20.879
Japan,Asia,2010,Buildings,Sf6,1.047
Germany,Europe,2004,Industrial Processes,Co2,7.16
United States,North America,2010,Industrial Processes,Sf6,8.409
United Kingdom,Europe,2002,Buildings,Ch4,10.411
South Korea,Asia,2015,Land Use,Sf6,0.1
United Kingdom,Europe,2017,Agriculture,Co2,2.937
South Korea,Asia,2020,Industrial Processes,Ch4,0.874
Australia,Oceania,2012,Buildings,Sf6,0.372
South Korea,Asia,2003,Transport,N2O,11.492
Mexico,North America,2018,Manufacturing,Hfcs,84.75
Canada,North America,2000,Agriculture,Sf6,0.709
France,Europe,2021,Waste,N2O,1.655
United States,North America,2006,Agriculture,Co2,50.239
Australia,Oceania,2023,Industrial Processes,N2O,1.021
Japan,Asia,2008,Waste,Hfcs,0.333
India,Asia,2007,Industrial Processes,Hfcs,20.765
Brazil,South America,2003,Waste,Hfcs,0.352
United Kingdom,Europe,2020,Buildings,Hfcs,5.837
Russia,Europe,2001,Waste,Hfcs,0.586
Germany,Europe,2019,Waste,Sf6,0.218
South Korea,Asia,2009,Industrial Processes,Co2,6.036
Japan,Asia,2003,Transport,Co2,123.526
France,Europe,2008,Land Use,Sf6,0.1
France,Europe,2004,Buildings,Sf6,0.698
Canada,North America,2002,Energy,N2O,12.411
Russia,Europe,2004,Energy,Hfcs,26.266
France,Europe,2010,Transport,N2O,10.636
Canada,North America,2018,,Co2,7.128
Brazil,South America,2018,Buildings,Sf6,0.1
United States,North America,2011,Land Use,Sf6,1.012
France,Europe,2016,Agriculture,Co2,5.329
China,Asia,2002,Agriculture,N2O,123.526
South Africa,Africa,2017,Waste,Hfcs,0.246
Mexico,North America,2009,Waste,Ch4,14.425
Japan,Asia,2004,Land Use,Ch4,0.1
France,Europe,2002,Waste,Hfcs,0.125
Russia,Europe,2005,Manufacturing,Hfcs,32.673
Mexico,North America,2010,Land Use,Ch4,3.419
Brazil,South America,2002,Transport,Hfcs,4.973
Russia,Europe,2023,Buildings,Ch4,19.167
,Africa,2002,Energy,Ch4,7.128
South Africa,Africa,2008,Transport,Ch4,2.799
Australia,Oceania,2010,Buildings,Hfcs,4.913
South Korea,Asia,2001,Buildings,Sf6,0.656
South Africa,Africa,2013,Manufacturing,Sf6,3.413
South Korea,Asia,2006,Energy,Hfcs,6.961
Japan,Asia,2014,Manufacturing,Sf6,10.925
Mexico,North America,2019,Waste,Sf6,0.307
United States,North America,2003,Energy,Sf6,39.911
Germany,Europe,2007,Waste,N2O,4.922
India,Asia,2021,Manufacturing,N2O,88.176
Mexico,North America,2016,Transport,Hfcs,5.579
China,Asia,2010,Waste,Hfcs,7.225
Brazil,South America,2017,Land Use,Hfcs,11.079
Japan,Asia,2023,Buildings,Hfcs,13.728
Indonesia,Asia,2010,Transport,N2O,11.347
South Africa,Africa,2003,Waste,Sf6,0.233
Brazil,South America,2015,Waste,Co2,8.281
India,Asia,2019,Manufacturing,Hfcs,123.526
South Korea,Asia,2009,Waste,Ch4,12.537
South Korea,Asia,2007,Manufacturing,Hfcs,20.948
China,Asia,2010,Transport,Hfcs,94.575
Mexico,North America,2009,Manufacturing,Sf6,3.298
United States,North America,2016,Transport,Hfcs,54.78
Germany,Europe,2021,Transport,Hfcs,4.386
Canada,North America,2000,Buildings,Ch4,12.665
South Korea,Asia,2012,Industrial Processes,Hfcs,3.934
Canada,North America,2012,Land Use,Hfcs,0.569
Germany,Europe,2015,Agriculture,Sf6,0.563
Germany,Europe,2018,Energy,Co2,120.896
Australia,Oceania,2007,Manufacturing,Hfcs,5.108
Russia,Europe,2004,Waste,Sf6,0.61
Australia,Oceania,2015,Energy,Co2,123.526
China,Asia,2023,Waste,Sf6,12.516
South Korea,Asia,2001,Manufacturing,Hfcs,18.961
Canada,North America,2023,Manufacturing,Co2,45.202
India,Asia,2023,Waste,Co2,93.844
Australia,Oceania,2002,Land Use,Co2,6.13
Australia,Oceania,2001,Manufacturing,Co2,33.116
South Korea,Asia,2021,Waste,Co2,5.557
Canada,North America,2008,Transport,N2O,16.631
United Kingdom,Europe,2019,Energy,Hfcs,2.474
Brazil,South America,2010,Agriculture,Co2,27.147
Canada,North America,2018,Industrial Processes,Ch4,0.704
Brazil,South America,2023,Manufacturing,Hfcs,7.941
Canada,North America,2017,Transport,Ch4,8.843
United States,North America,2018,Agriculture,Ch4,123.526
Russia,Europe,2014,Buildings,Hfcs,19.091
Russia,Europe,2020,Waste,N2O,9.121
United States,North America,2011,Buildings,Ch4,104.876
South Africa,Africa,2011,Land Use,Hfcs,0.431
Indonesia,Asia,2002,Buildings,Ch4,1.215
China,Asia,2020,Manufacturing,Sf6,123.526
Germany,Europe,2012,Manufacturing,Sf6,5.993
Russia,Europe,2022,Manufacturing,Ch4,35.428
Russia,Europe,2004,Industrial Processes,N2O,1.852
Russia,Europe,2004,Manufacturing,Hfcs,33.155
South Africa,Africa,2019,Land Use,Ch4,2.18
France,Europe,2008,Energy,Hfcs,2.657
South Korea,Asia,2005,Transport,N2O,11.014
Germany,Europe,2002,Land Use,Co2,2.839
,Europe,2022,Industrial Processes,N2O,7.128
China,Asia,2010,Transport,Sf6,20.752
United States,North America,2008,Transport,Co2,123.526
United Kingdom,Europe,2023,Energy,Co2,49.539
South Africa,Africa,2022,Transport,Sf6,0.607
Russia,Europe,2017,Manufacturing,Hfcs,35.53
Japan,Asia,2020,Waste,N2O,4.614
United States,North America,2003,Agriculture,Ch4,123.526
South Africa,Africa,2020,Industrial Processes,Hfcs,1.292
China,Asia,2001,Land Use,Hfcs,17.48
Russia,Europe,2008,Energy,Sf6,18.07
Canada,North America,2018,Energy,Ch4,44.71
France,Europe,2008,Agriculture,Co2,6.909
Brazil,South America,2014,Energy,Ch4,36.279
Indonesia,Asia,2014,Transport,Co2,104.851
China,Asia,2007,Agriculture,Ch4,123.526
Japan,Asia,2023,Transport,N2O,17.011
South Korea,Asia,2015,Energy,N2O,15.071
France,Europe,2012,Industrial Processes,Ch4,0.166
France,Europe,2012,Waste,Hfcs,0.101
India,Asia,2004,Transport,Sf6,5.515
Japan,Asia,2000,Waste,Hfcs,0.349
United States,North America,2021,Energy,Ch4,123.526
Mexico,North America,2021,Agriculture,N2O,25.88
Indonesia,Asia,2007,Manufacturing,Sf6,3.688
United States,North America,2015,Manufacturing,Ch4,57.204
Japan,Asia,2008,Land Use,N2O,0.1
China,Asia,2007,Industrial Processes,Hfcs,93.27
Germany,Europe,2001,Waste,Sf6,0.305
,Europe,2018,Agriculture,Ch4,7.128
Mexico,North America,2017,Agriculture,Sf6,0.76
Germany,Europe,2005,Land Use,Sf6,0.1
United States,North America,2021,Waste,Co2,30.463
United Kingdom,Europe,2021,Waste,Ch4,6.0
South Korea,Asia,2021,Manufacturing,Ch4,24.37
China,Asia,2003,Buildings,Sf6,8.689
Australia,Oceania,2002,Agriculture,Co2,7.616
Canada,North America,2023,Manufacturing,Ch4,6.915
Canada,North America,2014,Manufacturing,Hfcs,6.84
United Kingdom,Europe,2003,Agriculture,Sf6,0.434
Indonesia,Asia,2022,Transport,Sf6,1.779
Canada,North America,2011,Industrial Processes,Co2,6.431
Canada,North America,2010,Agriculture,N2O,21.987
United Kingdom,Europe,2012,Buildings,Sf6,0.583
France,Europe,2022,Manufacturing,N2O,1.365
South Korea,Asia,2004,Energy,Co2,123.526
United States,North America,2021,Land Use,Co2,43.526
Australia,Oceania,2001,Buildings,Ch4,5.537
China,Asia,2002,Transport,Co2,123.526
Japan,Asia,2015,Industrial Processes,Ch4,0.477
United States,North America,2006,Manufacturing,Sf6,32.664
Australia,Oceania,2000,Buildings,Co2,20.777
South Africa,Africa,2005,Land Use,Hfcs,0.38
Canada,North America,2003,Buildings,N2O,9.515
South Korea,Asia,2011,Agriculture,N2O,12.35
Australia,Oceania,2016,Industrial Processes,Co2,4.349
United Kingdom,Europe,2011,Agriculture,Sf6,0.342
South Korea,Asia,2014,Agriculture,Hfcs,1.633
South Africa,Africa,2020,Transport,Hfcs,2.339
Germany,Europe,2001,Transport,Sf6,1.544
China,Asia,2014,Land Use,Sf6,7.366
Indonesia,Asia,2010,Waste,Ch4,29.906
United Kingdom,Europe,2001,Waste,Sf6,0.138
Indonesia,Asia,2003,Agriculture,Ch4,86.387
Germany,Europe,2020,Industrial Processes,Sf6,1.521
Russia,Europe,2022,Waste,Co2,10.522
South Korea,Asia,2017,Manufacturing,N2O,22.417
South Africa,Africa,2016,Waste,Co2,5.03
South Africa,Africa,2004,Industrial Processes,Ch4,0.255
Japan,Asia,2020,Industrial Processes,Co2,3.665
China,Asia,2001,Buildings,Ch4,120.234
Brazil,South America,2023,Transport,Hfcs,6.096
South Korea,Asia,2016,Industrial Processes,Co2,7.207
Japan,Asia,2001,Energy,N2O,23.152
,Europe,2019,Transport,Hfcs,7.128
Indonesia,Asia,2002,Waste,Ch4,26.266
France,Europe,2023,Land Use,Hfcs,0.109
Indonesia,Asia,2012,Agriculture,N2O,61.687
Canada,North America,2008,Industrial Processes,Hfcs,3.635
Brazil,South America,2011,Manufacturing,Co2,46.87
Canada,North America,2004,Buildings,N2O,8.169
Canada,North America,2014,Waste,Sf6,0.259
France,Europe,2022,Transport,Co2,71.182
France,Europe,2012,Land Use,Co2,1.301
Indonesia,Asia,2007,Energy,Co2,123.526
Russia,Europe,2022,Agriculture,Sf6,1.92
China,Asia,2023,Industrial Processes,Hfcs,123.526
China,Asia,2011,Land Use,N2O,123.526
United States,North America,2013,Land Use,Hfcs,3.887
India,Asia,2009,Agriculture,Co2,91.268
Mexico,North America,2016,Waste,Ch4,18.086
South Korea,Asia,2023,Buildings,Sf6,0.845
Brazil,South America,2021,Transport,Hfcs,6.629
Brazil,South America,2010,Manufacturing,Hfcs,6.493
United States,North America,2012,Industrial Processes,Sf6,7.895
United Kingdom,Europe,2008,Agriculture,Ch4,18.928
Germany,Europe,2019,Transport,Sf6,1.068
Russia,Europe,2000,Manufacturing,Sf6,16.668
Indonesia,Asia,2001,Buildings,Co2,6.292
Brazil,South America,2023,Manufacturing,Co2,51.082
United Kingdom,Europe,2012,Waste,N2O,1.797
Australia,Oceania,2004,Buildings,N2O,3.318
United Kingdom,Europe,2011,Industrial Processes,Hfcs,0.791
Russia,Europe,2009,Industrial Processes,Co2,8.658
United Kingdom,Europe,2009,Buildings,N2O,5.554
Indonesia,Asia,2014,Waste,Hfcs,0.559
United Kingdom,Europe,2019,Industrial Processes,Sf6,0.417
South Africa,Africa,2007,Manufacturing,Ch4,7.415
Australia,Oceania,2016,Transport,Ch4,4.729
Germany,Europe,2015,Transport,N2O,12.383
Germany,Europe,2014,Buildings,Co2,47.391
South Korea,Asia,2006,Waste,Co2,4.019
United Kingdom,Europe,2004,Land Use,Ch4,0.816
Indonesia,Asia,2018,Manufacturing,N2O,10.079
Canada,North America,2012,Buildings,N2O,7.975
South Korea,Asia,2007,Land Use,Ch4,1.38
Canada,North America,2012,Waste,Hfcs,0.303
France,Europe,2010,Waste,Ch4,5.838
China,Asia,2003,Transport,N2O,123.526
Brazil,South America,2017,Energy,N2O,9.606
Germany,Europe,2021,Buildings,Ch4,10.651
Canada,North America,2023,Transport,Co2,123.526
Canada,North America,2018,Land Use,N2O,5.082
United States,North America,2007,Buildings,Sf6,6.702
Canada,North America,2011,Waste,N2O,5.012
Germany,Europe,2014,Waste,Sf6,0.253
United Kingdom,Europe,2003,Manufacturing,Ch4,6.013
Canada,North America,2019,Waste,Hfcs,0.277
Brazil,South America,2021,Manufacturing,Hfcs,7.748
France,Europe,2014,Industrial Processes,Hfcs,0.835
United Kingdom,Europe,2001,Energy,Co2,85.769
Russia,Europe,2021,Land Use,Hfcs,1.61
China,Asia,2006,Industrial Processes,Co2,123.526
Germany,Europe,2020,Industrial Processes,Ch4,0.461
United Kingdom,Europe,2014,Land Use,Co2,1.289
United States,North America,2007,Land Use,N2O,40.9
Australia,Oceania,2003,Land Use,Hfcs,0.625
Australia,Oceania,2018,Manufacturing,Sf6,2.489
Australia,Oceania,2018,Land Use,N2O,5.399
Canada,North America,2019,Agriculture,N2O,19.922
United States,North America,2023,Manufacturing,N2O,54.288
South Africa,Africa,2002,Waste,Ch4,14.736
South Africa,Africa,2015,Waste,Ch4,16.671
Mexico,North America,2005,Transport,Ch4,6.189
Australia,Oceania,2018,Waste,Sf6,0.209
South Africa,Africa,2021,Energy,Co2,123.526
Indonesia,Asia,2015,Agriculture,Co2,21.234
Germany,Europe,2022,Buildings,Co2,44.594
Canada,North America,2003,Manufacturing,N2O,7.122
India,Asia,2022,Waste,Ch4,123.526
China,Asia,2017,Industrial Processes,Co2,123.526
United Kingdom,Europe,2015,Manufacturing,Sf6,2.014
Russia,Europe,2002,Agriculture,Hfcs,8.25
Germany,Europe,2010,Agriculture,Co2,5.768
United States,North America,2003,Industrial Processes,Hfcs,14.009
United Kingdom,Europe,2010,Buildings,Ch4,8.236
France,Europe,2016,Land Use,Hfcs,0.128
Russia,Europe,2008,Buildings,N2O,12.757
South Korea,Asia,2014,Waste,Hfcs,0.244
South Africa,Africa,2005,Energy,Ch4,47.06
India,Asia,2009,Industrial Processes,Ch4,4.322
Japan,Asia,2018,Manufacturing,N2O,22.525
Brazil,South America,2012,Energy,Hfcs,5.553
France,Europe,2022,Buildings,Ch4,7.095
Canada,North America,2014,Land Use,Hfcs,0.547
France,Europe,2017,Energy,Ch4,15.691
Brazil,South America,2009,Agriculture,Hfcs,10.169
Indonesia,Asia,2001,Manufacturing,Hfcs,6.749
South Korea,Asia,2002,Land Use,N2O,2.317
Japan,Asia,2012,Agriculture,Co2,4.008
South Africa,Africa,2003,Land Use,Co2,3.733
Japan,Asia,2002,Transport,Co2,123.526
Germany,Europe,2001,Agriculture,Sf6,0.732
South Africa,Africa,2008,Waste,Sf6,0.257
United Kingdom,Europe,2021,Transport,Ch4,3.515
Brazil,South America,2015,Agriculture,N2O,97.645
United States,North America,2022,Buildings,Sf6,6.738
Australia,Oceania,2000,Manufacturing,N2O,4.763
South Africa,Africa,2009,Agriculture,N2O,19.226
Germany,Europe,2023,Manufacturing,Sf6,4.812
United States,North America,2004,Waste,Co2,36.676
France,Europe,2005,Agriculture,Co2,6.873
South Africa,Africa,2013,Industrial Processes,N2O,0.512
Japan,Asia,2006,Transport,Ch4,11.143
China,Asia,2018,Agriculture,Hfcs,81.332
France,Europe,2002,Industrial Processes,Hfcs,0.962
Mexico,North America,2003,Waste,Sf6,0.257
Indonesia,Asia,2009,Land Use,Sf6,2.003
India,Asia,2013,Manufacturing,N2O,100.519
United Kingdom,Europe,2012,Agriculture,N2O,9.759
Australia,Oceania,2018,Transport,Co2,74.698
Mexico,North America,2013,Manufacturing,Sf6,4.116
Japan,Asia,2012,Agriculture,Sf6,0.434
South Africa,Africa,2004,Manufacturing,Co2,46.319
France,Europe,2008,Energy,Co2,59.792
Germany,Europe,2003,Energy,Hfcs,6.867
Russia,Europe,2013,Agriculture,Ch4,108.419
Australia,Oceania,2014,Manufacturing,N2O,5.48
United Kingdom,Europe,2016,Buildings,Ch4,7.873
Mexico,North America,2006,Manufacturing,Ch4,6.829
Indonesia,Asia,2011,Agriculture,Hfcs,7.706
Brazil,South America,2010,Energy,N2O,8.42
Russia,Europe,2022,,,7.128
South Africa,Africa,2000,Land Use,Ch4,1.949
Indonesia,Asia,2005,Waste,Hfcs,0.434
South Korea,Asia,2003,Energy,N2O,12.82
Australia,Oceania,2005,Buildings,N2O,3.739
Mexico,North America,2009,Waste,N2O,4.213
South Korea,Asia,2000,Waste,Ch4,11.801
Mexico,North America,2017,Manufacturing,Hfcs,7.7
Canada,North America,2012,Buildings,Sf6,0.901
South Africa,Africa,2000,Industrial Processes,,7.128
Canada,North America,2013,Waste,N2O,4.967
Russia,Europe,2011,Energy,N2O,45.394
Mexico,North America,2002,Energy,Sf6,2.884
Japan,Asia,2019,Industrial Processes,Hfcs,2.447
South Korea,Asia,2013,Buildings,Ch4,11.25
Brazil,South America,2018,Manufacturing,Sf6,3.388
South Africa,Africa,2015,Agriculture,Hfcs,2.938
United Kingdom,Europe,2003,Agriculture,Co2,3.93
France,Europe,2012,Agriculture,Sf6,0.655
,North America,2020,Land Use,Hfcs,7.128
United States,North America,2018,Agriculture,N2O,123.526
Brazil,South America,2016,Land Use,Hfcs,10.249
Canada,North America,2010,Energy,Co2,123.526
South Africa,Africa,2002,Industrial Processes,Hfcs,1.3
China,Asia,2012,Agriculture,Hfcs,60.846
Brazil,South America,2010,Land Use,Sf6,2.511
China,Asia,2003,Industrial Processes,N2O,35.158
Indonesia,Asia,2011,Land Use,N2O,78.885
Mexico,North America,2006,Energy,Sf6,3.154
Brazil,South America,2005,Buildings,Ch4,1.296
Germany,Europe,2016,Industrial Processes,Co2,5.134
Germany,Europe,2023,Buildings,Hfcs,9.524
Australia,Oceania,2014,Land Use,Hfcs,0.612
Indonesia,Asia,2019,Land Use,Sf6,2.633
India,Asia,2009,Transport,N2O,61.081
Canada,North America,2009,Land Use,Co2,5.581
Germany,Europe,2008,Land Use,N2O,2.382
United States,North America,2000,Transport,Co2,123.526
Russia,Europe,2015,Agriculture,N2O,60.852
Brazil,South America,2006,Buildings,Co2,5.59
India,Asia,2008,Agriculture,N2O,123.526
South Korea,Asia,2019,Energy,Sf6,5.728
India,Asia,2016,Manufacturing,Hfcs,106.756
China,Asia,2010,Industrial Processes,Hfcs,114.682
Russia,Europe,2020,Manufacturing,Hfcs,33.713
South Korea,Asia,2005,Agriculture,Sf6,0.35
United States,North America,2016,Agriculture,Sf6,4.475
South Africa,Africa,2018,Land Use,Hfcs,0.441
United Kingdom,Europe,2013,Waste,Ch4,6.0
Germany,Europe,2007,Manufacturing,Sf6,7.008
South Korea,Asia,2011,Waste,Sf6,0.221
Mexico,North America,2002,Transport,Ch4,6.087
Mexico,North America,2005,Land Use,Co2,5.723
China,Asia,2011,Waste,N2O,123.526
Canada,North America,2016,Agriculture,N2O,19.435
China,Asia,2018,Industrial Processes,Ch4,30.971
Germany,Europe,2012,Buildings,N2O,9.24
Canada,North America,2002,Waste,Co2,6.236
India,Asia,2019,Transport,Hfcs,37.638
United States,North America,2003,Agriculture,Co2,56.108
France,Europe,2005,Manufacturing,N2O,1.994
South Korea,Asia,2014,Land Use,N2O,2.609
France,Europe,2005,Buildings,Ch4,10.359
Japan,Asia,2023,Land Use,Ch4,0.1
Japan,Asia,2011,Industrial Processes,Sf6,1.537
Mexico,North America,2015,Buildings,Co2,28.671
United States,North America,2010,Agriculture,Sf6,4.686
Brazil,South America,2021,Transport,Co2,116.328
United States,North America,2022,Buildings,N2O,59.3
Australia,Oceania,2015,Buildings,Ch4,5.416
South Korea,Asia,2000,Agriculture,Co2,3.028
Germany,Europe,2007,Transport,Sf6,1.278
Indonesia,Asia,2012,Manufacturing,Hfcs,8.159
Indonesia,Asia,2006,Energy,Hfcs,9.35
South Korea,Asia,2017,Agriculture,Hfcs,1.74
United States,North America,2022,Industrial Processes,Hfcs,11.635
South Africa,Africa,2015,Buildings,Ch4,3.335
South Africa,Africa,2010,Buildings,Hfcs,2.999
South Korea,Asia,2019,Land Use,Co2,3.296
United States,North America,2003,Industrial Processes,Sf6,8.215
Japan,Asia,2000,Industrial Processes,Hfcs,2.779
Australia,Oceania,2004,Manufacturing,Ch4,5.11
Indonesia,Asia,2000,Land Use,Sf6,1.627
Mexico,North America,2016,,Sf6,7.128
Brazil,South America,2002,Buildings,Hfcs,1.264
Australia,Oceania,2004,Industrial Processes,Ch4,0.504
India,Asia,2006,Waste,Ch4,123.526
Japan,Asia,2011,Industrial Processes,N2O,1.023
United Kingdom,Europe,2021,Agriculture,Ch4,16.22
Australia,Oceania,2004,Buildings,Ch4,5.709
Germany,Europe,2019,Industrial Processes,Co2,5.26
Russia,Europe,2013,Waste,Co2,11.761
United States,North America,2011,Land Use,N2O,37.537
France,Europe,2008,Energy,Ch4,16.264
United Kingdom,Europe,2023,Manufacturing,Sf6,1.754
Japan,Asia,2021,Waste,N2O,5.51
South Korea,Asia,2017,Agriculture,N2O,12.351
India,Asia,2006,Agriculture,Sf6,8.229
,South America,2006,Manufacturing,Hfcs,7.128
France,Europe,2016,Waste,Co2,1.861
India,Asia,2004,Buildings,N2O,34.169
South Africa,Africa,2006,Industrial Processes,Co2,2.123
South Africa,Africa,2004,Agriculture,Sf6,0.684
India,Asia,2018,Manufacturing,Ch4,123.054
Mexico,North America,2017,Waste,Hfcs,0.305
Australia,Oceania,2010,Agriculture,Sf6,0.826
France,Europe,2012,Transport,N2O,9.948
India,Asia,2000,Agriculture,Sf6,7.198
United Kingdom,Europe,2021,Buildings,Co2,28.073
Russia,Europe,2001,Land Use,N2O,14.437
South Africa,Africa,2007,Buildings,Ch4,2.782
Canada,North America,2003,Energy,Hfcs,7.243
South Africa,Africa,2015,Land Use,Sf6,0.1
South Korea,Asia,2019,Manufacturing,N2O,23.694
Russia,Europe,2014,Waste,N2O,10.633
Canada,North America,2018,Waste,Ch4,17.333
Brazil,South America,2021,Land Use,Sf6,2.828
China,Asia,2018,Industrial Processes,Hfcs,123.526
Germany,Europe,2022,Agriculture,Co2,4.336
Russia,Europe,2010,Land Use,N2O,14.039
China,Asia,2020,Waste,Sf6,10.111
Germany,Europe,2010,Transport,Co2,111.86
South Korea,Asia,2001,Buildings,Hfcs,8.943
Brazil,South America,2009,Manufacturing,Hfcs,6.502
Japan,Asia,2005,Land Use,Co2,0.1
Germany,Europe,2008,Land Use,Hfcs,0.282
Germany,Europe,2007,Transport,Co2,114.256
India,Asia,2013,Transport,N2O,72.89
France,Europe,2020,Manufacturing,Sf6,0.646
United Kingdom,Europe,2016,Waste,Ch4,5.377
Brazil,South America,2023,Agriculture,Hfcs,13.602
Indonesia,Asia,2011,Energy,Hfcs,10.486
South Africa,Africa,2021,Industrial Processes,Hfcs,1.47
Australia,Oceania,2003,Agriculture,Hfcs,3.235
South Africa,Africa,2023,Agriculture,Sf6,0.805
Indonesia,Asia,2009,Agriculture,,7.128
Brazil,South America,2003,Waste,Sf6,0.349
Germany,Europe,2002,Waste,Ch4,18.917
Australia,Oceania,2000,Industrial Processes,Sf6,1.415
France,Europe,2013,Energy,N2O,3.905
Brazil,South America,2014,Buildings,Hfcs,1.482
Canada,North America,2001,Waste,Ch4,16.576
Japan,Asia,2002,Energy,Ch4,93.246
United States,North America,2012,Manufacturing,Sf6,32.721
Australia,Oceania,2021,Agriculture,Co2,7.91
Japan,Asia,2018,Transport,Hfcs,7.645
South Korea,Asia,2007,Transport,Hfcs,4.558
South Africa,Africa,2004,Energy,Sf6,4.339
,Africa,2009,Industrial Processes,N2O,7.128
South Korea,Asia,2001,Waste,Hfcs,0.192
United Kingdom,Europe,2006,Agriculture,Sf6,0.409
Russia,Europe,2019,Buildings,Co2,79.464
Mexico,North America,2017,Land Use,N2O,5.561
United Kingdom,Europe,2008,Manufacturing,Co2,31.348
Brazil,South America,2005,Land Use,Hfcs,9.364
Brazil,South America,2009,Buildings,Ch4,1.333
India,Asia,2018,Land Use,Hfcs,7.426
China,Asia,2003,Agriculture,Sf6,12.046
South Africa,Africa,2020,Industrial Processes,Ch4,0.253
United Kingdom,Europe,2017,Industrial Processes,Co2,1.324
South Africa,Africa,2004,Buildings,Hfcs,2.787
Russia,Europe,2001,Transport,Sf6,2.744
Germany,Europe,2009,Buildings,Co2,51.046
China,Asia,2019,Industrial Processes,Sf6,101.217
South Korea,Asia,2015,Manufacturing,N2O,23.28
South Korea,Asia,2018,Transport,Co2,103.711
Brazil,South America,2011,Agriculture,Sf6,3.076
China,Asia,2010,Waste,N2O,123.526
Australia,Oceania,2012,Transport,Hfcs,3.811
France,Europe,2013,Land Use,N2O,1.074
Indonesia,Asia,2018,Land Use,Ch4,46.537
South Africa,Africa,2017,Agriculture,Co2,6.763
South Korea,Asia,2011,Manufacturing,Ch4,21.083
Mexico,North America,2012,Industrial Processes,Co2,2.605
France,Europe,2012,Industrial Processes,N2O,0.326
United States,North America,2007,Manufacturing,Co2,123.526
Australia,Oceania,2005,Energy,Co2,123.526
Brazil,South America,2016,Manufacturing,Hfcs,7.457
Japan,Asia,2010,Energy,N2O,21.757
Japan,Asia,2009,Transport,Hfcs,7.711
Mexico,North America,2013,Manufacturing,N2O,7.697
Japan,Asia,2015,Waste,Ch4,19.416
South Africa,Africa,2012,Waste,Co2,5.437
Russia,Europe,2006,Agriculture,Ch4,113.618
India,Asia,2009,Industrial Processes,Hfcs,22.139
Australia,Oceania,2004,Waste,Sf6,0.194
Australia,Oceania,2008,Transport,Co2,75.051
Australia,Oceania,2007,Land Use,Hfcs,0.615
Russia,Europe,2003,Industrial Processes,N2O,2.134
South Africa,Africa,2021,Agriculture,Co2,8.093
Japan,Asia,2015,Agriculture,Ch4,21.229
South Korea,Asia,2023,Waste,Co2,5.584
Brazil,South America,2008,,Ch4,7.128
Australia,Oceania,2007,Transport,Hfcs,3.431
Australia,Oceania,2020,Land Use,Hfcs,0.554
,South America,2020,Industrial Processes,Ch4,7.128
Russia,Europe,2015,Manufacturing,Co2,123.526
Germany,Europe,2010,Transport,Ch4,6.276
France,Europe,2010,Buildings,Co2,38.992
Canada,North America,2015,Manufacturing,Hfcs,7.128
Indonesia,Asia,2007,Buildings,Ch4,1.462
South Korea,Asia,2015,Transport,Hfcs,4.847
Russia,Europe,2023,Manufacturing,Sf6,16.737
China,Asia,2009,Buildings,Ch4,123.526
United Kingdom,Europe,2011,Energy,Ch4,17.978
United Kingdom,Europe,2015,Industrial Processes,Sf6,0.445
South Africa,Africa,2017,Energy,Sf6,5.155
India,Asia,2021,Waste,Hfcs,4.823
France,Europe,2009,Energy,Hfcs,2.231
China,Asia,2000,Energy,Co2,123.526
South Africa,Africa,2004,Land Use,N2O,3.232
France,Europe,2016,,Ch4,7.128
Russia,Europe,2004,Buildings,Co2,80.305
South Africa,Africa,2018,Energy,Hfcs,7.041
Russia,Europe,2020,Energy,Sf6,16.211
Indonesia,Asia,2022,Industrial Processes,Ch4,0.687
Mexico,North America,2008,Agriculture,Ch4,40.615
Indonesia,Asia,2006,Agriculture,Ch4,86.122
France,Europe,2013,Manufacturing,N2O,1.745
Germany,Europe,2010,Waste,Sf6,0.28
Japan,Asia,2016,Manufacturing,Hfcs,23.422
Australia,Oceania,2020,Buildings,Hfcs,4.733
India,Asia,2009,Land Use,Sf6,1.451
Brazil,South America,2014,Waste,Ch4,23.275
United Kingdom,Europe,2001,Buildings,Ch4,10.75
France,Europe,2009,Industrial Processes,Co2,1.595
India,Asia,2002,Manufacturing,Hfcs,62.324
Russia,Europe,2010,Industrial Processes,Ch4,0.968
United Kingdom,Europe,2017,Waste,Hfcs,0.1
South Korea,Asia,2004,Manufacturing,Sf6,9.19
Brazil,South America,2000,Transport,Sf6,1.343
South Africa,Africa,2023,Manufacturing,N2O,7.745
Japan,Asia,2000,Agriculture,Co2,4.546
South Africa,Africa,2023,Agriculture,N2O,23.553
Canada,North America,2014,Waste,Co2,5.964
South Africa,Africa,2019,Manufacturing,Sf6,3.687
South Korea,Asia,2005,Industrial Processes,Hfcs,3.285
Mexico,North America,2011,Manufacturing,Hfcs,7.101
Brazil,South America,2001,Agriculture,Sf6,2.534
Australia,Oceania,2002,Waste,N2O,3.713
Japan,Asia,2020,Agriculture,Hfcs,1.345
Australia,Oceania,2007,Buildings,Hfcs,5.31
South Korea,Asia,2008,Transport,Sf6,1.085
Mexico,North America,2005,Manufacturing,Co2,46.753
Brazil,South America,2004,Agriculture,Hfcs,12.02
China,Asia,2005,Manufacturing,Ch4,123.526
South Korea,Asia,2016,Industrial Processes,Sf6,2.339
Japan,Asia,2002,Manufacturing,Ch4,24.315
United States,North America,2022,Agriculture,Ch4,123.526
Mexico,North America,2009,Land Use,Ch4,3.142
Russia,Europe,2014,Transport,Hfcs,10.899
Australia,Oceania,2008,Manufacturing,Co2,33.311
China,Asia,2021,Waste,Ch4,123.526
South Korea,Asia,2001,Energy,Sf6,4.916
China,Asia,2001,Energy,Hfcs,99.73
China,Asia,2000,Manufacturing,N2O,123.526
Japan,Asia,2015,Land Use,Ch4,0.1
United Kingdom,Europe,2011,Waste,N2O,1.914
United States,North America,2023,Energy,Hfcs,47.622
United States,North America,2018,Agriculture,Sf6,4.411
United Kingdom,Europe,2001,Industrial Processes,Sf6,0.64
India,Asia,2011,Agriculture,N2O,123.526
Indonesia,Asia,2015,,Hfcs,7.128
Indonesia,Asia,2012,Waste,Hfcs,0.533
Indonesia,Asia,2003,Waste,Sf6,0.398
Brazil,South America,2011,Agriculture,Hfcs,11.508
Germany,Europe,2005,Industrial Processes,Co2,6.587
Indonesia,Asia,2019,Buildings,Co2,8.219
South Korea,Asia,2014,Land Use,Sf6,0.1
South Korea,Asia,2000,Transport,Hfcs,4.031
,North America,2016,Energy,N2O,7.128
Japan,Asia,2023,Transport,Co2,123.526
Germany,Europe,2009,Manufacturing,Ch4,11.62
South Korea,Asia,2010,Buildings,Sf6,0.791
Brazil,South America,2010,Manufacturing,Ch4,6.89
Canada,North America,2018,Energy,N2O,11.291
South Africa,Africa,2012,Buildings,Hfcs,2.722
Indonesia,Asia,2000,Transport,Ch4,4.501
South Africa,Africa,2002,Agriculture,Sf6,0.674
Indonesia,Asia,2003,Land Use,Ch4,32.5
Russia,Europe,2010,Waste,Co2,11.476
China,Asia,2006,Manufacturing,Sf6,123.526
United Kingdom,Europe,2010,Land Use,,7.128
China,Asia,2011,Energy,Hfcs,123.526
Australia,Oceania,2007,Energy,N2O,10.328
Japan,Asia,2009,Waste,Ch4,18.728
China,Asia,2013,Agriculture,N2O,123.526
Japan,Asia,2003,Waste,Sf6,0.366
Canada,North America,2014,Land Use,Co2,6.011
Canada,North America,2022,Transport,Ch4,7.977
Brazil,South America,2007,Buildings,Ch4,1.389
Australia,Oceania,2018,Manufacturing,N2O,5.108
South Africa,Africa,2015,Industrial Processes,Hfcs,1.257
Indonesia,Asia,2021,Manufacturing,Hfcs,11.228
Mexico,North America,2021,Land Use,Co2,7.856
China,Asia,2010,Land Use,Co2,123.526
South Africa,Africa,2015,Energy,Ch4,46.901
Japan,Asia,2013,Transport,N2O,19.38
India,Asia,2010,Transport,Hfcs,28.251
Japan,Asia,2007,Waste,Ch4,19.427
Indonesia,Asia,2009,Energy,Ch4,62.76
China,Asia,2014,Manufacturing,N2O,123.526
South Africa,Africa,2002,Energy,Co2,123.526
Japan,Asia,2021,Industrial Processes,Hfcs,2.504
China,Asia,2017,Energy,Sf6,123.526
South Africa,Africa,2009,Agriculture,Hfcs,2.505
South Korea,Asia,2012,Buildings,Sf6,0.751
Brazil,South America,2004,Industrial Processes,N2O,0.91
United States,North America,2018,Manufacturing,Hfcs,64.537
China,Asia,2019,Energy,Ch4,123.526
Canada,North America,2013,,Co2,7.128
China,Asia,2019,Industrial Processes,Ch4,33.788
Brazil,South America,2000,Energy,N2O,8.671
Canada,North America,2015,Manufacturing,Ch4,6.456
United Kingdom,Europe,2012,Energy,Co2,66.012
Brazil,South America,2018,Industrial Processes,N2O,1.077
Japan,Asia,2010,Transport,Ch4,11.149
Australia,Oceania,2003,Energy,Hfcs,6.421
Indonesia,Asia,2015,Agriculture,Sf6,1.957
Mexico,North America,2008,Energy,N2O,8.041
South Africa,Africa,2004,Transport,Hfcs,2.248
India,Asia,2015,Waste,Ch4,123.526
India,Asia,2000,Buildings,Ch4,45.997
United Kingdom,Europe,2015,Transport,Ch4,4.186
Japan,Asia,2006,Agriculture,Co2,4.249
Canada,North America,2005,Transport,Sf6,1.76
Brazil,South America,2022,Industrial Processes,Sf6,1.616
South Africa,Africa,2006,Manufacturing,Hfcs,6.621
Russia,Europe,2004,Waste,Hfcs,0.569
France,Europe,2001,Transport,Hfcs,5.146
Brazil,South America,2010,Transport,N2O,14.707
United States,North America,2017,Agriculture,Sf6,4.252
France,Europe,2005,Buildings,Co2,44.464
Brazil,South America,2002,Buildings,Ch4,1.376
France,Europe,2022,Transport,Sf6,0.894
China,Asia,2014,Land Use,Ch4,123.526
United Kingdom,Europe,2010,Agriculture,N2O,11.198
South Korea,Asia,2019,Manufacturing,Co2,123.526
Russia,Europe,2019,Waste,Hfcs,0.524
United States,North America,2002,Energy,Ch4,123.526
,Europe,2023,Transport,N2O,7.128
Germany,Europe,2000,Agriculture,Ch4,37.169
India,Asia,2014,Industrial Processes,N2O,11.289
India,Asia,2007,Buildings,Ch4,60.507
South Korea,Asia,2013,Transport,Sf6,1.193
,Oceania,2022,Buildings,Hfcs,7.128
Mexico,North America,2000,Energy,Co2,106.124
Japan,Asia,2019,Waste,Sf6,0.293
United Kingdom,Europe,2017,Industrial Processes,Sf6,0.417
Canada,North America,2018,Manufacturing,Ch4,6.971
United Kingdom,Europe,2009,Agriculture,Co2,3.135
France,Europe,2000,Land Use,Sf6,0.1
Indonesia,Asia,2005,Buildings,Co2,5.276
United States,North America,2000,Energy,Co2,123.526
Germany,Europe,2004,Energy,Hfcs,6.273
Brazil,South America,2016,Waste,Hfcs,0.394
Japan,Asia,2011,Buildings,Ch4,15.626
Germany,Europe,2007,Waste,Hfcs,0.288
China,Asia,2022,Energy,Hfcs,123.526
Japan,Asia,2000,Energy,N2O,25.572
South Korea,Asia,2021,Land Use,N2O,3.311
France,Europe,2003,Waste,N2O,2.161
South Korea,Asia,2005,Land Use,Ch4,1.381
South Africa,Africa,2010,Waste,N2O,4.364
South Korea,Asia,2011,Waste,Co2,4.243
Canada,North America,2012,Energy,Hfcs,6.956
Mexico,North America,2010,Buildings,N2O,4.42
South Korea,Asia,2018,Manufacturing,Ch4,24.842
South Korea,Asia,2011,Waste,Ch4,13.349
United States,North America,2021,Industrial Processes,Co2,23.306
United Kingdom,Europe,2002,Energy,Sf6,2.416
Japan,Asia,2004,Manufacturing,Hfcs,23.147
United States,North America,2021,Transport,Co2,123.526
Germany,Europe,2004,Energy,Sf6,4.179
Australia,Oceania,2010,Manufacturing,N2O,4.879
India,Asia,2013,Agriculture,Co2,105.453
United States,North America,2015,Land Use,Sf6,1.069
United Kingdom,Europe,2009,Waste,Hfcs,0.1
Russia,Europe,2016,Buildings,Co2,76.349
Germany,Europe,2023,Waste,N2O,3.854
United Kingdom,Europe,2000,Manufacturing,Sf6,2.994
Canada,North America,2005,Transport,Co2,123.526
Mexico,North America,2002,Land Use,Ch4,3.003
Canada,North America,2015,Manufacturing,Co2,43.295
Mexico,North America,2007,Energy,Sf6,3.217
United States,North America,2005,Energy,Co2,123.526
Russia,Europe,2016,Transport,N2O,27.793
Germany,Europe,2022,Industrial Processes,Sf6,1.659
Australia,Oceania,2006,Energy,Hfcs,5.897
Mexico,North America,2007,Waste,Sf6,0.252
Indonesia,Asia,2003,Buildings,Co2,5.465
Brazil,South America,2019,Industrial Processes,Ch4,0.512
India,Asia,2005,Land Use,Sf6,1.167
United States,North America,2012,Manufacturing,Hfcs,60.916
United States,North America,2006,Transport,Ch4,73.674
France,Europe,2009,Buildings,Sf6,0.588
France,Europe,2023,Transport,N2O,8.166
India,Asia,2020,Buildings,N2O,55.454
United States,North America,2002,Land Use,Ch4,22.52
United Kingdom,Europe,2008,Land Use,Hfcs,0.141
Mexico,North America,2011,Buildings,N2O,4.448
France,Europe,2008,Agriculture,Ch4,33.609
France,Europe,2003,Transport,Co2,92.367
United Kingdom,Europe,2016,Land Use,Sf6,0.1
Canada,North America,2000,Industrial Processes,Sf6,2.173
Germany,Europe,2017,Buildings,Co2,45.164
Germany,Europe,2021,,Co2,7.128
United States,North America,2004,Waste,N2O,31.912
United Kingdom,Europe,2015,Manufacturing,Co2,29.284
Russia,Europe,2020,Waste,Co2,11.156
South Korea,Asia,2017,Land Use,Sf6,0.1
Russia,Europe,2010,Transport,Sf6,2.588
South Africa,Africa,2000,Agriculture,Ch4,37.529
Indonesia,Asia,2023,Agriculture,Co2,26.943
South Korea,Asia,2010,Industrial Processes,Ch4,0.782
South Korea,Asia,2013,Buildings,N2O,7.38
United States,North America,2023,Transport,Ch4,61.43
China,Asia,2015,Buildings,Hfcs,123.526
Canada,North America,2016,Energy,Hfcs,7.675
United States,North America,2009,Manufacturing,Sf6,28.592
South Africa,Africa,2023,Manufacturing,Sf6,3.488
Brazil,South America,2006,Waste,Co2,7.266
Mexico,North America,2020,Waste,N2O,5.237
South Korea,Asia,2012,Industrial Processes,N2O,1.502
Russia,Europe,2005,Energy,Co2,123.526
South Korea,Asia,2017,Energy,Ch4,55.16
South Korea,Asia,2000,Land Use,Hfcs,0.258
United States,North America,2013,Buildings,Ch4,102.328
Indonesia,Asia,2020,Waste,Sf6,0.58
Germany,Europe,2015,Buildings,Hfcs,10.905
South Africa,Africa,2019,Agriculture,N2O,21.374
South Korea,Asia,2004,Manufacturing,Co2,123.526
Australia,Oceania,2001,Manufacturing,N2O,5.082
Australia,Oceania,2010,Agriculture,Co2,8.578
Indonesia,Asia,2001,Land Use,Ch4,34.898
France,Europe,2004,Manufacturing,Co2,12.104
France,Europe,2017,Waste,Ch4,5.706
Brazil,South America,2016,Waste,Co2,7.73
United Kingdom,Europe,2018,Waste,Ch4,5.126
Germany,Europe,2014,Agriculture,Sf6,0.535
India,Asia,2015,Agriculture,N2O,123.526
Canada,North America,2023,,N2O,7.128
Brazil,South America,2004,Manufacturing,Ch4,6.696
Indonesia,Asia,2010,Waste,Hfcs,0.516
Mexico,North America,2019,Agriculture,Sf6,0.774
South Korea,Asia,2020,Energy,Hfcs,9.14
Mexico,North America,2005,Energy,Co2,109.821
South Africa,Africa,2004,Transport,Co2,44.361
Japan,Asia,2015,Transport,Co2,123.526
Canada,North America,2007,Agriculture,N2O,20.397
South Africa,Africa,2003,Energy,Sf6,4.606
Indonesia,Asia,2014,Agriculture,N2O,57.496
United Kingdom,Europe,2021,Waste,Hfcs,0.1
Canada,North America,2021,Transport,N2O,16.302
United Kingdom,Europe,2002,Land Use,Hfcs,0.164
Indonesia,Asia,2015,Industrial Processes,Sf6,1.642
Australia,Oceania,2005,Industrial Processes,Hfcs,2.474
Russia,Europe,2003,Industrial Processes,Hfcs,4.612
South Korea,Asia,2020,Agriculture,Hfcs,1.743
Japan,Asia,2007,Buildings,Co2,65.626
Canada,North America,2020,Agriculture,Co2,5.89
Japan,Asia,2022,Waste,Sf6,0.294
United States,North America,2012,Land Use,N2O,39.483
Japan,Asia,2016,Industrial Processes,N2O,1.02
Mexico,North America,2015,Manufacturing,N2O,7.246
United Kingdom,Europe,2000,Transport,Ch4,6.144
Indonesia,Asia,2004,Manufacturing,Ch4,7.024
Brazil,South America,2018,Industrial Processes,Co2,4.475
Russia,Europe,2013,Energy,N2O,46.731
China,Asia,2021,Transport,Sf6,36.091
Canada,North America,2008,Buildings,Ch4,13.011
Mexico,North America,2021,Buildings,Ch4,7.7
South Africa,Africa,2001,Industrial Processes,N2O,0.515
Australia,Oceania,2015,Waste,Ch4,11.962
Brazil,South America,2010,Agriculture,Hfcs,12.325
India,Asia,2007,Agriculture,Co2,92.678
Germany,Europe,2003,Manufacturing,Co2,104.215
Russia,Europe,2016,Transport,Ch4,14.353
China,Asia,2014,Manufacturing,Hfcs,123.526
South Korea,Asia,2000,Waste,Hfcs,0.196
United States,North America,2013,Land Use,Ch4,21.796
United Kingdom,Europe,2017,Waste,Sf6,0.1
Mexico,North America,2014,Energy,Ch4,33.852
Russia,Europe,2021,Industrial Processes,Co2,8.353
Indonesia,Asia,2013,Manufacturing,Hfcs,8.292
Germany,Europe,2012,Manufacturing,Ch4,12.755
Russia,Europe,2013,Buildings,Sf6,1.419
China,Asia,2010,Agriculture,Sf6,15.115
Japan,Asia,2016,Agriculture,Hfcs,1.56
South Africa,Africa,2005,Energy,Hfcs,7.152
Canada,North America,2012,Energy,N2O,12.395
South Korea,Asia,2013,Manufacturing,N2O,21.427
Brazil,South America,2013,Waste,Ch4,23.483
China,Asia,2010,Waste,Ch4,123.526
Mexico,North America,2000,Energy,,7.128
,Asia,2015,Buildings,Ch4,7.128
India,Asia,2004,Agriculture,Sf6,7.759
Japan,Asia,2015,Energy,Co2,123.526
Australia,Oceania,2014,Land Use,Sf6,0.16
Australia,Oceania,2012,Industrial Processes,Ch4,0.504
India,Asia,2011,Buildings,Co2,123.526
South Korea,Asia,2007,Transport,Sf6,1.227
India,Asia,2010,Buildings,Co2,123.526
Germany,Europe,2023,Waste,Sf6,0.196
China,Asia,2006,Waste,Co2,123.526
Brazil,South America,2017,Energy,Sf6,3.767
Mexico,North America,2006,Buildings,N2O,4.577
South Africa,Africa,2002,Transport,N2O,5.615
,Europe,2018,Industrial Processes,N2O,7.128
Japan,Asia,2017,Land Use,Ch4,0.1
Canada,North America,2001,Land Use,Co2,6.281
Russia,Europe,2019,Manufacturing,Ch4,33.134
Mexico,North America,2013,Agriculture,Co2,7.456
France,Europe,2013,Industrial Processes,Hfcs,0.863
Indonesia,Asia,2006,Manufacturing,Hfcs,7.847
Russia,Europe,2019,Agriculture,N2O,59.641
Mexico,North America,2004,Agriculture,Hfcs,2.777
South Korea,Asia,2003,Buildings,Co2,39.832
Russia,Europe,2016,Buildings,N2O,12.589
France,Europe,2006,Land Use,Co2,1.441
Japan,Asia,2013,Buildings,Sf6,1.101
France,Europe,2010,Buildings,Ch4,9.596
India,Asia,2004,Transport,Hfcs,23.651
South Africa,Africa,2014,Waste,N2O,4.273
India,Asia,2005,Buildings,N2O,38.671
United Kingdom,Europe,2002,Industrial Processes,Hfcs,1.013
South Africa,Africa,2016,Land Use,Hfcs,0.419
Mexico,North America,2022,Agriculture,Hfcs,3.41
France,Europe,2003,Transport,Hfcs,5.001
Germany,Europe,2022,Agriculture,Ch4,23.634
United States,North America,2003,Energy,,7.128
United States,North America,2017,Land Use,Ch4,21.454
Germany,Europe,2009,Industrial Processes,Hfcs,3.236
Japan,Asia,2022,Transport,Hfcs,6.945
Germany,Europe,2002,Buildings,Sf6,1.007
Japan,Asia,2022,Land Use,Ch4,0.1
Canada,North America,2007,Industrial Processes,Hfcs,3.643
Indonesia,Asia,2016,Energy,Sf6,8.105
United States,North America,2013,Buildings,Hfcs,93.391
United Kingdom,Europe,2009,Agriculture,N2O,10.843
India,Asia,2001,Agriculture,Ch4,123.526
Germany,Europe,2023,Agriculture,N2O,12.996
India,Asia,2017,Transport,Hfcs,36.341
France,Europe,2012,Manufacturing,Sf6,0.874
South Africa,Africa,2020,Agriculture,Ch4,40.139
Russia,Europe,2022,Industrial Processes,Hfcs,4.435
Australia,Oceania,2008,Industrial Processes,Sf6,1.63
Brazil,South America,2011,Transport,Ch4,6.611
South Korea,Asia,2022,Buildings,Ch4,14.11
China,Asia,2007,Industrial Processes,Ch4,19.451
Japan,Asia,2022,Waste,N2O,4.653
Germany,Europe,2017,Industrial Processes,Ch4,0.582
China,Asia,2017,Agriculture,Sf6,18.279
Indonesia,Asia,2005,Transport,N2O,11.288
Indonesia,Asia,2021,Energy,Ch4,95.273
Canada,North America,2013,Energy,N2O,11.549
Mexico,North America,2008,Land Use,Ch4,2.956
Japan,Asia,2003,Industrial Processes,Sf6,1.55
France,Europe,2000,Energy,N2O,4.71
Russia,Europe,2002,Transport,Ch4,14.422
Japan,Asia,2018,Land Use,Sf6,0.1
Australia,Oceania,2010,Manufacturing,Co2,35.546
Germany,Europe,2004,Waste,Ch4,17.418
Germany,Europe,2017,Agriculture,Hfcs,1.98
United Kingdom,Europe,2016,Manufacturing,Sf6,1.961
Russia,Europe,2005,Agriculture,Sf6,1.872
Russia,Europe,2000,Energy,N2O,42.891
South Korea,Asia,2017,Waste,N2O,4.4
Russia,Europe,2009,Waste,Hfcs,0.56
Japan,Asia,2021,Manufacturing,Sf6,10.873
Japan,Asia,2022,Energy,Hfcs,10.532
France,Europe,2007,Land Use,Ch4,0.754
South Africa,Africa,2014,Energy,Co2,123.526
Brazil,South America,2005,Energy,Hfcs,5.278
Russia,Europe,2009,Energy,Sf6,17.001
Australia,Oceania,2010,Land Use,N2O,5.29
United Kingdom,Europe,2017,Industrial Processes,Ch4,0.146
Russia,Europe,2005,Buildings,Co2,77.354
South Korea,Asia,2017,Waste,Hfcs,0.255
Australia,Oceania,2016,Buildings,Co2,20.867
Indonesia,Asia,2014,Waste,Sf6,0.537
Brazil,South America,2008,Industrial Processes,Hfcs,2.308
Russia,Europe,2017,Energy,Hfcs,25.321
United States,North America,2012,Buildings,Hfcs,99.238
Indonesia,Asia,2011,Transport,N2O,11.79
United Kingdom,Europe,2004,Buildings,Ch4,10.192
China,Asia,2009,Manufacturing,Ch4,123.526
South Korea,Asia,2022,Manufacturing,Ch4,25.971
France,Europe,2020,Agriculture,Sf6,0.522
Germany,Europe,2000,Energy,N2O,11.953
India,Asia,2007,Manufacturing,Ch4,84.378
Brazil,South America,2010,Energy,Ch4,33.971
Mexico,North America,2004,Waste,Co2,4.872
United Kingdom,Europe,2017,Industrial Processes,N2O,0.28
Australia,Oceania,2006,Land Use,Ch4,3.171
Brazil,South America,2023,Land Use,Hfcs,11.37
South Korea,Asia,2021,Buildings,Sf6,0.909
Russia,Europe,2019,Transport,N2O,26.15
Mexico,North America,2022,Agriculture,Ch4,44.143
Japan,Asia,2023,Energy,Hfcs,10.283
Mexico,North America,2019,Industrial Processes,Co2,2.533
South Africa,Africa,2007,Agriculture,Sf6,0.721
Japan,Asia,2002,Buildings,Co2,64.728
Canada,North America,2008,Agriculture,Hfcs,2.875
Russia,Europe,2021,Agriculture,Hfcs,7.813
United Kingdom,Europe,2016,Energy,Ch4,16.037
Russia,Europe,2008,Land Use,Ch4,7.945
India,Asia,2011,Land Use,N2O,53.058
Indonesia,Asia,2000,Buildings,N2O,0.84
France,Europe,2017,Industrial Processes,Hfcs,0.81
India,Asia,2014,Energy,Sf6,31.537
South Africa,Africa,2007,Transport,Hfcs,2.267
Japan,Asia,2015,Buildings,N2O,10.773
South Africa,Africa,2006,Land Use,N2O,3.62
Australia,Oceania,2018,Manufacturing,Hfcs,5.495
United Kingdom,Europe,2005,Industrial Processes,Co2,1.646
Australia,Oceania,2001,Buildings,Sf6,0.337
India,Asia,2003,Transport,Ch4,25.285
Japan,Asia,2003,Energy,Ch4,96.11
United States,North America,2007,Agriculture,Sf6,5.183
China,Asia,2023,Land Use,N2O,123.526
Japan,Asia,2021,Manufacturing,N2O,22.53
South Africa,Africa,2008,Energy,Sf6,5.019
France,Europe,2018,Transport,Sf6,0.939
Japan,Asia,2014,Waste,Co2,6.091
Russia,Europe,2007,Transport,Ch4,14.645
Russia,Europe,2001,Agriculture,N2O,55.785
United Kingdom,Europe,2000,Energy,Hfcs,3.504
Russia,Europe,2013,Transport,Sf6,2.495
United Kingdom,Europe,2006,Land Use,Ch4,0.775
United States,North America,2018,Industrial Processes,Hfcs,13.486
France,Europe,2011,Buildings,Sf6,0.615
Mexico,North America,2016,Buildings,Hfcs,6.628
France,Europe,2001,Energy,N2O,5.077
South Africa,Africa,2007,Industrial Processes,Ch4,0.242
Japan,Asia,2022,Buildings,Hfcs,12.371
South Africa,Africa,2006,Manufacturing,N2O,6.693
Indonesia,Asia,2012,Agriculture,Co2,20.791
Mexico,North America,2014,Manufacturing,Hfcs,8.121
South Africa,Africa,2011,Agriculture,Sf6,0.716
Germany,Europe,2005,Energy,Hfcs,6.633
United Kingdom,Europe,2018,Transport,Hfcs,2.963
United Kingdom,Europe,2014,Buildings,Co2,33.672
Germany,Europe,2000,Manufacturing,N2O,16.13
Brazil,South America,2023,Manufacturing,Sf6,3.659
France,Europe,2000,Agriculture,N2O,17.93
India,Asia,2016,Energy,Sf6,33.458
France,Europe,2018,Manufacturing,N2O,1.425
South Korea,Asia,2003,Industrial Processes,Hfcs,3.335
South Africa,Africa,2018,Energy,Ch4,47.122
United States,North America,2014,Manufacturing,Ch4,59.359
United States,North America,2002,Manufacturing,Ch4,73.584
United States,North America,2004,Waste,Ch4,108.681
South Korea,Asia,2012,Transport,Co2,97.298
India,Asia,2000,Manufacturing,N2O,66.276
Brazil,South America,2019,Energy,Ch4,35.958
United States,North America,2001,,Ch4,7.128
Germany,Europe,2001,Energy,Sf6,3.872
Germany,Europe,2021,Transport,Co2,85.605
South Korea,Asia,2023,Industrial Processes,Sf6,2.792
United Kingdom,Europe,2008,Buildings,Ch4,8.702
Japan,Asia,2015,Energy,Hfcs,11.53
Indonesia,Asia,2021,Transport,Ch4,8.828
Canada,North America,2004,Industrial Processes,Hfcs,3.743
Canada,North America,2023,Buildings,Co2,44.566
South Korea,Asia,2001,Land Use,Hfcs,0.261
Germany,Europe,2000,Manufacturing,Hfcs,15.752
India,Asia,2015,Buildings,Hfcs,75.226
China,Asia,2002,Manufacturing,Ch4,123.526
Mexico,North America,2015,Waste,Sf6,0.264
Russia,Europe,2006,Agriculture,Co2,20.602
Germany,Europe,2001,Industrial Processes,Sf6,2.467
India,Asia,2013,,Sf6,7.128
India,Asia,2019,Energy,Sf6,36.7
India,Asia,2015,Energy,N2O,79.457
India,Asia,2017,Waste,N2O,69.869
Russia,Europe,2022,Agriculture,Hfcs,7.767
France,Europe,2019,Transport,Ch4,4.42
India,Asia,2007,Industrial Processes,Sf6,12.802
United Kingdom,Europe,2011,Waste,Co2,2.094
South Korea,Asia,2023,Agriculture,Sf6,0.438
Canada,North America,2023,Land Use,Ch4,2.7
Mexico,North America,2008,Agriculture,Hfcs,2.704
France,Europe,2003,Waste,Hfcs,0.122
Russia,Europe,2003,Waste,N2O,10.946
Mexico,North America,2012,Industrial Processes,Hfcs,1.323
United States,North America,2002,Energy,N2O,91.361
South Korea,Asia,2017,Agriculture,Ch4,22.791
India,Asia,2011,Waste,Sf6,3.158
Brazil,South America,2020,Industrial Processes,N2O,0.943
Mexico,North America,2020,Waste,Hfcs,0.291
United States,North America,2015,Land Use,N2O,33.975
Russia,Europe,2018,Manufacturing,Co2,123.526
Indonesia,Asia,2020,Industrial Processes,Hfcs,2.875
India,Asia,2011,Land Use,Ch4,29.025
Russia,Europe,2005,Energy,N2O,42.22
South Africa,Africa,2021,Agriculture,Sf6,0.811
South Africa,Africa,2008,Agriculture,Ch4,40.398
Mexico,North America,2017,Industrial Processes,Sf6,0.81
Indonesia,Asia,2003,Land Use,Co2,67.12
Indonesia,Asia,2017,Waste,Sf6,0.586
South Africa,Africa,2016,Land Use,Co2,4.378
Germany,Europe,2002,Manufacturing,Hfcs,14.557
France,Europe,2013,Land Use,Hfcs,0.131
Canada,North America,2005,Energy,N2O,12.207
Brazil,South America,2008,Energy,Ch4,37.105
Russia,Europe,2003,Land Use,Hfcs,1.485
South Africa,Africa,2022,Agriculture,Hfcs,2.875
Russia,Europe,2000,Buildings,Ch4,21.892
China,Asia,2000,Energy,Hfcs,91.421
South Africa,Africa,2005,Land Use,N2O,3.219
India,Asia,2013,Manufacturing,Hfcs,98.354
Canada,North America,2017,Energy,Hfcs,7.121
Indonesia,Asia,2009,Energy,Co2,123.526
South Africa,Africa,2022,Land Use,Ch4,2.128
United Kingdom,Europe,2015,Energy,Co2,60.536
South Korea,Asia,2007,Energy,Sf6,5.372
Brazil,South America,2019,Land Use,Sf6,2.727
Mexico,North America,2017,Land Use,Hfcs,0.69
South Africa,Africa,2012,Agriculture,Co2,6.972
China,Asia,2010,Industrial Processes,Sf6,62.149
Mexico,North America,2009,Buildings,Hfcs,6.119
Australia,Oceania,2006,Transport,N2O,9.397
South Korea,Asia,2020,Land Use,Ch4,1.668
Japan,Asia,2017,Buildings,Sf6,0.948
Germany,Europe,2004,Waste,Sf6,0.289
Mexico,North America,2015,Land Use,N2O,5.469
Brazil,South America,2021,Land Use,N2O,99.386
Indonesia,Asia,2009,Industrial Processes,Sf6,1.486
Canada,North America,2007,Buildings,Co2,52.561
China,Asia,2002,Transport,Hfcs,68.917
Indonesia,Asia,2023,Land Use,Hfcs,10.987
India,Asia,2016,Manufacturing,Ch4,117.613
Indonesia,Asia,2019,Manufacturing,Co2,70.667
Australia,Oceania,2016,Agriculture,Hfcs,3.338
United Kingdom,Europe,2019,Land Use,Co2,1.181
United Kingdom,Europe,2003,Agriculture,Hfcs,1.744
Mexico,North America,2010,Buildings,Co2,30.401
Japan,Asia,2018,Energy,Sf6,7.76
United Kingdom,Europe,2006,Manufacturing,Sf6,2.557
China,Asia,2006,Land Use,Sf6,5.07
United States,North America,2008,Energy,Ch4,123.526
Japan,Asia,2020,Energy,Ch4,68.06
France,Europe,2023,Waste,Hfcs,0.1
South Africa,Africa,2016,Agriculture,Co2,7.81
France,Europe,2020,Waste,Sf6,0.1
Indonesia,Asia,2012,Buildings,N2O,1.137
Canada,North America,2017,Transport,Co2,123.526
South Korea,Asia,2007,Buildings,Ch4,10.321
France,Europe,2008,Manufacturing,Ch4,1.69
Brazil,South America,2017,Land Use,N2O,92.302
South Africa,Africa,2000,Industrial Processes,Hfcs,1.186
South Africa,Africa,2012,Land Use,Ch4,2.121
Japan,Asia,2010,Buildings,Co2,61.769
Brazil,South America,2018,Manufacturing,N2O,6.72
China,Asia,2010,Manufacturing,Co2,123.526
China,Asia,2010,Manufacturing,Ch4,123.526
India,Asia,2008,Agriculture,Co2,86.187
Australia,Oceania,2022,Transport,Ch4,4.996
Brazil,South America,2002,Land Use,N2O,81.654
France,Europe,2003,Industrial Processes,Hfcs,0.917
Mexico,North America,2000,Manufacturing,Sf6,3.543
France,Europe,2014,Manufacturing,N2O,1.733
Indonesia,Asia,2012,Energy,Ch4,70.253
Mexico,North America,2012,Manufacturing,Sf6,3.924
China,Asia,2017,Land Use,Co2,123.526
Australia,Oceania,2011,Agriculture,Co2,8.09
United Kingdom,Europe,2016,Buildings,Sf6,0.537
Russia,Europe,2016,Transport,Hfcs,11.473
China,Asia,2010,,N2O,7.128
Germany,Europe,2023,Land Use,Sf6,0.1
India,Asia,2015,Transport,Hfcs,30.256
Indonesia,Asia,2011,Energy,Ch4,77.558
Japan,Asia,2004,Energy,Co2,123.526
South Korea,Asia,2019,Manufacturing,Sf6,11.747
Russia,Europe,2000,Agriculture,Hfcs,8.198
France,Europe,2003,Transport,Sf6,1.144
South Africa,Africa,2021,Buildings,N2O,2.07
Germany,Europe,2005,Manufacturing,N2O,13.399
United Kingdom,Europe,2007,Agriculture,N2O,9.833
United Kingdom,Europe,2000,Waste,Sf6,0.133
Brazil,South America,2000,Land Use,Co2,86.618
Germany,Europe,2010,Manufacturing,Ch4,14.114
South Africa,Africa,2017,Transport,Co2,51.997
Mexico,North America,2019,Manufacturing,Sf6,3.856
Russia,Europe,2000,Transport,Hfcs,11.757
Russia,Europe,2023,Manufacturing,N2O,35.336
United Kingdom,Europe,2022,Manufacturing,Sf6,1.67
United Kingdom,Europe,2005,Energy,Co2,81.255
South Korea,Asia,2022,Industrial Processes,Ch4,0.906
United States,North America,2014,Energy,Hfcs,46.849
United Kingdom,Europe,2003,Land Use,Sf6,0.1
Australia,Oceania,2000,Buildings,Hfcs,4.898
United Kingdom,Europe,2011,Buildings,Sf6,0.546
United States,North America,2003,Land Use,Co2,48.928
Indonesia,Asia,2010,Agriculture,N2O,51.561
United States,North America,2011,Transport,Ch4,79.35
Brazil,South America,2004,Land Use,N2O,85.074
United Kingdom,Europe,2001,Transport,Hfcs,4.629
France,Europe,2003,Industrial Processes,N2O,0.378
South Korea,Asia,2013,Transport,Ch4,5.934
Australia,Oceania,2016,Land Use,Hfcs,0.606
United States,North America,2021,Agriculture,Ch4,123.526
Indonesia,Asia,2003,Manufacturing,Hfcs,6.751
Mexico,North America,2021,Transport,N2O,14.283
Australia,Oceania,2021,Industrial Processes,Co2,4.638
Russia,Europe,2016,Waste,Co2,10.805
India,Asia,2015,Industrial Processes,Sf6,15.326
India,Asia,2017,Agriculture,Hfcs,52.188
Mexico,North America,2023,Transport,Ch4,7.414
Indonesia,Asia,2002,Waste,N2O,7.547
Mexico,North America,2003,Waste,N2O,4.746
South Africa,Africa,2007,Waste,Hfcs,0.258
China,Asia,2015,Land Use,Hfcs,28.963
South Africa,Africa,2022,Industrial Processes,N2O,0.521
Germany,Europe,2000,Industrial Processes,N2O,1.697
France,Europe,2021,Energy,Co2,47.283
India,Asia,2006,Transport,Hfcs,24.773
Brazil,South America,2001,Land Use,Co2,97.923
Germany,Europe,2006,Energy,Sf6,4.061
United Kingdom,Europe,2017,Manufacturing,N2O,4.004
China,Asia,2003,Agriculture,Ch4,123.526
Canada,North America,2001,Industrial Processes,Hfcs,3.491
United States,North America,2013,Transport,Ch4,72.487
Germany,Europe,2022,Manufacturing,Sf6,5.229
Russia,Europe,2020,Waste,Hfcs,0.507
Canada,North America,2018,Manufacturing,,7.128
Indonesia,Asia,2023,Land Use,Co2,116.648
Brazil,South America,2008,Waste,Sf6,0.411
South Korea,Asia,2003,Waste,Ch4,13.104
China,Asia,2019,Agriculture,Sf6,22.071
South Africa,Africa,2010,,Ch4,7.128
Indonesia,Asia,2012,Transport,N2O,13.675
United States,North America,2016,Land Use,Ch4,19.937
Brazil,South America,2015,Waste,N2O,7.586
United Kingdom,Europe,2007,Energy,Hfcs,3.387
India,Asia,2010,Agriculture,Hfcs,40.676
France,Europe,2013,Transport,Ch4,5.297
Japan,Asia,2019,Energy,Sf6,8.158
India,Asia,2015,Buildings,Co2,123.526
China,Asia,2011,Waste,Sf6,8.268
Brazil,South America,2020,Transport,Sf6,1.357
South Korea,Asia,2006,Transport,Ch4,6.007
South Korea,Asia,2011,Waste,N2O,4.413
Indonesia,Asia,2021,Manufacturing,Ch4,10.399
Germany,Europe,2016,Waste,Ch4,14.419
Brazil,South America,2021,Land Use,Ch4,52.124
Australia,Oceania,2023,Agriculture,N2O,23.366
China,Asia,2014,Industrial Processes,Hfcs,123.481
Brazil,South America,2008,Waste,Co2,7.279
Mexico,North America,2022,Industrial Processes,N2O,0.596
Brazil,South America,2019,Industrial Processes,N2O,0.972
United States,North America,2023,Waste,Co2,27.21
South Korea,Asia,2017,Transport,Hfcs,5.46
South Africa,Africa,2013,,N2O,7.128
South Africa,Africa,2023,Land Use,Sf6,0.108
Australia,Oceania,2013,Waste,N2O,3.399
Japan,Asia,2004,Buildings,Hfcs,16.877
Mexico,North America,2000,Manufacturing,Co2,47.12
South Africa,Africa,2016,Land Use,Ch4,2.114
Germany,Europe,2009,Energy,Ch4,35.79
Japan,Asia,2009,Transport,Co2,123.526
Japan,Asia,2006,Energy,Sf6,9.105
Indonesia,Asia,2007,Industrial Processes,Hfcs,2.223
Japan,Asia,2009,Buildings,Ch4,15.978
South Korea,Asia,2015,Buildings,Sf6,0.753
South Korea,Asia,2012,Manufacturing,N2O,21.229
India,Asia,2022,Industrial Processes,,7.128
Brazil,South America,2005,Industrial Processes,Ch4,0.469
Canada,North America,2011,Agriculture,Ch4,41.453
Russia,Europe,2008,Manufacturing,Hfcs,36.375
Russia,Europe,2017,Agriculture,Hfcs,8.197
Russia,Europe,2006,Agriculture,N2O,63.008
Brazil,South America,2004,Industrial Processes,Hfcs,2.423
Russia,Europe,2016,Energy,Co2,123.526
Brazil,South America,2007,Industrial Processes,N2O,0.958
India,Asia,2016,Waste,Hfcs,3.491
Canada,North America,2019,Manufacturing,Sf6,3.501
Russia,Europe,2011,Land Use,Hfcs,1.55
United States,North America,2019,Industrial Processes,Hfcs,11.619
France,Europe,2017,Land Use,Sf6,0.1
United Kingdom,Europe,2011,Manufacturing,Sf6,2.314
China,Asia,2021,Agriculture,N2O,123.526
United States,North America,2013,Agriculture,Sf6,4.817
United Kingdom,Europe,2007,Transport,N2O,10.276
India,Asia,2013,Buildings,Sf6,5.022
Japan,Asia,2010,Transport,Co2,123.526
Australia,Oceania,2004,Transport,N2O,9.461
Canada,North America,2004,Transport,Hfcs,6.939
Australia,Oceania,2019,Agriculture,Ch4,46.953
South Africa,Africa,2022,Energy,Co2,123.526
Germany,Europe,2011,Manufacturing,Co2,80.562
South Africa,Africa,2004,Buildings,Sf6,0.194
Brazil,South America,2005,Industrial Processes,Hfcs,2.336
China,Asia,2012,Buildings,Co2,123.526
United Kingdom,Europe,2011,Waste,Sf6,0.109
Germany,Europe,2021,Manufacturing,Co2,75.066
South Africa,Africa,2016,Agriculture,Ch4,39.334
United States,North America,2002,Transport,Ch4,78.811
South Korea,Asia,2016,Waste,Sf6,0.253
India,Asia,2017,Land Use,Hfcs,7.136
Indonesia,Asia,2013,Transport,Ch4,6.507
South Africa,Africa,2000,Land Use,Co2,3.628
Mexico,North America,2002,Agriculture,Sf6,0.696
Japan,Asia,2005,Waste,Hfcs,0.351
Germany,Europe,2023,Transport,Hfcs,4.154
,North America,2005,Manufacturing,Co2,7.128
France,Europe,2021,Land Use,Hfcs,0.119
Japan,Asia,2015,Energy,Sf6,7.815
China,Asia,2019,Manufacturing,N2O,123.526
Japan,Asia,2006,Waste,Ch4,20.01
Mexico,North America,2012,Buildings,Co2,27.729
Germany,Europe,2015,Waste,Sf6,0.251
Germany,Europe,2004,Manufacturing,Sf6,7.06
United States,North America,2005,Land Use,Sf6,1.058
United Kingdom,Europe,2007,Buildings,Ch4,9.416
South Korea,Asia,2008,Land Use,Co2,2.86
Germany,Europe,2012,Transport,Hfcs,4.69
India,Asia,2009,Buildings,Sf6,4.314
South Korea,Asia,2019,Transport,Ch4,6.972
Australia,Oceania,2006,Land Use,Co2,6.298
United States,North America,2003,Land Use,Hfcs,4.685
Russia,Europe,2002,Buildings,N2O,14.372
China,Asia,2016,Manufacturing,Ch4,123.526
Russia,Europe,2009,Agriculture,Sf6,1.782
United States,North America,2005,Waste,N2O,28.682
Indonesia,Asia,2006,Buildings,Co2,5.385
France,Europe,2007,Land Use,Hfcs,0.143
Mexico,North America,2016,Manufacturing,N2O,7.255
China,Asia,2014,Transport,Co2,123.526
Germany,Europe,2006,Industrial Processes,Hfcs,3.114
,Oceania,2005,Agriculture,N2O,7.128
China,Asia,2021,Energy,Co2,123.526
South Korea,Asia,2008,Land Use,Ch4,1.498
United States,North America,2017,Energy,N2O,81.194
South Korea,Asia,2014,Buildings,Co2,45.734
Mexico,North America,2006,Land Use,Sf6,0.157
India,Asia,2018,Waste,Ch4,123.526
India,Asia,2001,Agriculture,N2O,123.526
Brazil,South America,2010,Land Use,N2O,89.14
South Korea,Asia,2003,Transport,Hfcs,4.181
United States,North America,2004,Waste,Sf6,1.831
Germany,Europe,2006,Agriculture,N2O,19.068
United Kingdom,Europe,2010,Manufacturing,Hfcs,4.578
China,Asia,2019,Transport,Co2,123.526
Australia,Oceania,2001,Transport,Hfcs,3.447
Mexico,North America,2007,Energy,N2O,7.62
United Kingdom,Europe,2022,Waste,Hfcs,0.1
Germany,Europe,2000,Land Use,N2O,2.646
Japan,Asia,2011,Land Use,N2O,0.1
Indonesia,Asia,2022,Buildings,N2O,1.3
India,Asia,2017,Buildings,Co2,123.526
Australia,Oceania,2011,Land Use,N2O,5.401
Russia,Europe,2003,Waste,Ch4,38.214
Mexico,North America,2023,Transport,Hfcs,5.5
Germany,Europe,2006,Buildings,N2O,9.998
Australia,Oceania,2003,Waste,Ch4,12.092
France,Europe,2008,Industrial Processes,Hfcs,0.924
United Kingdom,Europe,2005,Transport,Sf6,1.036
Mexico,North America,2001,Waste,Hfcs,0.248
Canada,North America,2007,Land Use,Sf6,0.144
South Africa,Africa,2008,Waste,Hfcs,0.259
India,Asia,2019,Transport,Co2,123.526
Australia,Oceania,2011,Manufacturing,Sf6,2.506
Australia,Oceania,2020,Agriculture,Ch4,43.449
Brazil,South America,2016,Buildings,Sf6,0.101
China,Asia,2022,Land Use,Ch4,123.526
South Korea,Asia,2000,Energy,Ch4,45.717
Indonesia,Asia,2020,Land Use,Ch4,51.535
Brazil,South America,2022,Land Use,Co2,104.595
United States,North America,2009,Waste,Co2,30.545
United States,North America,2012,Energy,Sf6,36.042
Canada,North America,2002,Buildings,N2O,9.588
Russia,Europe,2015,Manufacturing,Sf6,17.86
Brazil,South America,2016,Energy,Co2,123.526
Germany,Europe,2022,Waste,N2O,3.421
South Korea,Asia,2013,Waste,Co2,4.772
India,Asia,2012,Buildings,N2O,49.55
Germany,Europe,2019,Energy,N2O,8.71
India,Asia,2020,Agriculture,N2O,123.526
China,Asia,2002,Energy,Co2,123.526
,Europe,2009,Manufacturing,N2O,7.128
United Kingdom,Europe,2013,Industrial Processes,Co2,1.438
Germany,Europe,2014,Industrial Processes,Hfcs,3.252
Mexico,North America,2008,Industrial Processes,Ch4,0.277
Japan,Asia,2018,Waste,N2O,4.838
Mexico,North America,2002,Agriculture,Ch4,39.581
United States,North America,2015,Agriculture,N2O,123.526
Mexico,North America,2003,Energy,N2O,7.383
China,Asia,2021,Industrial Processes,Sf6,101.902
United States,North America,2015,Manufacturing,Hfcs,62.985
Mexico,North America,2008,Waste,Sf6,0.244
United States,North America,2013,Waste,Sf6,1.609
United States,North America,2023,Manufacturing,Ch4,58.201
Japan,Asia,2013,Manufacturing,,7.128
Germany,Europe,2006,Land Use,N2O,2.309
South Korea,Asia,2017,Industrial Processes,Ch4,0.849
United States,North America,2022,Transport,Co2,123.526
Japan,Asia,2000,Agriculture,Sf6,0.501
Japan,Asia,2004,Buildings,Ch4,16.444
Australia,Oceania,2009,Energy,N2O,9.915
Brazil,South America,2011,Industrial Processes,N2O,1.006
United Kingdom,Europe,2007,Agriculture,Ch4,17.276
Canada,North America,2015,Energy,Sf6,4.533
South Africa,Africa,2019,Energy,N2O,13.206
Mexico,North America,2006,Agriculture,Hfcs,2.704
South Africa,Africa,2006,Transport,Sf6,0.621
Japan,Asia,2006,Industrial Processes,Sf6,1.655
Japan,Asia,2016,Industrial Processes,Sf6,1.437
Russia,Europe,2018,Agriculture,Sf6,1.855
India,Asia,2004,Waste,Hfcs,2.324
South Africa,Africa,2020,Manufacturing,Sf6,3.222
Mexico,North America,2016,Buildings,N2O,4.97
Indonesia,Asia,2007,Agriculture,Hfcs,6.476
Brazil,South America,2006,Transport,Co2,113.558
Canada,North America,2015,Energy,,7.128
Japan,Asia,2012,Buildings,Sf6,1.027
Germany,Europe,2012,Manufacturing,N2O,12.534
Mexico,North America,2011,Buildings,Hfcs,7.024
South Korea,Asia,2012,Transport,Hfcs,4.923
United Kingdom,Europe,2010,Buildings,Co2,33.792
Indonesia,Asia,2023,Waste,Co2,13.54
Russia,Europe,2008,Manufacturing,Sf6,18.226
Canada,North America,2010,Land Use,Hfcs,0.606
France,Europe,2019,Manufacturing,Ch4,1.443
United States,North America,2005,Land Use,Hfcs,4.653
China,Asia,2001,Transport,Co2,123.526
Mexico,North America,2005,Transport,Sf6,1.197
United States,North America,2000,Manufacturing,Ch4,73.095
Russia,Europe,2002,Energy,Hfcs,28.893
United States,North America,2015,Buildings,Sf6,7.232
United Kingdom,Europe,2017,Land Use,Hfcs,0.109
Indonesia,Asia,2022,Manufacturing,Co2,67.047
United Kingdom,Europe,2015,Waste,Ch4,5.724
India,Asia,2001,Manufacturing,Co2,123.526
Germany,Europe,2001,Land Use,N2O,2.527
Brazil,South America,2009,Transport,Co2,106.467
Indonesia,Asia,2023,Industrial Processes,Ch4,0.673
Mexico,North America,2007,Land Use,Hfcs,0.663
Indonesia,Asia,2018,Industrial Processes,N2O,1.268
United Kingdom,Europe,2001,Buildings,Co2,45.184
France,Europe,2019,Manufacturing,Co2,9.768
Brazil,South America,2016,Energy,Hfcs,5.851
India,Asia,2023,Energy,Co2,123.526
Mexico,North America,2005,Land Use,Ch4,2.866
Canada,North America,2022,Land Use,N2O,4.571
France,Europe,2014,Waste,Sf6,0.103
Brazil,South America,2002,Energy,Sf6,3.489
Germany,Europe,2016,Land Use,Sf6,0.1
Canada,North America,2000,Energy,Co2,123.526
Indonesia,Asia,2019,Waste,Co2,12.327
Russia,Europe,2019,Energy,Co2,123.526
Brazil,South America,2014,Manufacturing,Co2,44.697
China,Asia,2000,Industrial Processes,N2O,28.069
China,Asia,2014,Manufacturing,Ch4,123.526
Australia,Oceania,2021,Industrial Processes,N2O,1.123
Germany,Europe,2003,Waste,Hfcs,0.293
China,Asia,2017,Land Use,Hfcs,30.727
South Africa,Africa,2013,Agriculture,Hfcs,3.05
United Kingdom,Europe,2009,Manufacturing,Ch4,4.704
India,Asia,2010,Manufacturing,Co2,123.526
Canada,North America,2008,Industrial Processes,Co2,6.155
South Africa,Africa,2016,Transport,Hfcs,2.304
China,Asia,2022,Energy,Ch4,123.526
China,Asia,2014,Transport,N2O,123.526
South Africa,Africa,2023,Energy,Hfcs,8.194
Mexico,North America,2010,,N2O,7.128
India,Asia,2008,Transport,Co2,123.526
Germany,Europe,2008,Transport,Co2,106.959
France,Europe,2015,Energy,N2O,4.044
Canada,North America,2016,Manufacturing,Sf6,3.234
Indonesia,Asia,2022,Energy,N2O,23.76
South Korea,Asia,2018,Energy,Ch4,52.791
China,Asia,2005,Industrial Processes,Sf6,51.921
South Korea,Asia,2021,Transport,Co2,109.252
Mexico,North America,2022,Buildings,N2O,5.578
Brazil,South America,2012,Industrial Processes,N2O,0.969
United States,North America,2015,Industrial Processes,N2O,4.813
Australia,Oceania,2018,Agriculture,Ch4,43.362
United States,North America,2023,Buildings,Ch4,85.502
United States,North America,2005,Buildings,Co2,123.526
United Kingdom,Europe,2011,Industrial Processes,Sf6,0.55
,North America,2009,Land Use,Ch4,7.128
Russia,Europe,2003,Transport,Ch4,14.776
Indonesia,Asia,2006,Transport,N2O,10.335
India,Asia,2021,Buildings,Ch4,106.765
Australia,Oceania,2015,Waste,N2O,3.579
Japan,Asia,2004,Buildings,N2O,11.733
South Korea,Asia,2018,Buildings,N2O,8.128
Canada,North America,2023,Agriculture,Sf6,0.695
Brazil,South America,2015,Industrial Processes,Co2,4.402
South Korea,Asia,2011,,N2O,7.128
India,Asia,2022,Waste,Sf6,4.139
South Korea,Asia,2000,Land Use,Ch4,1.272
Japan,Asia,2001,Land Use,Co2,0.1
Australia,Oceania,2010,Waste,Hfcs,0.189
South Korea,Asia,2003,Industrial Processes,Ch4,0.691
Germany,Europe,2009,Manufacturing,Sf6,6.021
Canada,North America,2000,Energy,Hfcs,7.784
Indonesia,Asia,2023,Buildings,Ch4,2.206
Canada,North America,2015,Industrial Processes,Ch4,0.75
Russia,Europe,2013,Agriculture,Hfcs,7.522
,Asia,2009,Land Use,Ch4,7.128
China,Asia,2022,Waste,Ch4,123.526
Indonesia,Asia,2007,Agriculture,N2O,48.836
Russia,Europe,2020,Agriculture,Hfcs,6.708
South Africa,Africa,2013,Transport,N2O,6.569
Russia,Europe,2005,Industrial Processes,Hfcs,4.727
Indonesia,Asia,2015,Agriculture,Hfcs,7.826
Canada,North America,2013,Manufacturing,Sf6,3.482
Australia,Oceania,2006,Transport,Ch4,4.718
South Korea,Asia,2011,Industrial Processes,N2O,1.503
Germany,Europe,2022,Waste,Co2,3.811
Mexico,North America,2012,Waste,Sf6,0.25
Australia,Oceania,2009,Buildings,Hfcs,4.544
China,Asia,2007,Manufacturing,Co2,123.526
Brazil,South America,2003,,Ch4,7.128
United States,North America,2020,Waste,Co2,29.115
Brazil,South America,2009,Agriculture,Ch4,123.526
Brazil,South America,2011,Land Use,Sf6,2.408
United States,North America,2008,Energy,Sf6,34.45
Australia,Oceania,2015,Manufacturing,Hfcs,5.379
Canada,North America,2020,Agriculture,N2O,18.095
Indonesia,Asia,2019,Agriculture,N2O,74.458
South Africa,Africa,2016,Energy,Co2,123.526
China,Asia,2013,Waste,Sf6,8.688
Mexico,North America,2019,Industrial Processes,Ch4,0.292
Japan,Asia,2005,Buildings,Co2,69.593
Russia,Europe,2017,Agriculture,Sf6,2.019
France,Europe,2021,Manufacturing,N2O,1.462
Germany,Europe,2012,Land Use,N2O,2.167
Brazil,South America,2016,Industrial Processes,Ch4,0.515
India,Asia,2018,Transport,Hfcs,36.015
India,Asia,2016,Waste,,7.128
Canada,North America,2003,Waste,Ch4,17.427
Russia,Europe,2007,Energy,Co2,123.526
France,Europe,2017,Transport,N2O,9.032
Russia,Europe,2007,Buildings,N2O,13.291
Russia,Europe,2015,Energy,Co2,123.526
India,Asia,2011,Manufacturing,N2O,96.231
Canada,North America,2021,Waste,Ch4,16.627
Brazil,South America,2022,Industrial Processes,Ch4,0.548
Indonesia,Asia,2019,Buildings,Sf6,0.136
United Kingdom,Europe,2004,Buildings,N2O,7.13
South Africa,Africa,2010,Waste,Co2,5.182
Japan,Asia,2013,Manufacturing,Sf6,10.391
Japan,Asia,2013,Land Use,Co2,0.1
Indonesia,Asia,2005,Industrial Processes,Co2,4.87
Mexico,North America,2017,Buildings,Co2,28.699
France,Europe,2005,Waste,Ch4,6.594
South Korea,Asia,2013,Land Use,Ch4,1.565
South Africa,Africa,2015,Transport,N2O,5.901
South Korea,Asia,2000,Buildings,Sf6,0.603
South Africa,Africa,2017,Land Use,Hfcs,0.396
Canada,North America,2004,Waste,Hfcs,0.311
Mexico,North America,2013,Land Use,Sf6,0.152
France,Europe,2022,Waste,Co2,1.563
Australia,Oceania,2019,Buildings,Ch4,5.496
United States,North America,2016,Agriculture,Hfcs,17.875
Indonesia,Asia,2009,Manufacturing,Hfcs,7.744
South Korea,Asia,2000,Manufacturing,Sf6,8.776
Mexico,North America,2003,Land Use,Sf6,0.154
United Kingdom,Europe,2023,Transport,Hfcs,2.778
India,Asia,2002,Manufacturing,Co2,123.526
,South America,2017,Manufacturing,Hfcs,7.128
Australia,Oceania,2005,Buildings,Hfcs,5.041
Canada,North America,2007,Buildings,Ch4,13.695
Brazil,South America,2007,Land Use,Ch4,46.098
Russia,Europe,2002,Buildings,Ch4,19.989
South Africa,Africa,2022,Buildings,Hfcs,3.213
Mexico,North America,2005,Buildings,Co2,27.191
China,Asia,2006,Energy,Hfcs,111.513
China,Asia,2002,Waste,Ch4,123.526
United Kingdom,Europe,2011,Waste,Hfcs,0.102
,North America,2000,Buildings,Co2,7.128
Mexico,North America,2009,Manufacturing,Co2,42.807
Mexico,North America,2021,Manufacturing,Hfcs,8.465
Mexico,North America,2010,Manufacturing,Hfcs,7.883
South Africa,Africa,2015,Transport,Sf6,0.573
Canada,North America,2019,,Hfcs,7.128
Australia,Oceania,2008,Industrial Processes,N2O,1.094
United Kingdom,Europe,2016,Land Use,N2O,1.2
South Korea,Asia,2006,Agriculture,N2O,10.826
Germany,Europe,2000,Land Use,Hfcs,0.337
Canada,North America,2017,Agriculture,Hfcs,2.898
South Korea,Asia,2022,Waste,Co2,5.386
Canada,North America,2017,Industrial Processes,Sf6,1.943
Brazil,South America,2011,Agriculture,Ch4,123.526
Japan,Asia,2022,Buildings,Ch4,13.48
France,Europe,2009,Waste,N2O,1.935
Canada,North America,2009,Agriculture,Ch4,39.574
Australia,Oceania,2020,Land Use,Co2,5.775
China,Asia,2000,Waste,Sf6,8.281
India,Asia,2022,Energy,Ch4,123.526
Brazil,South America,2017,Industrial Processes,Hfcs,2.588
Japan,Asia,2017,Transport,Sf6,2.085
Russia,Europe,2001,Energy,N2O,47.139
Indonesia,Asia,2023,Waste,N2O,11.967
Canada,North America,2021,Land Use,Co2,5.34
Brazil,South America,2008,Buildings,Sf6,0.1
United States,North America,2007,Transport,Co2,123.526
Germany,Europe,2005,Agriculture,Hfcs,2.231
Mexico,North America,2002,Land Use,Co2,6.234
Germany,Europe,2014,Agriculture,N2O,16.723
China,Asia,2002,Waste,Hfcs,5.173
Australia,Oceania,2001,Transport,Ch4,4.376
Canada,North America,2021,Buildings,Hfcs,11.078
France,Europe,2007,Buildings,Sf6,0.622
France,Europe,2008,Buildings,Hfcs,9.381
,Oceania,2022,Land Use,N2O,7.128
Australia,Oceania,2023,Land Use,Hfcs,0.606
South Korea,Asia,2018,Manufacturing,Sf6,11.23
Germany,Europe,2013,Land Use,Sf6,0.1
South Korea,Asia,2021,Energy,N2O,15.284
South Korea,Asia,2020,Industrial Processes,Hfcs,4.043
South Africa,Africa,2011,Buildings,N2O,2.067
Germany,Europe,2012,Waste,Hfcs,0.264
Japan,Asia,2023,Buildings,Co2,57.955
South Africa,Africa,2011,Manufacturing,Hfcs,7.625
,Asia,2019,Industrial Processes,N2O,7.128
Canada,North America,2003,Energy,N2O,12.145
Indonesia,Asia,2001,,N2O,7.128
Germany,Europe,2021,Manufacturing,Ch4,10.896
South Africa,Africa,2002,Energy,Sf6,4.698
South Africa,Africa,2012,,Ch4,7.128
United States,North America,2000,Agriculture,Hfcs,20.615
France,Europe,2004,Energy,Hfcs,2.987
Germany,Europe,2011,Manufacturing,Sf6,6.504
Australia,Oceania,2006,Energy,Co2,123.526
South Korea,Asia,2009,Industrial Processes,Ch4,0.796
Mexico,North America,2006,Land Use,Co2,5.653
Mexico,North America,2023,Agriculture,Sf6,0.901
Russia,Europe,2005,Transport,Hfcs,11.179
Japan,Asia,2008,Transport,Hfcs,8.498
Indonesia,Asia,2009,Waste,Sf6,0.433
South Korea,Asia,2005,Energy,N2O,12.351
Japan,Asia,2022,Transport,N2O,19.614
China,Asia,2000,Agriculture,Co2,92.329
India,Asia,2018,Transport,N2O,91.023
France,Europe,2022,Energy,Ch4,13.616
United States,North America,2011,Waste,Ch4,89.037
Indonesia,Asia,2005,Buildings,Sf6,0.1
Russia,Europe,2009,Waste,Co2,10.222
Mexico,North America,2017,Buildings,Hfcs,6.804
Mexico,North America,2004,Industrial Processes,Co2,2.339
Australia,Oceania,2013,Buildings,Co2,21.309
Australia,Oceania,2017,Industrial Processes,N2O,0.979
United States,North America,2006,Manufacturing,Co2,123.526
France,Europe,2020,Industrial Processes,Hfcs,0.66
South Africa,Africa,2000,Waste,Ch4,15.649
Brazil,South America,2003,Waste,Co2,7.519
Brazil,South America,2013,Industrial Processes,Co2,4.804
China,Asia,2008,Energy,Hfcs,118.834
United States,North America,2009,Buildings,Sf6,6.958
Germany,Europe,2015,Manufacturing,N2O,11.136
Mexico,North America,2011,Energy,Sf6,3.176
China,Asia,2022,Waste,Sf6,11.621
France,Europe,2010,Agriculture,N2O,18.146
Russia,Europe,2012,Industrial Processes,Sf6,2.929
China,Asia,2012,Manufacturing,Ch4,123.526
United Kingdom,Europe,2015,Agriculture,Co2,3.313
Indonesia,Asia,2021,Waste,Hfcs,0.75
United Kingdom,Europe,2009,Manufacturing,Hfcs,5.055
Japan,Asia,2004,Land Use,Hfcs,0.1
Indonesia,Asia,2022,Manufacturing,Sf6,5.392
Russia,Europe,2014,Land Use,Co2,14.161
South Africa,Africa,2004,Energy,Hfcs,7.042
Brazil,South America,2017,Agriculture,N2O,91.716
Germany,Europe,2013,Transport,Co2,101.058
United States,North America,2005,Industrial Processes,Co2,27.203
United Kingdom,Europe,2022,Energy,Sf6,1.34
United States,North America,2011,,Hfcs,7.128
Japan,Asia,2008,Waste,Ch4,20.078
China,Asia,2006,Manufacturing,Ch4,123.526
Indonesia,Asia,2018,Manufacturing,Co2,65.876
United Kingdom,Europe,2000,Transport,Hfcs,4.459
China,Asia,2007,Transport,Hfcs,76.259
Brazil,South America,2003,Manufacturing,Ch4,6.881
Mexico,North America,2000,Waste,N2O,4.636
Brazil,South America,2004,Transport,Hfcs,5.299
Germany,Europe,2016,Energy,Sf6,3.313
France,Europe,2002,Industrial Processes,Ch4,0.215
United Kingdom,Europe,2007,Industrial Processes,Hfcs,0.871
United States,North America,2006,Land Use,N2O,37.727
France,Europe,2016,Buildings,N2O,5.893
India,Asia,2018,Industrial Processes,Co2,56.521
United States,North America,2003,Land Use,N2O,38.952
Indonesia,Asia,2007,Transport,Hfcs,4.221
Mexico,North America,2018,Industrial Processes,Sf6,0.925
China,Asia,2006,Waste,N2O,117.568
United Kingdom,Europe,2020,Buildings,Ch4,6.378
Mexico,North America,2009,Manufacturing,Ch4,7.241
Japan,Asia,2004,Industrial Processes,Sf6,1.55
South Africa,Africa,2005,Agriculture,N2O,19.02
Indonesia,Asia,2004,Buildings,Ch4,1.324
Russia,Europe,2004,Transport,Hfcs,10.885
Brazil,South America,2001,Energy,Hfcs,5.147
Canada,North America,2023,Waste,Co2,5.156
United States,North America,2010,Manufacturing,Sf6,33.042
Japan,Asia,2001,Land Use,Sf6,0.1
France,Europe,2015,Buildings,Sf6,0.591
Brazil,South America,2000,Transport,Ch4,6.051
Australia,Oceania,2016,Energy,N2O,10.691
South Korea,Asia,2002,Manufacturing,Co2,112.628
South Korea,Asia,2010,Waste,N2O,4.07
Russia,Europe,2022,Land Use,Co2,14.293
China,Asia,2015,Buildings,Co2,123.526
China,Asia,2016,Agriculture,N2O,123.526
Indonesia,Asia,2003,Transport,Ch4,5.047
Canada,North America,2021,Buildings,N2O,7.753
,Europe,2014,Land Use,Hfcs,7.128
South Korea,Asia,2006,Manufacturing,N2O,20.172
South Korea,Asia,2009,Energy,Co2,123.526
Indonesia,Asia,2012,Energy,Sf6,7.566
Brazil,South America,2003,Buildings,N2O,0.867
France,Europe,2021,Transport,Hfcs,3.583
India,Asia,2014,Industrial Processes,Ch4,5.23
Canada,North America,2005,Land Use,N2O,5.076
France,Europe,2014,Waste,Ch4,5.834
Brazil,South America,2022,Waste,Sf6,0.404
Mexico,North America,2010,Manufacturing,Sf6,3.688
South Korea,Asia,2002,Buildings,N2O,7.103
United Kingdom,Europe,2021,Land Use,N2O,1.01
Indonesia,Asia,2012,Buildings,Hfcs,1.621
Russia,Europe,2018,Energy,Hfcs,26.304
Brazil,South America,2004,Waste,Hfcs,0.382
South Africa,Africa,2009,Buildings,Ch4,2.717
France,Europe,2008,Waste,Sf6,0.104
Australia,Oceania,2001,Buildings,Co2,22.483
United States,North America,2013,Waste,Ch4,95.988
Mexico,North America,2011,Agriculture,Co2,7.44
Mexico,North America,2003,Energy,Hfcs,4.371
United Kingdom,Europe,2023,Waste,Ch4,4.853
France,Europe,2001,Energy,Sf6,1.949
Indonesia,Asia,2012,Transport,Sf6,1.39
United Kingdom,Europe,2014,Transport,Ch4,4.051
South Africa,Africa,2018,Waste,Co2,5.195
China,Asia,2018,Agriculture,Co2,123.526
Brazil,South America,2021,Waste,Co2,8.387
Indonesia,Asia,2011,,Co2,7.128
Japan,Asia,2023,Industrial Processes,Hfcs,2.25
South Korea,Asia,2015,Energy,Sf6,5.768
United States,North America,2019,Waste,Co2,29.653
Germany,Europe,2000,Agriculture,Hfcs,3.082
Australia,Oceania,2018,Energy,Co2,123.526
South Africa,Africa,2018,Land Use,Sf6,0.1
India,Asia,2019,Waste,Sf6,3.904
Brazil,South America,2015,Buildings,Hfcs,1.362
Russia,Europe,2012,Waste,Hfcs,0.536
South Korea,Asia,2015,Land Use,Hfcs,0.331
Mexico,North America,2010,Energy,Sf6,2.985
South Africa,Africa,2003,Energy,Co2,123.526
Australia,Oceania,2014,Waste,Hfcs,0.202
South Korea,Asia,2006,Buildings,Sf6,0.697
Russia,Europe,2006,Transport,Ch4,14.13
United States,North America,2004,Industrial Processes,Ch4,2.724
Australia,Oceania,2022,Agriculture,Ch4,49.166
China,Asia,2000,Land Use,N2O,123.526
United Kingdom,Europe,2005,Manufacturing,Hfcs,5.43
France,Europe,2018,Agriculture,Co2,5.528
United States,North America,2009,Manufacturing,Ch4,58.855
Mexico,North America,2015,Industrial Processes,Hfcs,1.495
Japan,Asia,2005,Land Use,N2O,0.1
Indonesia,Asia,2023,Manufacturing,Ch4,8.019
South Korea,Asia,2022,Transport,Co2,116.222
United States,North America,2016,Agriculture,Co2,47.465
China,Asia,2023,Manufacturing,Sf6,123.526
,Africa,2023,Waste,Ch4,7.128
Germany,Europe,2004,Buildings,Hfcs,15.217
Brazil,South America,2013,Buildings,Co2,6.26
Japan,Asia,2023,Waste,Hfcs,0.294
Mexico,North America,2001,Land Use,Co2,5.805
China,Asia,2018,Waste,Co2,123.526
Germany,Europe,2006,Energy,Hfcs,6.63
Brazil,South America,2018,Buildings,Hfcs,1.34
India,Asia,2023,Industrial Processes,N2O,14.713
Germany,Europe,2020,Buildings,Co2,41.797
United States,North America,2019,Buildings,Ch4,100.275
Australia,Oceania,2008,Land Use,N2O,5.198
India,Asia,2018,Agriculture,Ch4,123.526
Canada,North America,2005,Agriculture,Co2,71.04
Russia,Europe,2003,Energy,N2O,42.816
United States,North America,2021,,Ch4,7.128
South Korea,Asia,2019,Agriculture,Ch4,22.258
United States,North America,2009,Agriculture,Co2,46.781
Indonesia,Asia,2007,Waste,Co2,9.191
China,Asia,2023,Industrial Processes,N2O,68.582
India,Asia,2004,Land Use,Co2,45.425
South Korea,Asia,2015,Agriculture,Hfcs,1.545
United States,North America,2017,Buildings,Co2,123.526
Brazil,South America,2018,Agriculture,Sf6,3.349
United Kingdom,Europe,2012,Energy,Hfcs,2.788
Mexico,North America,2011,Waste,Hfcs,0.284
China,Asia,2016,Manufacturing,Co2,123.526
South Africa,Africa,2013,Energy,Ch4,49.776
South Africa,Africa,2021,Industrial Processes,N2O,0.514
South Korea,Asia,2008,Waste,Sf6,0.23
Mexico,North America,2009,Buildings,Co2,25.941
India,Asia,2006,Industrial Processes,Sf6,12.66
Russia,Europe,2002,Energy,Co2,123.526
Germany,Europe,2020,Energy,Co2,111.746
Indonesia,Asia,2006,Energy,Sf6,6.423
Mexico,North America,2004,Energy,Sf6,2.923
France,Europe,2013,Transport,Sf6,1.018
Canada,North America,2005,Industrial Processes,Hfcs,3.776
Japan,Asia,2000,Energy,Co2,123.526
United States,North America,2011,Transport,Co2,123.526
Japan,Asia,2005,Buildings,Hfcs,16.371
India,Asia,2017,Waste,Co2,80.973
Australia,Oceania,2005,Buildings,,7.128
Japan,Asia,2002,Agriculture,Co2,4.548
Japan,Asia,2001,Buildings,N2O,11.038
United Kingdom,Europe,2022,Manufacturing,Ch4,3.626
Russia,Europe,2006,Waste,Hfcs,0.573
United Kingdom,Europe,2019,Waste,Hfcs,0.1
India,Asia,2023,Land Use,Hfcs,9.146
Germany,Europe,2001,Industrial Processes,Ch4,0.813
Japan,Asia,2003,Waste,Hfcs,0.364
France,Europe,2007,Energy,N2O,4.7
Australia,Oceania,2011,Manufacturing,N2O,4.773
Canada,North America,2021,Agriculture,N2O,19.876
China,Asia,2001,Industrial Processes,Ch4,16.277
South Korea,Asia,2017,Industrial Processes,Hfcs,3.768
Australia,Oceania,2007,Manufacturing,Co2,33.715
South Africa,Africa,2001,Waste,Hfcs,0.235
Australia,Oceania,2008,Agriculture,N2O,23.509
India,Asia,2008,Buildings,Co2,123.526
United States,North America,2020,Manufacturing,Co2,123.526
Japan,Asia,2000,Transport,N2O,25.749
Japan,Asia,2009,Energy,Hfcs,12.081
China,Asia,2002,Agriculture,Hfcs,43.688
United Kingdom,Europe,2007,Manufacturing,Co2,32.106
Germany,Europe,2004,Transport,N2O,14.542
France,Europe,2007,Energy,Hfcs,2.574
Japan,Asia,2013,Waste,Sf6,0.317
Australia,Oceania,2005,Energy,N2O,9.683
Russia,Europe,2007,Buildings,Ch4,19.869
Indonesia,Asia,2010,Energy,Sf6,6.935
United States,North America,2002,Industrial Processes,Ch4,2.886
India,Asia,2010,Manufacturing,Hfcs,83.479
Japan,Asia,2016,Manufacturing,Ch4,21.299
United States,North America,2023,Transport,Co2,123.526
Mexico,North America,2013,Agriculture,Ch4,42.988
South Africa,Africa,2008,Energy,Co2,123.526
France,Europe,2016,Land Use,Co2,1.316
Japan,Asia,2017,Land Use,Sf6,0.1
Indonesia,Asia,2005,Manufacturing,Ch4,7.384
United Kingdom,Europe,2003,Industrial Processes,Ch4,0.2
India,Asia,2020,Industrial Processes,Sf6,18.069
Canada,North America,2009,,N2O,7.128
France,Europe,2015,Energy,Ch4,14.921
Germany,Europe,2004,Land Use,Co2,3.032
Russia,Europe,2011,Land Use,N2O,14.429
United States,North America,2011,Industrial Processes,N2O,5.548
United States,North America,2006,Land Use,Hfcs,4.18
South Korea,Asia,2008,Agriculture,Sf6,0.376
Germany,Europe,2011,Energy,Ch4,39.876
Brazil,South America,2016,Buildings,N2O,0.95
Indonesia,Asia,2018,Land Use,Hfcs,10.313
Russia,Europe,2005,Buildings,N2O,14.706
India,Asia,2013,Waste,Co2,62.547
Brazil,South America,2012,Transport,N2O,14.524
Brazil,South America,2016,Transport,N2O,13.889
China,Asia,2011,Transport,Sf6,21.553
South Korea,Asia,2014,Transport,Ch4,6.114
Mexico,North America,2021,Manufacturing,Co2,58.169
Russia,Europe,2018,Buildings,Ch4,19.005
India,Asia,2009,Industrial Processes,N2O,8.817
India,Asia,2006,Waste,Co2,55.249
Germany,Europe,2015,Industrial Processes,N2O,1.155
United States,North America,2023,Agriculture,Co2,40.107
United States,North America,2004,Industrial Processes,Co2,26.985
Indonesia,Asia,2009,Buildings,N2O,0.966
South Korea,Asia,2001,Agriculture,Hfcs,1.385
,South America,2006,Energy,Co2,7.128
United States,North America,2019,Transport,Hfcs,58.308
Mexico,North America,2014,Energy,Sf6,3.271
United Kingdom,Europe,2020,Manufacturing,Sf6,1.782
Canada,North America,2013,Agriculture,Ch4,38.883
United Kingdom,Europe,2023,Manufacturing,N2O,3.289
France,Europe,2008,Land Use,Co2,1.338
Australia,Oceania,2003,Agriculture,N2O,24.362
Germany,Europe,2013,Land Use,N2O,2.203
India,Asia,2014,Buildings,Hfcs,76.593
France,Europe,2021,Transport,Co2,72.621
India,Asia,2013,Buildings,Hfcs,69.736
Japan,Asia,2014,,Co2,7.128
India,Asia,2023,Transport,Ch4,56.537
Australia,Oceania,2008,Industrial Processes,Hfcs,2.381
Germany,Europe,2022,Land Use,Ch4,1.275
United States,North America,2016,Agriculture,N2O,123.526
Mexico,North America,2015,Manufacturing,Co2,54.749
India,Asia,2006,Land Use,Ch4,27.496
United States,North America,2019,Transport,Sf6,14.136
France,Europe,2007,Energy,Co2,65.661
United Kingdom,Europe,2012,Industrial Processes,Hfcs,0.776
South Korea,Asia,2001,Energy,Co2,123.526
South Africa,Africa,2016,Buildings,Ch4,3.237
Japan,Asia,2001,Industrial Processes,Hfcs,2.899
South Africa,Africa,2004,Energy,Ch4,44.74
France,Europe,2004,Buildings,Ch4,11.013
Germany,Europe,2005,Transport,N2O,14.611
United Kingdom,Europe,2023,Waste,N2O,1.437
Mexico,North America,2004,Transport,Hfcs,4.943
Canada,North America,2006,Manufacturing,N2O,7.66
Japan,Asia,2019,Agriculture,N2O,12.038
Germany,Europe,2010,Energy,Co2,123.526
Canada,North America,2005,Agriculture,Hfcs,2.752
South Korea,Asia,2019,Buildings,Co2,55.578
India,Asia,2020,Industrial Processes,Co2,56.337
India,Asia,2014,Agriculture,N2O,123.526
Russia,Europe,2006,Manufacturing,Sf6,16.458
South Korea,Asia,2014,Waste,N2O,4.23
South Korea,Asia,2014,Energy,N2O,12.945
Indonesia,Asia,2007,Manufacturing,N2O,7.269
Russia,Europe,2009,Land Use,N2O,13.267
Indonesia,Asia,2021,Waste,Ch4,43.638
Mexico,North America,2015,Agriculture,Hfcs,2.924
Russia,Europe,2000,Transport,Sf6,2.95
China,Asia,2019,Waste,Hfcs,10.47
Mexico,North America,2003,Manufacturing,Ch4,6.46
,Asia,2014,Buildings,Sf6,7.128
United Kingdom,Europe,2004,Energy,Ch4,21.486
Australia,Oceania,2021,Energy,Hfcs,6.824
Canada,North America,2018,Buildings,Hfcs,11.27
Indonesia,Asia,2016,Transport,Hfcs,5.749
Brazil,South America,2002,Manufacturing,Hfcs,5.91
Russia,Europe,2012,Manufacturing,N2O,32.99
Germany,Europe,2017,Transport,N2O,12.099
Indonesia,Asia,2022,Buildings,Hfcs,1.918
,North America,2020,Buildings,Co2,7.128
Brazil,South America,2015,Transport,N2O,13.437
Russia,Europe,2001,Industrial Processes,Sf6,3.138
Canada,North America,2005,Land Use,Co2,6.088
South Korea,Asia,2010,Energy,Sf6,5.435
China,Asia,2008,Waste,Sf6,6.981
Japan,Asia,2003,Waste,N2O,6.491
Canada,North America,2022,Agriculture,Hfcs,2.643
Russia,Europe,2011,Waste,Sf6,0.556
China,Asia,2001,Energy,N2O,123.526
China,Asia,2020,Energy,Ch4,123.526
Russia,Europe,2016,Transport,Sf6,2.643
Australia,Oceania,2000,Land Use,Hfcs,0.573
United States,North America,2000,Buildings,Ch4,122.071
Russia,Europe,2014,Manufacturing,Hfcs,35.606
Japan,Asia,2018,Land Use,Ch4,0.1
United Kingdom,Europe,2010,Energy,Hfcs,2.985
France,Europe,2000,Energy,Co2,66.246
South Africa,Africa,2013,Buildings,Sf6,0.22
,Asia,2020,Industrial Processes,Co2,7.128
South Africa,Africa,2002,Waste,N2O,4.4
Canada,North America,2018,Waste,N2O,5.053
France,Europe,2006,Land Use,N2O,1.289
Canada,North America,2020,Transport,Sf6,1.517
India,Asia,2020,Industrial Processes,Ch4,6.446
South Africa,Africa,2011,Agriculture,Hfcs,3.035
China,Asia,2022,Industrial Processes,Ch4,34.38
Germany,Europe,2019,Manufacturing,N2O,11.555
United States,North America,2016,Manufacturing,Ch4,66.152
Australia,Oceania,2001,Energy,Hfcs,6.114
Brazil,South America,2020,Buildings,Co2,6.249
India,Asia,2005,Waste,Ch4,123.526
United States,North America,2021,Land Use,Hfcs,4.203
Japan,Asia,2020,Agriculture,Co2,3.269
South Korea,Asia,2000,,N2O,7.128
South Africa,Africa,2013,Land Use,Ch4,1.955
Mexico,North America,2020,Land Use,N2O,5.432
Germany,Europe,2021,Land Use,Sf6,0.1
Australia,Oceania,2017,Agriculture,Sf6,0.813
France,Europe,2009,Industrial Processes,Sf6,0.531
United Kingdom,Europe,2021,Manufacturing,Co2,29.284
China,Asia,2019,Buildings,N2O,123.526
Brazil,South America,2001,Transport,Sf6,1.253
Indonesia,Asia,2012,Transport,Hfcs,5.122
Japan,Asia,2006,Land Use,Ch4,0.1
Canada,North America,2013,Transport,Sf6,1.845
Australia,Oceania,2019,Manufacturing,Ch4,5.275
Mexico,North America,2005,Land Use,Sf6,0.142
India,Asia,2012,Energy,Ch4,123.526
Canada,North America,2012,Land Use,Ch4,2.799
Germany,Europe,2009,Transport,Co2,99.971
Germany,Europe,2020,Energy,Ch4,28.91
India,Asia,2005,Land Use,N2O,45.128
Japan,Asia,2010,Manufacturing,Ch4,23.19
Russia,Europe,2001,Waste,N2O,10.783
South Africa,Africa,2007,Agriculture,Co2,6.781
Canada,North America,2007,Manufacturing,Co2,49.823
Germany,Europe,2000,Industrial Processes,Hfcs,4.037
South Korea,Asia,2009,Land Use,Sf6,0.1
Japan,Asia,2013,Industrial Processes,Sf6,1.538
France,Europe,2019,Waste,Co2,1.913
Brazil,South America,2000,Buildings,Ch4,1.33
Japan,Asia,2003,Land Use,Sf6,0.1
Australia,Oceania,2021,Manufacturing,N2O,5.36
Russia,Europe,2003,Buildings,Hfcs,18.903
South Korea,Asia,2003,Energy,Co2,123.526
Russia,Europe,2016,Buildings,Ch4,21.004
Russia,Europe,2009,Industrial Processes,Sf6,2.873
Brazil,South America,2007,Industrial Processes,Ch4,0.462
South Africa,Africa,2010,Transport,Hfcs,2.434
,Asia,2020,Manufacturing,Ch4,7.128
Japan,Asia,2012,Transport,Ch4,11.185
India,Asia,2022,Energy,Sf6,41.921
India,Asia,2007,Agriculture,Ch4,123.526
Indonesia,Asia,2012,Industrial Processes,Ch4,0.515
South Africa,Africa,2013,Manufacturing,Co2,44.334
Indonesia,Asia,2010,Industrial Processes,Ch4,0.527
Russia,Europe,2006,Agriculture,Hfcs,7.913
South Korea,Asia,2003,Land Use,Ch4,1.341
South Korea,Asia,2022,Buildings,Hfcs,12.064
Canada,North America,2017,,Co2,7.128
Germany,Europe,2012,Energy,Co2,123.526
United Kingdom,Europe,2002,Energy,Co2,83.957
India,Asia,2004,Waste,N2O,46.195
Australia,Oceania,2017,Industrial Processes,Co2,4.87
France,Europe,2010,Waste,Sf6,0.108
Germany,Europe,2003,Agriculture,Hfcs,2.801
France,Europe,2004,Buildings,Hfcs,9.884
Russia,Europe,2003,Land Use,Sf6,0.382
France,Europe,2005,Energy,N2O,4.753
Australia,Oceania,2020,Energy,Co2,123.526
Germany,Europe,2020,Buildings,Hfcs,10.247
Russia,Europe,2010,Transport,Ch4,13.342
India,Asia,2011,Transport,N2O,72.21
Indonesia,Asia,2021,Energy,Co2,123.526
France,Europe,2015,Waste,N2O,1.773
China,Asia,2011,Energy,Co2,123.526
Mexico,North America,2013,Buildings,Co2,29.887
Indonesia,Asia,2004,Manufacturing,Sf6,3.3
Canada,North America,2003,Industrial Processes,Co2,6.58
Germany,Europe,2021,Agriculture,N2O,14.331
Mexico,North America,2013,Agriculture,Sf6,0.821
Mexico,North America,2006,Industrial Processes,Ch4,0.25
Australia,Oceania,2022,Land Use,Ch4,3.359
United States,North America,2006,Buildings,Sf6,7.249
South Korea,Asia,2015,Agriculture,Ch4,23.039
India,Asia,2016,Land Use,N2O,64.259
Russia,Europe,2009,Transport,N2O,25.257
South Korea,Asia,2012,Transport,N2O,12.804
Canada,North America,2003,Industrial Processes,Sf6,2.133
Brazil,South America,2017,Buildings,Ch4,1.592
South Korea,Asia,2022,Agriculture,Hfcs,1.737
India,Asia,2019,Agriculture,Ch4,123.526
Germany,Europe,2007,Agriculture,N2O,19.237
Indonesia,Asia,2004,Land Use,Co2,74.671
Japan,Asia,2022,Land Use,N2O,0.1
India,Asia,2008,Transport,Sf6,6.055
India,Asia,2015,Land Use,N2O,64.606
Japan,Asia,2020,Buildings,Co2,62.203
Mexico,North America,2005,Buildings,Ch4,6.548
France,Europe,2001,Land Use,N2O,1.379
Australia,Oceania,2011,Energy,N2O,9.945
Russia,Europe,2019,Transport,Sf6,2.856
China,Asia,2009,Buildings,Co2,123.526
Australia,Oceania,2023,Land Use,Co2,6.292
Japan,Asia,2015,Transport,N2O,19.843
South Africa,Africa,2020,Buildings,Co2,11.708
Japan,Asia,2007,Agriculture,Co2,4.084
Australia,Oceania,2010,Industrial Processes,Sf6,1.458
United States,North America,2010,Energy,Co2,123.526
Russia,Europe,2007,Industrial Processes,Ch4,1.048
India,Asia,2002,Industrial Processes,N2O,7.08
China,Asia,2012,Transport,Ch4,111.344
United Kingdom,Europe,2000,Industrial Processes,Hfcs,1.114
China,Asia,2019,Buildings,Hfcs,123.526
United Kingdom,Europe,2008,Manufacturing,N2O,5.291
Australia,Oceania,2016,Buildings,Sf6,0.376
United Kingdom,Europe,2004,Industrial Processes,Ch4,0.217
Indonesia,Asia,2019,,Hfcs,7.128
Russia,Europe,2008,Industrial Processes,Hfcs,4.972
Brazil,South America,2005,Industrial Processes,Sf6,1.326
Brazil,South America,2022,Manufacturing,N2O,7.292
Indonesia,Asia,2020,Waste,Co2,12.8
South Africa,Africa,2000,Energy,Sf6,4.407
Canada,North America,2015,Waste,Hfcs,0.287
United Kingdom,Europe,2012,Waste,Hfcs,0.1
South Korea,Asia,2001,Industrial Processes,N2O,1.4
United States,North America,2023,Industrial Processes,Co2,22.189
Japan,Asia,2008,Transport,Sf6,2.302
France,Europe,2011,Buildings,Co2,38.35
Canada,North America,2017,Waste,Co2,5.393
Mexico,North America,2001,Agriculture,N2O,18.908
Russia,Europe,2014,Buildings,Sf6,1.273
India,Asia,2005,Manufacturing,Hfcs,71.082
Australia,Oceania,2014,Industrial Processes,Ch4,0.475
France,Europe,2002,Manufacturing,N2O,2.038
China,Asia,2018,Buildings,N2O,123.526
,Asia,2015,Industrial Processes,N2O,7.128
Australia,Oceania,2022,Industrial Processes,Hfcs,2.695
Mexico,North America,2001,Land Use,Sf6,0.148
Indonesia,Asia,2005,Agriculture,Co2,16.84
South Africa,Africa,2005,Energy,N2O,12.085
Mexico,North America,2023,Industrial Processes,Hfcs,1.594
Germany,Europe,2016,Energy,,7.128
Russia,Europe,2014,Energy,N2O,41.156
Canada,North America,2008,Land Use,Hfcs,0.537
Germany,Europe,2017,Energy,Ch4,34.468
India,Asia,2023,Transport,N2O,103.793
Canada,North America,2019,Energy,N2O,11.817
Mexico,North America,2001,Energy,Co2,94.552
Brazil,South America,2021,Agriculture,Hfcs,12.293
Australia,Oceania,2005,Land Use,Co2,6.465
Brazil,South America,2019,Waste,Co2,7.822
Canada,North America,2008,Energy,Sf6,5.393
Brazil,South America,2013,Land Use,Ch4,50.105
Canada,North America,2004,Industrial Processes,Ch4,0.721
Mexico,North America,2014,Land Use,N2O,5.498
Brazil,South America,2005,Waste,Co2,7.74
United States,North America,2021,Land Use,Sf6,1.061
Australia,Oceania,2013,Industrial Processes,Sf6,1.557
South Korea,Asia,2023,Land Use,Sf6,0.1
Brazil,South America,2001,Land Use,Hfcs,8.973
Japan,Asia,2014,Energy,Hfcs,12.54
Japan,Asia,2000,Energy,Ch4,89.403
Japan,Asia,2014,Industrial Processes,N2O,1.007
Brazil,South America,2008,Manufacturing,Co2,45.335
Japan,Asia,2013,Buildings,Co2,64.601
South Africa,Africa,2017,Agriculture,Ch4,39.682
Russia,Europe,2003,Energy,Hfcs,27.292
China,Asia,2000,Buildings,Hfcs,109.605
Canada,North America,2005,Transport,Ch4,9.001
Russia,Europe,2016,Energy,Sf6,16.242
Indonesia,Asia,2004,Manufacturing,Hfcs,7.518
Japan,Asia,2009,Industrial Processes,Ch4,0.525
United Kingdom,Europe,2009,Energy,Sf6,1.884
United States,North America,2008,Waste,Sf6,1.745
South Africa,Africa,2013,Buildings,Ch4,3.241
United Kingdom,Europe,2020,Land Use,N2O,0.903
Russia,Europe,2014,Industrial Processes,Co2,9.047
China,Asia,2019,Waste,Sf6,11.288
South Africa,Africa,2010,Manufacturing,Sf6,3.48
Indonesia,Asia,2001,Energy,Co2,123.526
Indonesia,Asia,2006,Agriculture,Co2,18.993
Russia,Europe,2010,Energy,Sf6,17.373
United Kingdom,Europe,2003,Energy,Co2,85.282
India,Asia,2014,Land Use,Sf6,1.734
Canada,North America,2004,Transport,Sf6,1.841
Germany,Europe,2013,Waste,Co2,4.967
France,Europe,2001,Industrial Processes,Co2,1.992
Japan,Asia,2002,Waste,Co2,6.196
Mexico,North America,2021,Land Use,Hfcs,0.755
Canada,North America,2022,Transport,Hfcs,6.541
South Africa,Africa,2011,Agriculture,Ch4,41.168
Japan,Asia,2007,Industrial Processes,Hfcs,2.871
Mexico,North America,2021,Buildings,Hfcs,7.974
Russia,Europe,2020,Transport,Hfcs,9.128
United States,North America,2010,Industrial Processes,Co2,25.703
South Africa,Africa,2015,Land Use,Co2,4.168
United Kingdom,Europe,2002,Energy,N2O,5.81
Japan,Asia,2005,Transport,Ch4,11.797
Japan,Asia,2005,Land Use,Sf6,0.1
Canada,North America,2014,Buildings,Hfcs,12.475
Brazil,South America,2016,Agriculture,N2O,97.263
South Korea,Asia,2000,Manufacturing,Hfcs,17.746
Japan,Asia,2007,Waste,N2O,5.573
Australia,Oceania,2015,Transport,Sf6,0.899
Brazil,South America,2005,Agriculture,Co2,29.407
Mexico,North America,2004,Buildings,Co2,25.964
Mexico,North America,2021,Industrial Processes,N2O,0.664
South Africa,Africa,2019,Manufacturing,Hfcs,7.092
Indonesia,Asia,2016,Buildings,Ch4,1.893
,Europe,2010,Buildings,Ch4,7.128
Indonesia,Asia,2022,Waste,Co2,14.505
,North America,2009,Buildings,Sf6,7.128
United Kingdom,Europe,2021,Industrial Processes,Ch4,0.133
Canada,North America,2010,Manufacturing,Sf6,3.353
China,Asia,2017,Land Use,N2O,123.526
Germany,Europe,2010,Industrial Processes,Sf6,1.927
Canada,North America,2002,Agriculture,Co2,7.751
South Korea,Asia,2020,Waste,Ch4,13.409
Australia,Oceania,2009,Buildings,Co2,19.367
United States,North America,2021,Buildings,N2O,66.894
Mexico,North America,2023,Transport,Sf6,1.527
Canada,North America,2016,Land Use,Ch4,2.558
South Africa,Africa,2015,Waste,Sf6,0.247
Mexico,North America,2006,Manufacturing,Sf6,3.708
South Africa,Africa,2008,Waste,Co2,4.774
France,Europe,2019,Energy,N2O,3.416
India,Asia,2001,Manufacturing,N2O,64.471
Indonesia,Asia,2000,Industrial Processes,N2O,0.841
Russia,Europe,2009,Buildings,Sf6,1.341
Canada,North America,2006,Transport,Sf6,1.811
Japan,Asia,2000,Land Use,Sf6,0.1
China,Asia,2006,Agriculture,N2O,123.526
United Kingdom,Europe,2017,Energy,Hfcs,2.587
India,Asia,2004,Manufacturing,Hfcs,75.74
Japan,Asia,2014,Buildings,Co2,58.122
France,Europe,2010,Buildings,N2O,6.686
Russia,Europe,2019,Land Use,Ch4,7.012
United Kingdom,Europe,2021,Industrial Processes,Sf6,0.403
Australia,Oceania,2018,Agriculture,Hfcs,3.515
Indonesia,Asia,2018,Buildings,N2O,13.0
Germany,Europe,2014,Manufacturing,Ch4,11.895
South Africa,Africa,2006,Land Use,Co2,3.902
Brazil,South America,2016,Buildings,Ch4,1.525
Japan,Asia,2017,Land Use,N2O,0.1
France,Europe,2001,Buildings,Sf6,0.797
Brazil,South America,2007,Transport,Co2,110.997
Brazil,South America,2022,Transport,Sf6,1.588
Indonesia,Asia,2000,Transport,Hfcs,3.874
Russia,Europe,2001,Agriculture,Sf6,2.061
Mexico,North America,2015,Manufacturing,Ch4,7.382
Brazil,South America,2017,Buildings,N2O,1.105
Brazil,South America,2009,Buildings,Hfcs,1.349
South Korea,Asia,2008,Waste,Hfcs,0.221
China,Asia,2008,Land Use,Hfcs,20.716
South Korea,Asia,2008,Agriculture,Co2,3.86
Australia,Oceania,2004,Agriculture,N2O,25.531
Australia,Oceania,2012,Industrial Processes,N2O,1.041
Mexico,North America,2001,Land Use,Hfcs,0.597
France,Europe,2013,Waste,Co2,1.864
China,Asia,2001,Manufacturing,Ch4,123.526
Russia,Europe,2013,Agriculture,N2O,53.293
Canada,North America,2010,Buildings,Sf6,0.915
India,Asia,2023,Manufacturing,Co2,123.526
United Kingdom,Europe,2022,Manufacturing,Co2,22.21
Russia,Europe,2002,Waste,Ch4,33.217
South Africa,Africa,2015,Energy,N2O,12.667
Mexico,North America,2009,Buildings,N2O,4.456
Indonesia,Asia,2004,Manufacturing,N2O,7.547
United Kingdom,Europe,2013,Buildings,Co2,30.553
United Kingdom,Europe,2001,Transport,Ch4,5.961
South Korea,Asia,2008,Transport,Co2,91.681
France,Europe,2022,Energy,Sf6,1.348
Germany,Europe,2022,Energy,N2O,7.33
South Korea,Asia,2005,Manufacturing,Sf6,10.407
Canada,North America,2007,Transport,N2O,17.522
Germany,Europe,2015,Land Use,N2O,1.971
South Korea,Asia,2021,Energy,Hfcs,9.589
Canada,North America,2022,Industrial Processes,N2O,1.37
India,Asia,2006,Waste,Hfcs,2.701
Brazil,South America,2008,Transport,N2O,12.798
Germany,Europe,2005,Transport,Sf6,1.377
United Kingdom,Europe,2013,Waste,Hfcs,0.103
Japan,Asia,2008,Energy,Co2,123.526
United Kingdom,Europe,2009,Agriculture,Ch4,19.935
South Korea,Asia,2010,Waste,Hfcs,0.235
Russia,Europe,2016,Buildings,Sf6,1.412
China,Asia,2012,Industrial Processes,Sf6,68.017
Canada,North America,2013,Agriculture,Sf6,0.683
Germany,Europe,2016,Waste,Hfcs,0.235
United Kingdom,Europe,2012,Land Use,Hfcs,0.133
South Korea,Asia,2003,Energy,Ch4,44.709
South Africa,Africa,2002,Manufacturing,Co2,42.366
Brazil,South America,2018,Industrial Processes,Hfcs,2.797
China,Asia,2005,Waste,N2O,107.626
Brazil,South America,2015,Energy,Hfcs,5.451
Australia,Oceania,2011,Buildings,Co2,21.729
Canada,North America,2011,Land Use,Ch4,2.833
South Africa,Africa,2009,Land Use,N2O,3.403
Mexico,North America,2017,Industrial Processes,Ch4,0.307
South Africa,Africa,2000,Transport,Co2,48.943
United States,North America,2018,Manufacturing,Sf6,30.281
India,Asia,2004,Energy,Hfcs,35.946
Mexico,North America,2003,Manufacturing,N2O,6.52
United States,North America,2022,Industrial Processes,N2O,4.816
China,Asia,2012,Land Use,Hfcs,27.117
Canada,North America,2021,Industrial Processes,Ch4,0.669
Indonesia,Asia,2023,Energy,Sf6,9.283
France,Europe,2005,Energy,Hfcs,2.399
Australia,Oceania,2017,Energy,Co2,123.526
Brazil,South America,2018,Transport,Sf6,1.504
Indonesia,Asia,2015,Industrial Processes,Hfcs,2.846
United Kingdom,Europe,2022,Waste,Sf6,0.1
South Korea,Asia,2015,Buildings,Hfcs,10.858
South Korea,Asia,2010,Industrial Processes,Hfcs,3.574
France,Europe,2006,Agriculture,Co2,6.936
Mexico,North America,2023,Agriculture,Ch4,44.346
Russia,Europe,2000,Industrial Processes,Ch4,1.039
China,Asia,2012,Energy,Co2,123.526
Indonesia,Asia,2002,Waste,Hfcs,0.41
Canada,North America,2007,Waste,Hfcs,0.284
India,Asia,2016,Manufacturing,N2O,111.05
Japan,Asia,2016,Buildings,Co2,62.203
Mexico,North America,2017,Manufacturing,N2O,7.856
South Korea,Asia,2008,Land Use,Sf6,0.1
Indonesia,Asia,2000,Industrial Processes,Hfcs,1.879
South Korea,Asia,2014,Buildings,Ch4,11.401
United Kingdom,Europe,2002,,Sf6,7.128
United States,North America,2015,Industrial Processes,Ch4,2.487
France,Europe,2019,Energy,Sf6,1.529
Germany,Europe,2001,Manufacturing,Ch4,14.793
United Kingdom,Europe,2016,Transport,Co2,67.088
United States,North America,2009,Waste,Sf6,1.432
Japan,Asia,2020,Industrial Processes,Sf6,1.22
Mexico,North America,2022,Energy,N2O,8.756
Russia,Europe,2022,Manufacturing,N2O,34.056
France,Europe,2004,Land Use,Co2,1.544
Mexico,North America,2013,Agriculture,N2O,23.823
Australia,Oceania,2002,Buildings,Ch4,5.203
Germany,Europe,2005,Agriculture,Co2,6.961
United Kingdom,Europe,2015,Energy,Hfcs,2.512
France,Europe,2012,Land Use,Hfcs,0.125
Canada,North America,2011,Industrial Processes,Sf6,2.282
Indonesia,Asia,2008,Buildings,Ch4,1.349
India,Asia,2021,Energy,N2O,107.147
South Africa,Africa,2021,Agriculture,Hfcs,2.888
Brazil,South America,2006,Manufacturing,N2O,6.658
Russia,Europe,2020,Transport,Co2,123.526
Japan,Asia,2006,Buildings,N2O,11.166
Russia,Europe,2018,Energy,N2O,40.484
South Korea,Asia,2018,Agriculture,Hfcs,1.687
United Kingdom,Europe,2013,Energy,Co2,58.595
United States,North America,2012,Transport,Ch4,76.751
Brazil,South America,2001,Transport,Co2,94.915
United States,North America,2001,Buildings,Co2,123.526
China,Asia,2017,Waste,Co2,123.526
Brazil,South America,2006,Transport,Ch4,6.628
United States,North America,2022,Waste,Ch4,80.248
Canada,North America,2005,Manufacturing,Sf6,3.546
Canada,North America,2014,Industrial Processes,Hfcs,3.464
South Korea,Asia,2011,Industrial Processes,Hfcs,3.768
France,Europe,2020,Manufacturing,N2O,1.351
India,Asia,2016,Agriculture,Sf6,10.503
Mexico,North America,2000,Buildings,Sf6,0.423
Russia,Europe,2001,Industrial Processes,Ch4,1.034
Russia,Europe,2021,Buildings,N2O,14.232
Germany,Europe,2001,Land Use,Sf6,0.1
France,Europe,2021,Agriculture,Hfcs,2.01
United States,North America,2011,Manufacturing,Sf6,34.47
United States,North America,2003,Buildings,Hfcs,113.208
Australia,Oceania,2014,Manufacturing,Sf6,2.418
Brazil,South America,2007,Land Use,Co2,102.003
France,Europe,2000,Manufacturing,Sf6,1.104
United Kingdom,Europe,2011,Agriculture,Co2,3.575
United States,North America,2014,Industrial Processes,Hfcs,13.74
Mexico,North America,2018,Waste,Ch4,16.982
Brazil,South America,2023,Energy,Sf6,4.013
Brazil,South America,2017,Manufacturing,Co2,44.574
Indonesia,Asia,2022,Land Use,Hfcs,11.128
Russia,Europe,2016,Energy,Hfcs,24.09
Germany,Europe,2017,Buildings,N2O,7.581
China,Asia,2000,Land Use,Sf6,4.298
Russia,Europe,2013,Energy,Co2,123.526
South Africa,Africa,2016,Energy,Hfcs,7.145
Japan,Asia,2011,Land Use,Co2,0.1
Japan,Asia,2011,Land Use,Ch4,0.1
Mexico,North America,2005,Waste,N2O,4.756
Canada,North America,2012,Buildings,Co2,54.477
India,Asia,2018,Agriculture,N2O,123.526
Australia,Oceania,2013,Waste,Ch4,12.766
South Africa,Africa,2009,Agriculture,Co2,6.93
Indonesia,Asia,2006,Waste,Ch4,29.481
Mexico,North America,2008,Energy,Ch4,28.981
Australia,Oceania,2020,Buildings,N2O,3.515
South Africa,Africa,2018,Transport,Hfcs,2.388
China,Asia,2007,Agriculture,N2O,123.526
India,Asia,2022,Industrial Processes,Ch4,8.049
France,Europe,2001,Buildings,N2O,7.56
United Kingdom,Europe,2012,Buildings,Co2,36.433
France,Europe,2016,Agriculture,Hfcs,2.096
India,Asia,2023,Land Use,Co2,98.499
Australia,Oceania,2017,Manufacturing,Hfcs,5.016
Brazil,South America,2023,Agriculture,N2O,100.048
Australia,Oceania,2007,Land Use,Co2,5.865
United Kingdom,Europe,2015,Buildings,Sf6,0.483
Canada,North America,2016,Waste,N2O,5.363
South Africa,Africa,2018,Waste,N2O,5.081
South Korea,Asia,2008,Manufacturing,Hfcs,20.359
United States,North America,2008,Industrial Processes,Hfcs,12.915
India,Asia,2020,Agriculture,Co2,123.526
South Africa,Africa,2022,Waste,Sf6,0.262
Brazil,South America,2004,Energy,Ch4,35.942
Australia,Oceania,2014,Industrial Processes,Hfcs,2.569
Japan,Asia,2001,Industrial Processes,Sf6,1.871
United Kingdom,Europe,2012,Land Use,Sf6,0.1
South Africa,Africa,2011,Land Use,N2O,3.595
France,Europe,2012,Land Use,N2O,1.157
Mexico,North America,2019,Land Use,Co2,6.589
India,Asia,2007,Waste,Hfcs,2.585
South Korea,Asia,2004,Transport,N2O,11.028
Germany,Europe,2014,Manufacturing,Hfcs,11.741
Australia,Oceania,2006,Buildings,N2O,3.701
Australia,Oceania,2016,Land Use,Sf6,0.156
Brazil,South America,2001,Waste,Hfcs,0.355
Japan,Asia,2019,Transport,Hfcs,8.043
Brazil,South America,2017,Industrial Processes,Co2,4.953
China,Asia,2008,Industrial Processes,Ch4,18.973
Canada,North America,2022,Waste,Co2,5.503
France,Europe,2006,Land Use,Hfcs,0.145
Mexico,North America,2001,Energy,N2O,7.444
South Korea,Asia,2012,,Ch4,7.128
Germany,Europe,2018,Buildings,Sf6,0.802
China,Asia,2020,Industrial Processes,N2O,59.786
China,Asia,2006,Waste,Ch4,123.526
India,Asia,2002,Transport,Ch4,26.034
South Africa,Africa,2023,Waste,Sf6,0.261
United Kingdom,Europe,2022,Industrial Processes,Co2,1.159
India,Asia,2011,Energy,N2O,69.193
South Korea,Asia,2021,Energy,Ch4,63.907
Australia,Oceania,2012,Land Use,Co2,6.188
Indonesia,Asia,2011,Energy,N2O,18.363
France,Europe,2001,Transport,Co2,94.357
South Korea,Asia,2019,Agriculture,N2O,13.341
,Asia,2021,Waste,Co2,7.128
China,Asia,2020,Waste,Ch4,123.526
Australia,Oceania,2020,Buildings,Co2,20.924
Germany,Europe,2010,Agriculture,Hfcs,2.355
Japan,Asia,2022,Manufacturing,N2O,19.936
Mexico,North America,2011,Land Use,,7.128
South Korea,Asia,2005,Transport,Co2,94.257
United States,North America,2012,Energy,Ch4,123.526
Russia,Europe,2004,Waste,Ch4,32.81
South Africa,Africa,2008,Land Use,Co2,3.837
India,Asia,2020,Waste,Hfcs,4.08
South Africa,Africa,2012,Energy,Ch4,45.383
Mexico,North America,2016,Industrial Processes,Co2,2.355
Russia,Europe,2004,Buildings,Ch4,19.395
China,Asia,2022,Transport,Sf6,34.088
Mexico,North America,2014,Land Use,Hfcs,0.667
Mexico,North America,2012,Land Use,Sf6,0.159
Brazil,South America,2007,Industrial Processes,Co2,3.964
India,Asia,2001,Energy,Hfcs,29.863
Russia,Europe,2006,Transport,Co2,123.526
Canada,North America,2018,Buildings,Co2,49.179
Mexico,North America,2018,Agriculture,Hfcs,3.435
United States,North America,2004,Transport,N2O,123.526
Australia,Oceania,2006,Buildings,Co2,20.794
South Africa,Africa,2020,Buildings,Hfcs,2.908
South Africa,Africa,2017,Industrial Processes,Co2,2.476
Australia,Oceania,2019,Land Use,Co2,6.554
South Korea,Asia,2021,Waste,Ch4,17.441
South Africa,Africa,2011,Agriculture,Co2,7.399
Brazil,South America,2001,Industrial Processes,Ch4,0.482
United States,North America,2014,Buildings,Hfcs,91.172
Russia,Europe,2009,Buildings,Hfcs,16.55
France,Europe,2023,Manufacturing,Co2,9.056
Australia,Oceania,2021,Energy,Ch4,41.933
India,Asia,2008,Waste,Hfcs,2.649
South Korea,Asia,2006,Agriculture,Ch4,20.387
South Africa,Africa,2007,Transport,Sf6,0.569
Canada,North America,2017,Manufacturing,Ch4,6.672
China,Asia,2003,Agriculture,N2O,123.526
Australia,Oceania,2010,Land Use,Hfcs,0.614
France,Europe,2019,Waste,Sf6,0.1
China,Asia,2015,Energy,Hfcs,123.526
South Africa,Africa,2017,Industrial Processes,Sf6,0.723
China,Asia,2021,Energy,Hfcs,123.526
China,Asia,2009,Land Use,Hfcs,22.353
Mexico,North America,2020,Land Use,Ch4,3.247
Australia,Oceania,2011,Transport,Sf6,0.937
Canada,North America,2013,Agriculture,Co2,7.424
Japan,Asia,2004,Waste,Sf6,0.358
Germany,Europe,2002,Transport,Hfcs,6.331
United Kingdom,Europe,2011,Transport,Ch4,4.238
Japan,Asia,2018,Industrial Processes,Ch4,0.453
Mexico,North America,2003,Transport,Sf6,1.261
South Korea,Asia,2002,Transport,N2O,12.658
Brazil,South America,2021,Energy,Ch4,40.448
India,Asia,2008,Industrial Processes,N2O,9.227
Australia,Oceania,2023,Agriculture,Ch4,43.138
Russia,Europe,2008,Land Use,Sf6,0.384
Indonesia,Asia,2009,Agriculture,Ch4,86.365
,Europe,2015,Manufacturing,Hfcs,7.128
Brazil,South America,2001,Manufacturing,Co2,38.349
Germany,Europe,2019,Agriculture,Hfcs,1.839
Canada,North America,2002,Waste,N2O,5.101
Indonesia,Asia,2017,Buildings,Hfcs,1.7
China,Asia,2010,Energy,Ch4,123.526
Japan,Asia,2019,Industrial Processes,N2O,0.982
Mexico,North America,2000,Transport,Ch4,5.662
Brazil,South America,2022,Energy,Ch4,40.425
Mexico,North America,2001,Buildings,Ch4,6.467
Indonesia,Asia,2021,Industrial Processes,Sf6,2.006
Germany,Europe,2021,Energy,Co2,110.115
Japan,Asia,2005,Transport,Hfcs,8.578
France,Europe,2012,Transport,Sf6,0.959
Russia,Europe,2013,Energy,Hfcs,25.246
Canada,North America,2000,Transport,Sf6,1.967
Germany,Europe,2001,Energy,Hfcs,6.74
Brazil,South America,2004,Manufacturing,N2O,6.204
Mexico,North America,2013,Land Use,Ch4,3.204
South Korea,Asia,2016,Energy,Sf6,5.372
South Africa,Africa,2023,Energy,Sf6,4.817
United States,North America,2015,Agriculture,Hfcs,19.656
South Africa,Africa,2002,Agriculture,N2O,20.016
France,Europe,2014,Energy,Ch4,14.895
India,Asia,2012,Buildings,Hfcs,66.196
Mexico,North America,2006,Buildings,Ch4,6.97
Japan,Asia,2011,Buildings,Sf6,1.13
Mexico,North America,2000,Buildings,Hfcs,6.198
South Korea,Asia,2006,Industrial Processes,Co2,6.427
Canada,North America,2014,Industrial Processes,Ch4,0.648
Indonesia,Asia,2022,Buildings,Co2,8.895
France,Europe,2012,Buildings,Ch4,8.519
France,Europe,2009,Land Use,Co2,1.271
Mexico,North America,2002,Buildings,N2O,4.588
United Kingdom,Europe,2005,Waste,Co2,2.49
China,Asia,2020,Transport,Sf6,28.675
France,Europe,2002,Land Use,N2O,1.351
India,Asia,2018,Agriculture,Co2,123.526
South Korea,Asia,2021,Manufacturing,Sf6,13.721
France,Europe,2018,Waste,Ch4,5.848
Russia,Europe,2007,Land Use,Co2,15.185
Russia,Europe,2018,Buildings,Co2,79.464
United States,North America,2018,Buildings,N2O,63.132
Brazil,South America,2014,Agriculture,Co2,27.953
Brazil,South America,2011,Transport,Sf6,1.277
Russia,Europe,2019,Agriculture,Co2,19.705
,North America,2012,Land Use,Sf6,7.128
South Africa,Africa,2013,Transport,Ch4,3.301
Indonesia,Asia,2023,Energy,Co2,123.526
Indonesia,Asia,2019,Energy,Co2,123.526
Russia,Europe,2012,Agriculture,Co2,18.424
South Africa,Africa,2005,Land Use,Ch4,1.819
Brazil,South America,2004,Energy,N2O,7.927
Canada,North America,2014,Buildings,Ch4,12.445
United Kingdom,Europe,2006,Industrial Processes,Co2,1.625
Australia,Oceania,2009,Manufacturing,Co2,28.985
France,Europe,2006,Agriculture,Ch4,38.823
South Korea,Asia,2004,Industrial Processes,Sf6,1.919
Brazil,South America,2019,Land Use,Co2,101.932
United Kingdom,Europe,2007,Agriculture,Sf6,0.391
Brazil,South America,2014,Land Use,Co2,92.69
China,Asia,2016,Buildings,Sf6,14.029
Indonesia,Asia,2013,Waste,Sf6,0.536
Mexico,North America,2018,Industrial Processes,N2O,0.592
South Korea,Asia,2010,Industrial Processes,N2O,1.446
Japan,Asia,2011,Manufacturing,Sf6,12.257
Russia,Europe,2011,Waste,N2O,9.951
United States,North America,2015,Transport,Hfcs,58.941
China,Asia,2011,Buildings,N2O,123.526
China,Asia,2018,Buildings,Hfcs,123.526
China,Asia,2005,Buildings,N2O,91.004
Australia,Oceania,2022,Energy,N2O,11.184
Germany,Europe,2003,Land Use,Sf6,0.1
India,Asia,2001,Manufacturing,Sf6,34.386
Canada,North America,2013,Transport,Hfcs,6.648
China,Asia,2015,Waste,Co2,123.526
United Kingdom,Europe,2018,Transport,N2O,7.1
Australia,Oceania,2005,Industrial Processes,Co2,42.63
Canada,North America,2001,Land Use,Ch4,2.891
Mexico,North America,2022,Agriculture,Co2,8.837
China,Asia,2008,Buildings,Sf6,10.771
France,Europe,2019,Agriculture,Co2,5.64
South Korea,Asia,2006,Energy,Ch4,51.44
,Europe,2015,Transport,Sf6,7.128
India,Asia,2009,Energy,Co2,123.526
China,Asia,2011,Manufacturing,Ch4,123.526
Indonesia,Asia,2003,Waste,Co2,8.416
Indonesia,Asia,2012,Manufacturing,Sf6,4.008
Germany,Europe,2012,Manufacturing,Co2,75.794
India,Asia,2017,Buildings,Ch4,90.115
Brazil,South America,2004,Industrial Processes,Co2,4.263
Mexico,North America,2006,Land Use,Hfcs,0.568
Japan,Asia,2015,Agriculture,Sf6,0.372
Japan,Asia,2023,Manufacturing,Co2,123.526
South Africa,Africa,2014,Agriculture,,7.128
Japan,Asia,2007,Land Use,Sf6,0.1
Australia,Oceania,2015,Agriculture,Sf6,0.86
Japan,Asia,2010,Agriculture,N2O,12.408
United Kingdom,Europe,2006,Industrial Processes,Ch4,0.18
,North America,2020,Energy,Co2,7.128
China,Asia,2021,Energy,N2O,123.526
Mexico,North America,2007,Manufacturing,N2O,7.694
Indonesia,Asia,2020,Waste,Ch4,34.56
Canada,North America,2005,Waste,Ch4,16.534
Japan,Asia,2009,Industrial Processes,Sf6,1.465
Japan,Asia,2000,Energy,Hfcs,13.686
Russia,Europe,2000,Buildings,N2O,12.88
United Kingdom,Europe,2002,Agriculture,Ch4,23.297
United Kingdom,Europe,2009,Land Use,Co2,1.337
Brazil,South America,2019,Industrial Processes,Hfcs,2.725
South Korea,Asia,2003,Buildings,Ch4,10.001
Canada,North America,2006,Transport,N2O,17.793
Indonesia,Asia,2007,Transport,Ch4,5.912
Australia,Oceania,2000,Manufacturing,Co2,32.234
France,Europe,2002,Buildings,Hfcs,10.116
Russia,Europe,2013,Land Use,Ch4,8.298
South Africa,Africa,2006,Land Use,Sf6,0.1
Mexico,North America,2004,Waste,Sf6,0.234
Mexico,North America,2004,Land Use,Ch4,2.802
South Korea,Asia,2014,Industrial Processes,Hfcs,3.938
South Africa,Africa,2008,Industrial Processes,N2O,0.507
Indonesia,Asia,2007,Energy,N2O,16.305
Germany,Europe,2022,Transport,Co2,75.507
Canada,North America,2018,Agriculture,Hfcs,2.787
Japan,Asia,2008,Agriculture,Co2,4.399
South Korea,Asia,2000,Buildings,Co2,42.099
South Africa,Africa,2019,Industrial Processes,Sf6,0.75
Brazil,South America,2003,Buildings,Co2,5.647
Indonesia,Asia,2007,Transport,Co2,85.664
Australia,Oceania,2005,Manufacturing,N2O,4.698
United Kingdom,Europe,2004,Manufacturing,,7.128
United Kingdom,Europe,2019,Agriculture,N2O,8.349
China,Asia,2009,Transport,Hfcs,76.368
Indonesia,Asia,2016,Land Use,Hfcs,9.636
Russia,Europe,2017,Land Use,Hfcs,1.54
United States,North America,2011,Manufacturing,Co2,123.526
Brazil,South America,2003,Manufacturing,Sf6,3.243
United Kingdom,Europe,2007,Manufacturing,N2O,5.429
Canada,North America,2023,Agriculture,Hfcs,2.807
Australia,Oceania,2019,Agriculture,Hfcs,3.117
South Korea,Asia,2008,Agriculture,Ch4,19.969
Canada,North America,2020,Manufacturing,Sf6,3.101
Australia,Oceania,2009,Industrial Processes,N2O,1.01
United States,North America,2019,Energy,Ch4,123.526
Mexico,North America,2005,Waste,Sf6,0.245
Japan,Asia,2013,Energy,Sf6,7.621
Germany,Europe,2005,Buildings,Co2,58.742
South Africa,Africa,2014,Manufacturing,Hfcs,7.743
United States,North America,2021,Buildings,Sf6,6.72
Mexico,North America,2004,Energy,Hfcs,4.849
Brazil,South America,2022,Agriculture,Co2,30.056
Indonesia,Asia,2010,Industrial Processes,Hfcs,2.565
Indonesia,Asia,2016,Energy,Hfcs,11.933
Russia,Europe,2008,Land Use,N2O,13.111
United States,North America,2023,Industrial Processes,Hfcs,11.698
South Korea,Asia,2017,Manufacturing,Co2,123.526
United States,North America,2015,Transport,Sf6,14.337
United States,North America,2021,Land Use,Ch4,20.54
China,Asia,2008,Waste,N2O,114.21
United States,North America,2007,Energy,N2O,93.357
Canada,North America,2014,Energy,Hfcs,7.485
Canada,North America,2004,Energy,Sf6,5.511
South Africa,Africa,2000,Energy,Ch4,47.907
South Africa,Africa,2012,Manufacturing,N2O,7.435
Japan,Asia,2017,Agriculture,Hfcs,1.507
Canada,North America,2011,Transport,Sf6,1.701
Brazil,South America,2011,Energy,Ch4,34.816
Indonesia,Asia,2000,Land Use,Co2,60.726
South Africa,Africa,2020,Buildings,Ch4,3.115
Canada,North America,2019,Energy,Sf6,4.699
Brazil,South America,2008,Agriculture,N2O,84.104
South Africa,Africa,2009,Industrial Processes,Ch4,0.253
Brazil,South America,2007,Waste,,7.128
Mexico,North America,2006,Waste,Ch4,14.286
United Kingdom,Europe,2003,Buildings,Co2,39.203
Indonesia,Asia,2013,Land Use,Co2,87.713
Brazil,South America,2009,Transport,N2O,12.318
South Korea,Asia,2013,Buildings,Co2,50.14
Mexico,North America,2011,Manufacturing,Sf6,3.62
Japan,Asia,2017,Buildings,Hfcs,13.665
United Kingdom,Europe,2017,Transport,Ch4,3.76
Mexico,North America,2004,Industrial Processes,Sf6,0.719
United States,North America,2006,Buildings,N2O,72.64
Australia,Oceania,2016,Transport,Sf6,0.888
India,Asia,2005,Agriculture,Sf6,8.606
Australia,Oceania,2001,Transport,Sf6,0.857
Canada,North America,2022,Land Use,Ch4,2.731
Brazil,South America,2013,Waste,N2O,7.035
Mexico,North America,2019,Transport,N2O,13.182
China,Asia,2012,Waste,Sf6,8.294
United Kingdom,Europe,2013,Buildings,Hfcs,7.58
Germany,Europe,2003,Waste,Ch4,16.901
China,Asia,2018,Waste,Hfcs,10.788
Japan,Asia,2011,Transport,Ch4,11.008
United States,North America,2007,Manufacturing,Sf6,33.994
Germany,Europe,2021,Industrial Processes,Hfcs,2.694
United States,North America,2023,Transport,Hfcs,55.263
China,Asia,2017,Land Use,Ch4,123.526
South Africa,Africa,2017,Buildings,Sf6,0.209
Mexico,North America,2020,Energy,N2O,8.329
Australia,Oceania,2008,Waste,Co2,4.192
Australia,Oceania,2008,Land Use,Hfcs,0.607
Mexico,North America,2006,Waste,Sf6,0.25
Canada,North America,2010,Manufacturing,Ch4,7.552
Japan,Asia,2000,Transport,Hfcs,9.211
Russia,Europe,2011,Transport,Sf6,2.783
Russia,Europe,2010,Agriculture,Hfcs,7.815
South Korea,Asia,2016,Industrial Processes,Hfcs,3.768
France,Europe,2022,Manufacturing,Ch4,1.391
South Africa,Africa,2011,Transport,Ch4,3.125
United Kingdom,Europe,2003,Buildings,N2O,7.49
Japan,Asia,2001,Waste,Co2,7.268
China,Asia,2002,Buildings,Sf6,9.217
United States,North America,2020,Land Use,Sf6,0.846
United Kingdom,Europe,2013,Land Use,Sf6,0.1
India,Asia,2011,Waste,Ch4,123.526
United Kingdom,Europe,2023,Manufacturing,Ch4,3.424
Japan,Asia,2001,Transport,N2O,22.351
Canada,North America,2002,Buildings,Sf6,0.85
South Korea,Asia,2003,Buildings,N2O,6.701
United States,North America,2017,Manufacturing,Hfcs,59.692
China,Asia,2005,Agriculture,N2O,123.526
,Asia,2003,Agriculture,Ch4,7.128
Germany,Europe,2014,Manufacturing,Sf6,5.718
South Africa,Africa,2006,Industrial Processes,Hfcs,1.2
Japan,Asia,2009,Land Use,Hfcs,0.1
United States,North America,2009,Industrial Processes,Sf6,7.843
China,Asia,2008,Agriculture,Sf6,12.692
Canada,North America,2020,Manufacturing,Co2,42.334
Russia,Europe,2005,Land Use,Co2,16.109
China,Asia,2019,Land Use,N2O,123.526
China,Asia,2005,Land Use,Hfcs,19.443
France,Europe,2021,Transport,Sf6,0.88
Australia,Oceania,2015,Land Use,Co2,5.994
United States,North America,2002,Buildings,Sf6,7.549
China,Asia,2005,Transport,Sf6,21.553
France,Europe,2013,Manufacturing,Sf6,0.894
United Kingdom,Europe,2022,Agriculture,Ch4,13.066
South Korea,Asia,2008,Buildings,Hfcs,10.104
Australia,Oceania,2014,Industrial Processes,N2O,0.963
Germany,Europe,2016,Manufacturing,Hfcs,11.139
Japan,Asia,2020,Land Use,N2O,0.1
India,Asia,2012,Agriculture,Hfcs,39.112
Indonesia,Asia,2014,Agriculture,Hfcs,8.593
South Africa,Africa,2005,Transport,Hfcs,2.37
France,Europe,2016,Buildings,Sf6,0.558
Canada,North America,2015,Waste,Ch4,16.576
China,Asia,2021,Land Use,Ch4,123.526
United States,North America,2007,Buildings,Hfcs,101.052
Germany,Europe,2012,Waste,Co2,4.904
United Kingdom,Europe,2004,Agriculture,Hfcs,1.606
India,Asia,2012,Agriculture,Sf6,10.587
Canada,North America,2020,Transport,Co2,123.526
Mexico,North America,2015,Agriculture,Ch4,41.921
Brazil,South America,2006,Waste,N2O,6.394
United States,North America,2006,Buildings,Co2,123.526
South Africa,Africa,2012,Land Use,N2O,3.836
United States,North America,2020,Transport,Co2,123.526
United Kingdom,Europe,2009,Land Use,Sf6,0.1
United Kingdom,Europe,2023,Industrial Processes,Ch4,0.118
Mexico,North America,2011,Industrial Processes,Ch4,0.288
India,Asia,2002,Energy,Ch4,123.526
Indonesia,Asia,2003,Energy,N2O,14.92
Germany,Europe,2018,Buildings,Ch4,11.311
Japan,Asia,2023,Waste,N2O,5.286
United States,North America,2013,Transport,Co2,123.526
Russia,Europe,2017,Buildings,N2O,13.008
India,Asia,2015,Energy,Hfcs,48.142
Mexico,North America,2006,Industrial Processes,Hfcs,1.215
Indonesia,Asia,2008,Energy,Co2,123.526
Russia,Europe,2004,Industrial Processes,Hfcs,4.667
Japan,Asia,2000,Land Use,Hfcs,0.1
Canada,North America,2004,Buildings,Sf6,0.849
United States,North America,2008,Waste,Co2,35.191
Germany,Europe,2023,Buildings,N2O,7.1
South Korea,Asia,2022,Industrial Processes,Hfcs,4.524
Germany,Europe,2013,Buildings,Ch4,12.033
France,Europe,2013,Agriculture,N2O,16.592
Australia,Oceania,2004,Buildings,Sf6,0.374
South Korea,Asia,2002,Land Use,Ch4,1.279
Australia,Oceania,2015,Land Use,Ch4,3.102
India,Asia,2006,Transport,Co2,123.526
China,Asia,2015,Manufacturing,N2O,123.526
South Africa,Africa,2016,Waste,Sf6,0.244
Canada,North America,2003,Waste,Co2,5.724
Brazil,South America,2001,Land Use,Sf6,2.376
South Korea,Asia,2014,Waste,Sf6,0.248
United Kingdom,Europe,2008,Agriculture,Hfcs,1.353
United Kingdom,Europe,2005,Buildings,Sf6,0.673
South Africa,Africa,2008,Industrial Processes,Ch4,0.268
India,Asia,2006,Energy,Hfcs,38.114
Germany,Europe,2023,Agriculture,Co2,4.167
United Kingdom,Europe,2005,Industrial Processes,N2O,0.38
South Africa,Africa,2020,Agriculture,N2O,20.649
India,Asia,2002,Energy,Sf6,20.23
South Africa,Africa,2011,Buildings,Hfcs,2.993
Russia,Europe,2004,Transport,N2O,26.986
Canada,North America,2015,Agriculture,N2O,20.397
South Africa,Africa,2000,Land Use,Hfcs,0.374
France,Europe,2019,Transport,Co2,69.253
Australia,Oceania,2012,Buildings,Co2,21.182
Brazil,South America,2005,Transport,N2O,12.247
South Korea,Asia,2001,Waste,N2O,3.7
Australia,Oceania,2014,Transport,Co2,69.02
Russia,Europe,2005,Manufacturing,Co2,123.526
,Oceania,2020,Manufacturing,Hfcs,7.128
Russia,Europe,2010,Transport,Co2,123.526
United Kingdom,Europe,2022,Transport,Sf6,0.651
Australia,Oceania,2013,Manufacturing,Ch4,4.911
,Africa,2007,Land Use,Ch4,7.128
United States,North America,2008,Land Use,Hfcs,4.654
South Africa,Africa,2020,Industrial Processes,Co2,2.114
Brazil,South America,2023,Waste,Co2,9.088
South Korea,Asia,2009,Buildings,Co2,42.8
Russia,Europe,2000,Buildings,Hfcs,19.338
Mexico,North America,2005,Manufacturing,N2O,7.442
Russia,Europe,2011,Agriculture,Hfcs,7.362
France,Europe,2009,Waste,Ch4,5.608
Russia,Europe,2004,Agriculture,Hfcs,7.636
France,Europe,2004,Industrial Processes,Hfcs,0.951
South Korea,Asia,2009,Manufacturing,Co2,123.526
South Korea,Asia,2018,Buildings,Sf6,0.761
United Kingdom,Europe,2007,Buildings,Sf6,0.684
South Korea,Asia,2023,Transport,Hfcs,5.99
India,Asia,2008,Waste,Sf6,2.771
Canada,North America,2021,Agriculture,Ch4,38.875
France,Europe,2020,Transport,Sf6,0.87
Canada,North America,2000,Waste,Ch4,18.516
United Kingdom,Europe,2001,Buildings,Sf6,0.723
Indonesia,Asia,2004,Land Use,N2O,63.688
United Kingdom,Europe,2015,Transport,Hfcs,2.96
United Kingdom,Europe,2002,Land Use,N2O,1.439
Indonesia,Asia,2017,Agriculture,Sf6,2.238
Canada,North America,2013,Industrial Processes,Hfcs,3.659
France,Europe,2023,Energy,Sf6,1.257
Germany,Europe,2021,Waste,N2O,3.728
Mexico,North America,2012,Transport,Co2,99.481
India,Asia,2004,Land Use,Sf6,1.235
Canada,North America,2018,Energy,Sf6,4.674
United States,North America,2014,Buildings,Ch4,95.25
Brazil,South America,2000,Manufacturing,Hfcs,6.626
India,Asia,2017,Energy,N2O,91.438
Mexico,North America,2000,Energy,Sf6,2.99
Germany,Europe,2019,Transport,N2O,10.347
United Kingdom,Europe,2013,Manufacturing,N2O,4.641
Australia,Oceania,2001,Land Use,Co2,6.306
Germany,Europe,2022,Industrial Processes,Ch4,0.473
Brazil,South America,2022,Transport,Hfcs,6.184
Japan,Asia,2018,Manufacturing,Hfcs,21.339
Canada,North America,2021,Agriculture,Hfcs,2.919
China,Asia,2013,Energy,Co2,123.526
United Kingdom,Europe,2013,Land Use,Ch4,0.621
Canada,North America,2005,Industrial Processes,Sf6,2.354
Australia,Oceania,2012,Buildings,N2O,3.85
South Korea,Asia,2023,Manufacturing,N2O,23.983
United States,North America,2003,Agriculture,N2O,123.526
Brazil,South America,2011,Energy,Hfcs,5.433
South Korea,Asia,2015,Waste,Sf6,0.228
Japan,Asia,2002,Land Use,Hfcs,0.1
South Korea,Asia,2013,Manufacturing,Co2,123.526
Russia,Europe,2022,Agriculture,Ch4,109.594
France,Europe,2018,Industrial Processes,Co2,1.424
United States,North America,2003,Waste,Sf6,1.65
Germany,Europe,2020,Manufacturing,Co2,61.144
United Kingdom,Europe,2001,Industrial Processes,Co2,2.0
United States,North America,2001,Industrial Processes,Hfcs,13.817
Mexico,North America,2017,Transport,Sf6,1.406
China,Asia,2000,Buildings,Co2,123.526
United Kingdom,Europe,2010,Waste,Co2,1.979
Brazil,South America,2012,Transport,Hfcs,5.741
Japan,Asia,2018,Agriculture,Ch4,19.998
Australia,Oceania,2003,Industrial Processes,Hfcs,2.365
China,Asia,2023,Agriculture,Sf6,23.352
Brazil,South America,2010,,Sf6,7.128
Mexico,North America,2016,Waste,Hfcs,0.291
South Africa,Africa,2007,Buildings,Sf6,0.186
United States,North America,2019,Transport,Ch4,69.503
Germany,Europe,2016,Agriculture,Co2,5.012
United Kingdom,Europe,2009,Buildings,Ch4,8.731
Indonesia,Asia,2002,Energy,Sf6,5.768
United States,North America,2019,Manufacturing,N2O,56.578
France,Europe,2008,Energy,Sf6,1.747
China,Asia,2014,Energy,Ch4,123.526
Mexico,North America,2009,Land Use,Hfcs,0.552
South Africa,Africa,2013,Industrial Processes,Hfcs,1.26
Indonesia,Asia,2000,Energy,N2O,13.364
United States,North America,2005,Energy,N2O,88.887
South Korea,Asia,2023,Transport,Ch4,7.543
United Kingdom,Europe,2002,Industrial Processes,N2O,0.412
Mexico,North America,2020,Energy,Ch4,30.405
United States,North America,2014,Transport,N2O,123.526
United Kingdom,Europe,2006,Manufacturing,Ch4,5.047
Canada,North America,2017,Manufacturing,N2O,6.537
Russia,Europe,2001,Agriculture,Co2,20.229
China,Asia,2001,Manufacturing,Hfcs,123.526
South Korea,Asia,2020,Agriculture,N2O,12.151
Mexico,North America,2016,Industrial Processes,Ch4,0.267
Indonesia,Asia,2022,Energy,Sf6,10.41
Germany,Europe,2016,Energy,Hfcs,5.27
India,Asia,2009,Agriculture,Ch4,123.526
Brazil,South America,2019,Agriculture,N2O,100.666
South Africa,Africa,2007,Energy,Co2,123.526
South Korea,Asia,2002,Agriculture,Ch4,19.03
Australia,Oceania,2016,Transport,Co2,77.102
France,Europe,2016,Transport,Hfcs,3.482
United States,North America,2017,Transport,Sf6,14.634
South Africa,Africa,2022,Land Use,Hfcs,0.418
Canada,North America,2020,Transport,Hfcs,6.451
India,Asia,2020,Energy,Sf6,35.678
United Kingdom,Europe,2016,Industrial Processes,Sf6,0.445
South Korea,Asia,2011,Buildings,Co2,43.149
Germany,Europe,2016,Land Use,Co2,2.195
South Korea,Asia,2003,Agriculture,Sf6,0.325
South Africa,Africa,2009,Buildings,Sf6,0.192
South Korea,Asia,2004,Waste,Hfcs,0.202
Canada,North America,2002,Waste,Ch4,16.957
United Kingdom,Europe,2018,Transport,Co2,56.895
United States,North America,2000,Industrial Processes,Hfcs,16.081
South Korea,Asia,2020,Land Use,Sf6,0.1
Germany,Europe,2017,Transport,Hfcs,4.592
Germany,Europe,2000,Land Use,Co2,3.146
Brazil,South America,2018,Manufacturing,Hfcs,6.948
Japan,Asia,2013,Land Use,Sf6,0.1
South Africa,Africa,2009,Industrial Processes,Co2,2.166
Russia,Europe,2000,Waste,N2O,10.327
United Kingdom,Europe,2021,Energy,N2O,4.068
Australia,Oceania,2021,Transport,Hfcs,3.654
Russia,Europe,2016,Manufacturing,Hfcs,35.266
South Africa,Africa,2007,Buildings,Hfcs,2.852
China,Asia,2022,Industrial Processes,Co2,123.526
Germany,Europe,2014,Manufacturing,Co2,78.249
France,Europe,2016,Energy,Hfcs,2.354
United Kingdom,Europe,2005,Buildings,N2O,5.76
United States,North America,2021,Manufacturing,N2O,63.244
South Africa,Africa,2019,Energy,Hfcs,7.978
Germany,Europe,2002,Waste,Sf6,0.294
China,Asia,2008,Manufacturing,N2O,123.526
India,Asia,2003,Land Use,N2O,38.821
Mexico,North America,2002,Industrial Processes,N2O,0.485
France,Europe,2001,Transport,N2O,13.108
Japan,Asia,2008,Buildings,Hfcs,15.903
South Korea,Asia,2001,Waste,Co2,4.021
Russia,Europe,2015,Land Use,Hfcs,1.607
India,Asia,2022,Manufacturing,Co2,123.526
Australia,Oceania,2023,Transport,N2O,10.013
South Korea,Asia,2003,Industrial Processes,Sf6,2.159
Australia,Oceania,2004,Transport,Sf6,0.852
United Kingdom,Europe,2023,Buildings,N2O,4.436
United Kingdom,Europe,2005,Agriculture,Sf6,0.425
China,Asia,2019,Transport,Ch4,123.526
Russia,Europe,2022,Buildings,N2O,12.079
United Kingdom,Europe,2015,Buildings,Ch4,8.132
United States,North America,2004,Buildings,Sf6,7.213
Indonesia,Asia,2008,Land Use,Ch4,38.353
India,Asia,2014,Land Use,Co2,63.226
Canada,North America,2009,Agriculture,Hfcs,2.535
India,Asia,2008,Land Use,Hfcs,5.665
India,Asia,2023,Buildings,Co2,123.526
France,Europe,2019,Land Use,Ch4,0.548
United Kingdom,Europe,2022,,Hfcs,7.128
Japan,Asia,2001,Buildings,Sf6,1.15
South Africa,Africa,2016,Buildings,N2O,2.01
Canada,North America,2004,Manufacturing,Ch4,7.712
Brazil,South America,2013,Agriculture,N2O,96.333
Canada,North America,2003,Land Use,N2O,5.271
Japan,Asia,2003,Energy,,7.128
Germany,Europe,2017,Agriculture,N2O,14.701
Australia,Oceania,2021,Waste,Co2,4.313
United States,North America,2017,Land Use,N2O,37.489
France,Europe,2014,Agriculture,Sf6,0.592
United Kingdom,Europe,2018,Manufacturing,Ch4,3.834
South Korea,Asia,2023,Agriculture,Co2,4.517
Germany,Europe,2005,Manufacturing,Co2,86.731
Canada,North America,2005,Energy,Co2,123.526
United States,North America,2021,Transport,Hfcs,53.64
India,Asia,2008,Industrial Processes,Co2,42.147
Russia,Europe,2022,Energy,Ch4,123.526
South Korea,Asia,2002,Industrial Processes,Co2,5.545
United Kingdom,Europe,2016,Agriculture,Ch4,15.854
Australia,Oceania,2023,Manufacturing,N2O,5.082
Brazil,South America,2008,Land Use,Sf6,2.31
India,Asia,2003,Transport,Co2,123.526
Australia,Oceania,2009,Manufacturing,Sf6,2.453
Brazil,South America,2015,Land Use,N2O,92.3
Japan,Asia,2007,Land Use,Hfcs,0.1
United States,North America,2008,Manufacturing,Co2,123.526
South Korea,Asia,2014,Waste,Co2,4.43
Germany,Europe,2021,Transport,N2O,10.035
Germany,Europe,2002,Land Use,N2O,2.893
Brazil,South America,2010,Buildings,Co2,5.935
Germany,Europe,2011,Industrial Processes,N2O,1.187
United Kingdom,Europe,2003,Waste,Ch4,7.859
China,Asia,2011,Energy,Sf6,96.99
Japan,Asia,2017,Industrial Processes,Sf6,1.5
China,Asia,2021,Manufacturing,Hfcs,123.526
Germany,Europe,2014,Industrial Processes,Sf6,1.734
Japan,Asia,2013,Energy,Ch4,79.155
China,Asia,2021,Energy,Ch4,123.526
Brazil,South America,2012,Manufacturing,Hfcs,7.305
Canada,North America,2009,Transport,Sf6,1.573
South Africa,Africa,2000,Buildings,Sf6,0.197
United States,North America,2000,Land Use,Sf6,1.173
Canada,North America,2022,Waste,N2O,4.79
Australia,Oceania,2002,Manufacturing,Co2,35.147
United States,North America,2014,Land Use,Sf6,0.997
India,Asia,2001,Agriculture,Hfcs,29.064
South Korea,Asia,2012,Waste,Hfcs,0.234
South Africa,Africa,2006,Land Use,Hfcs,0.372
Mexico,North America,2019,Buildings,Sf6,0.529
Canada,North America,2007,Agriculture,Hfcs,2.754
South Korea,Asia,2023,Industrial Processes,Hfcs,4.655
India,Asia,2014,Land Use,Hfcs,6.81
Japan,Asia,2018,Industrial Processes,Sf6,1.481
India,Asia,2022,Industrial Processes,Co2,71.65
Germany,Europe,2021,Buildings,Co2,43.895
India,Asia,2013,Transport,Co2,123.526
India,Asia,2007,Land Use,Hfcs,5.645
Russia,Europe,2004,Agriculture,Co2,18.829
United Kingdom,Europe,2003,Energy,Hfcs,3.636
China,Asia,2010,Energy,Co2,123.526
South Korea,Asia,2008,Manufacturing,Sf6,10.897
Canada,North America,2011,Energy,Hfcs,7.69
South Korea,Asia,2009,Agriculture,Sf6,0.366
,Oceania,2015,Transport,N2O,7.128
Australia,Oceania,2023,Energy,Sf6,4.107
United States,North America,2001,Buildings,Hfcs,116.256
Russia,Europe,2010,Manufacturing,Hfcs,34.238
Brazil,South America,2008,Industrial Processes,Sf6,1.478
United Kingdom,Europe,2009,Energy,Ch4,18.008
South Africa,Africa,2019,Energy,Sf6,5.32
South Africa,Africa,2007,Transport,N2O,6.258
Canada,North America,2020,Energy,Co2,123.526
Germany,Europe,2010,Energy,Ch4,38.566
Japan,Asia,2015,Buildings,Sf6,0.992
Brazil,South America,2010,Waste,Sf6,0.368
Canada,North America,2014,Waste,Hfcs,0.293
South Korea,Asia,2000,Buildings,N2O,6.651
Mexico,North America,2019,Land Use,Sf6,0.18
Germany,Europe,2006,Energy,Co2,123.526
China,Asia,2020,Energy,Hfcs,123.526
United States,North America,2014,Land Use,Co2,44.712
United States,North America,2001,Transport,Sf6,16.604
Russia,Europe,2013,Manufacturing,Ch4,35.912
South Korea,Asia,2018,Buildings,Hfcs,10.967
India,Asia,2020,Manufacturing,N2O,117.411
France,Europe,2017,Manufacturing,N2O,1.512
Japan,Asia,2007,Manufacturing,Co2,123.526
China,Asia,2016,Transport,Hfcs,117.578
Australia,Oceania,2012,Waste,Co2,4.039
India,Asia,2023,Buildings,N2O,74.501
Japan,Asia,2004,Manufacturing,Co2,123.526
South Korea,Asia,2004,Agriculture,N2O,10.829
Australia,Oceania,2000,Industrial Processes,Hfcs,2.513
United Kingdom,Europe,2009,Industrial Processes,N2O,0.361
China,Asia,2013,Land Use,Co2,123.526
France,Europe,2008,Manufacturing,Sf6,0.881
Japan,Asia,2020,Manufacturing,N2O,18.493
South Korea,Asia,2023,Transport,N2O,14.061
China,Asia,2005,Agriculture,Ch4,123.526
Indonesia,Asia,2022,Industrial Processes,Co2,6.649
,Asia,2015,Transport,Co2,7.128
United States,North America,2020,Buildings,Ch4,94.717
France,Europe,2001,Buildings,Co2,43.529
Russia,Europe,2016,Buildings,Hfcs,18.21
Canada,North America,2008,Manufacturing,Hfcs,7.666
United States,North America,2011,Industrial Processes,Hfcs,12.789
India,Asia,2014,Industrial Processes,Co2,54.467
India,Asia,2023,Waste,Hfcs,4.472
India,Asia,2012,Land Use,Sf6,1.704
Japan,Asia,2006,Transport,Co2,123.526
Germany,Europe,2023,Land Use,N2O,1.636
United Kingdom,Europe,2023,Land Use,Hfcs,0.102
Australia,Oceania,2008,Waste,Ch4,11.952
France,Europe,2010,Buildings,Sf6,0.61
United States,North America,2008,Land Use,Sf6,1.099
Australia,Oceania,2010,Transport,Co2,67.93
United Kingdom,Europe,2003,Buildings,Hfcs,10.219
South Korea,Asia,2012,Transport,Ch4,5.772
Germany,Europe,2003,Manufacturing,Sf6,7.441
China,Asia,2000,Agriculture,N2O,123.526
Brazil,South America,2009,Agriculture,Sf6,2.516
China,Asia,2020,Manufacturing,Hfcs,123.526
India,Asia,2021,Buildings,Sf6,7.129
France,Europe,2002,Waste,Sf6,0.114
Mexico,North America,2002,Waste,Hfcs,0.262
China,Asia,2011,Agriculture,Hfcs,65.582
United States,North America,2002,Transport,Sf6,15.204
South Africa,Africa,2016,Manufacturing,N2O,7.831
United States,North America,2017,Manufacturing,Ch4,61.214
Russia,Europe,2014,Manufacturing,N2O,35.571
Brazil,South America,2011,Transport,Co2,117.919
Mexico,North America,2005,Waste,Hfcs,0.251
France,Europe,2021,Manufacturing,Co2,9.392
Mexico,North America,2003,Manufacturing,Sf6,3.534
Japan,Asia,2008,Manufacturing,Sf6,12.814
Russia,Europe,2000,Waste,Hfcs,0.581
Mexico,North America,2022,Energy,,7.128
China,Asia,2023,Buildings,Co2,123.526
Brazil,South America,2014,Energy,Hfcs,5.311
France,Europe,2015,Land Use,Sf6,0.1
Canada,North America,2012,Energy,Ch4,46.552
France,Europe,2018,Buildings,Ch4,7.782
Australia,Oceania,2015,Industrial Processes,Ch4,0.498
Germany,Europe,2019,Land Use,Sf6,0.1
South Korea,Asia,2004,Energy,Sf6,5.077
Brazil,South America,2015,Land Use,Hfcs,10.456
Indonesia,Asia,2021,Transport,Co2,123.526
United States,North America,2011,Energy,Co2,123.526
South Africa,Africa,2008,Transport,N2O,6.083
China,Asia,2000,Land Use,Co2,123.526
Mexico,North America,2010,Industrial Processes,Ch4,0.26
Russia,Europe,2019,Industrial Processes,N2O,1.853
China,Asia,2016,Land Use,N2O,123.526
South Korea,Asia,2012,Transport,Sf6,1.183
Canada,North America,2005,Buildings,N2O,9.02
South Korea,Asia,2010,Land Use,Hfcs,0.31
South Africa,Africa,2010,Transport,Ch4,3.124
Japan,Asia,2016,Waste,Ch4,18.597
South Africa,Africa,2021,Waste,Ch4,15.687
Brazil,South America,2012,Land Use,Co2,96.654
France,Europe,2021,Buildings,Hfcs,8.624
United States,North America,2003,Waste,Hfcs,1.801
France,Europe,2013,Buildings,Hfcs,8.174
Mexico,North America,2017,Agriculture,N2O,23.445
Russia,Europe,2008,Waste,Sf6,0.56
South Africa,Africa,2019,Energy,Co2,123.526
France,Europe,2000,Waste,Ch4,7.046
South Korea,Asia,2000,Transport,Co2,86.769
Russia,Europe,2010,Industrial Processes,Sf6,3.038
France,Europe,2008,Transport,Sf6,1.016
Brazil,South America,2001,Industrial Processes,Co2,4.145
Canada,North America,2008,Industrial Processes,N2O,1.473
Australia,Oceania,2007,Land Use,N2O,4.903
United Kingdom,Europe,2008,Waste,Ch4,6.436
United Kingdom,Europe,2008,Manufacturing,Hfcs,5.453
India,Asia,2015,Land Use,Hfcs,7.54
Germany,Europe,2023,Manufacturing,Co2,68.773
South Africa,Africa,2001,Land Use,Sf6,0.1
India,Asia,2019,Transport,Ch4,44.27
Mexico,North America,2014,Land Use,Sf6,0.177
France,Europe,2007,Agriculture,Sf6,0.642
United States,North America,2015,Energy,Hfcs,47.754
Brazil,South America,2006,Agriculture,Ch4,123.526
Canada,North America,2022,,Ch4,7.128
Russia,Europe,2004,Land Use,Ch4,8.044
France,Europe,2018,Waste,Co2,1.687
Indonesia,Asia,2016,Waste,Ch4,36.784
Germany,Europe,2015,Land Use,Sf6,0.1
,Asia,2009,Transport,Hfcs,7.128
South Africa,Africa,2022,Waste,Hfcs,0.254
France,Europe,2006,Waste,Ch4,6.265
Japan,Asia,2001,Manufacturing,Ch4,24.606
Japan,Asia,2011,Waste,Hfcs,0.333
India,Asia,2023,Agriculture,Hfcs,65.905
France,Europe,2008,Land Use,Ch4,0.744
France,Europe,2012,Manufacturing,Co2,10.707
Australia,Oceania,2023,Agriculture,Co2,8.245
South Korea,Asia,2023,Waste,,7.128
Germany,Europe,2019,Energy,Ch4,34.182
Mexico,North America,2003,Land Use,Ch4,2.744
Brazil,South America,2017,Manufacturing,Sf6,3.519
Mexico,North America,2023,Agriculture,Hfcs,3.185
India,Asia,2007,Agriculture,Hfcs,38.262
Japan,Asia,2003,Transport,Sf6,2.47
France,Europe,2010,Industrial Processes,Co2,1.541
France,Europe,2002,Transport,Ch4,6.456
Indonesia,Asia,2001,Industrial Processes,Co2,3.865
Brazil,South America,2013,Agriculture,Co2,28.235
India,Asia,2004,,Ch4,7.128
Indonesia,Asia,2021,Industrial Processes,N2O,1.321
Canada,North America,2021,Land Use,N2O,5.091
United Kingdom,Europe,2003,Manufacturing,Co2,38.59
Mexico,North America,2017,Land Use,Sf6,0.172
United Kingdom,Europe,2013,Agriculture,N2O,9.907
Australia,Oceania,2001,Agriculture,N2O,23.139
Canada,North America,2000,Waste,Co2,6.475
Germany,Europe,2015,Transport,Ch4,5.607
Mexico,North America,2016,Land Use,Co2,6.498
France,Europe,2008,Manufacturing,N2O,1.733
South Korea,Asia,2022,Buildings,N2O,9.575
Japan,Asia,2005,Waste,Ch4,19.55
China,Asia,2000,Waste,Hfcs,5.074
South Africa,Africa,2008,Agriculture,Sf6,0.742
Indonesia,Asia,2003,Waste,N2O,8.167
Mexico,North America,2003,Agriculture,N2O,19.977
United Kingdom,Europe,2003,Transport,Ch4,5.701
China,Asia,2008,Industrial Processes,Co2,123.526
United States,North America,2011,Waste,Sf6,1.706
Indonesia,Asia,2002,Waste,Sf6,0.415
United Kingdom,Europe,2016,Buildings,Hfcs,7.648
United Kingdom,Europe,2022,Agriculture,Sf6,0.262
Indonesia,Asia,2009,Buildings,Co2,5.243
South Africa,Africa,2006,Agriculture,Co2,6.914
China,Asia,2008,Agriculture,N2O,123.526
Japan,Asia,2021,Energy,Hfcs,11.343
Australia,Oceania,2001,Industrial Processes,Sf6,1.502
Canada,North America,2016,Buildings,Hfcs,11.743
Mexico,North America,2013,Energy,N2O,8.781
Germany,Europe,2009,Buildings,Sf6,0.889
United States,North America,2000,Energy,Sf6,37.102
United Kingdom,Europe,2022,Industrial Processes,Sf6,0.399
China,Asia,2003,Energy,Co2,123.526
Japan,Asia,2003,Agriculture,,7.128
Brazil,South America,2008,Waste,N2O,6.445
Japan,Asia,2019,Manufacturing,Sf6,10.392
Brazil,South America,2014,Transport,Sf6,1.308
Mexico,North America,2002,Land Use,N2O,5.049
Germany,Europe,2021,Land Use,Co2,2.498
Russia,Europe,2010,Energy,Ch4,123.526
India,Asia,2011,Agriculture,Co2,104.688
Japan,Asia,2018,Energy,N2O,19.765
India,Asia,2015,Buildings,Sf6,4.93
South Korea,Asia,2004,Industrial Processes,N2O,1.355
Australia,Oceania,2009,Energy,Co2,123.526
Russia,Europe,2000,Transport,Co2,123.526
Mexico,North America,2002,Energy,N2O,7.554
India,Asia,2006,Manufacturing,Hfcs,79.849
United Kingdom,Europe,2005,Energy,Ch4,21.138
Japan,Asia,2002,Manufacturing,Hfcs,24.079
Japan,Asia,2008,Land Use,Hfcs,0.1
United States,North America,2006,Transport,Sf6,17.075
France,Europe,2017,Buildings,Sf6,0.575
Mexico,North America,2004,Energy,Ch4,30.825
Australia,Oceania,2016,Waste,N2O,3.855
Canada,North America,2010,Industrial Processes,N2O,1.418
Russia,Europe,2006,Energy,Hfcs,26.343
Indonesia,Asia,2003,Manufacturing,Ch4,7.389
United States,North America,2014,Buildings,Sf6,7.278
Canada,North America,2011,Agriculture,Sf6,0.664
South Africa,Africa,2009,Industrial Processes,Hfcs,1.173
United Kingdom,Europe,2020,Transport,Sf6,0.619
Brazil,South America,2018,Transport,Co2,116.184
Australia,Oceania,2017,Agriculture,Co2,8.536
United Kingdom,Europe,2005,Agriculture,Co2,3.719
Mexico,North America,2019,Agriculture,Ch4,44.233
China,Asia,2023,Waste,Co2,123.526
United Kingdom,Europe,2019,Manufacturing,Sf6,2.033
Germany,Europe,2017,Land Use,Co2,2.427
Mexico,North America,2012,Waste,Ch4,17.381
Indonesia,Asia,2008,Transport,N2O,12.284
Canada,North America,2018,Transport,N2O,16.464
South Korea,Asia,2018,Energy,N2O,15.069
Australia,Oceania,2008,Land Use,Sf6,0.147
South Africa,Africa,2010,Agriculture,Co2,6.657
United States,North America,2017,Industrial Processes,Co2,22.048
Australia,Oceania,2012,Manufacturing,Sf6,2.609
United States,North America,2015,Energy,Ch4,123.526
Mexico,North America,2013,Industrial Processes,Sf6,0.862
Canada,North America,2011,Waste,Hfcs,0.284
Canada,North America,2016,Manufacturing,N2O,6.814
Brazil,South America,2007,Energy,Sf6,3.536
Germany,Europe,2017,Buildings,Ch4,11.951
United States,North America,2020,Buildings,N2O,58.965
Australia,Oceania,2016,Manufacturing,Co2,35.715
Mexico,North America,2013,Industrial Processes,Ch4,0.275
United States,North America,2003,Manufacturing,Co2,123.526
United Kingdom,Europe,2002,Waste,N2O,2.292
Indonesia,Asia,2003,Transport,Hfcs,3.815
Canada,North America,2011,Industrial Processes,N2O,1.48
Russia,Europe,2010,Transport,N2O,28.491
Indonesia,Asia,2012,Buildings,Ch4,1.634
China,Asia,2016,Industrial Processes,N2O,55.271
India,Asia,2017,Transport,Co2,123.526
United States,North America,2010,Land Use,N2O,35.977
Mexico,North America,2023,Manufacturing,Co2,54.557
Mexico,North America,2002,Buildings,Ch4,7.049
China,Asia,2018,Land Use,N2O,123.526
United States,North America,2018,Land Use,Ch4,18.623
Russia,Europe,2021,Manufacturing,N2O,36.563
South Africa,Africa,2019,Waste,Sf6,0.247
Indonesia,Asia,2022,Buildings,Ch4,2.044
Russia,Europe,2008,Manufacturing,Co2,123.526
China,Asia,2019,Industrial Processes,N2O,63.864
Indonesia,Asia,2014,Buildings,Co2,6.681
United States,North America,2020,Manufacturing,N2O,54.22
Germany,Europe,2006,Land Use,Hfcs,0.265
United States,North America,2020,Agriculture,Co2,40.809
Mexico,North America,2018,Industrial Processes,Hfcs,1.544
United Kingdom,Europe,2006,Land Use,Co2,1.493
Indonesia,Asia,2021,Industrial Processes,Co2,6.148
South Africa,Africa,2003,Land Use,Sf6,0.1
Russia,Europe,2003,Buildings,N2O,14.286
Germany,Europe,2009,Waste,Hfcs,0.249
Mexico,North America,2022,Manufacturing,N2O,8.993
Russia,Europe,2003,Agriculture,N2O,57.623
Mexico,North America,2019,Industrial Processes,Sf6,0.919
South Korea,Asia,2010,Energy,Ch4,49.779
Brazil,South America,2000,Energy,Sf6,3.434
Germany,Europe,2019,Manufacturing,Sf6,5.763
France,Europe,2002,Land Use,Ch4,0.773
Canada,North America,2008,Energy,N2O,12.904
Canada,North America,2012,Waste,Co2,6.076
United Kingdom,Europe,2000,Industrial Processes,Ch4,0.241
China,Asia,2013,Transport,N2O,123.526
China,Asia,2009,Transport,Ch4,107.748
Brazil,South America,2008,Manufacturing,Hfcs,6.39
Mexico,North America,2021,Waste,Sf6,0.308
Germany,Europe,2010,Buildings,Sf6,0.939
Germany,Europe,2010,Buildings,N2O,9.027
South Africa,Africa,2023,Transport,N2O,6.04
United States,North America,2023,Industrial Processes,,7.128
China,Asia,2017,Buildings,Ch4,123.526
France,Europe,2018,Buildings,Co2,32.359
Australia,Oceania,2012,Energy,Ch4,40.771
Japan,Asia,2005,Manufacturing,Hfcs,25.091
Mexico,North America,2022,Industrial Processes,Sf6,0.826
Germany,Europe,2014,Buildings,Hfcs,12.249
France,Europe,2023,Waste,Co2,1.75
Japan,Asia,2001,Waste,Hfcs,0.361
United States,North America,2008,Manufacturing,Hfcs,67.888
Brazil,South America,2020,Agriculture,N2O,82.387
United States,North America,2009,Land Use,N2O,35.711
Russia,Europe,2001,Transport,Ch4,14.643
Canada,North America,2023,Industrial Processes,Ch4,0.695
France,Europe,2018,Manufacturing,Co2,9.073
United States,North America,2008,Transport,N2O,123.526
South Korea,Asia,2019,Agriculture,Sf6,0.462
France,Europe,2009,Industrial Processes,Ch4,0.165
Indonesia,Asia,2009,Buildings,Hfcs,1.297
,Europe,2012,Land Use,Co2,7.128
,Europe,2020,Manufacturing,N2O,7.128
India,Asia,2002,Agriculture,Hfcs,28.263
United Kingdom,Europe,2003,Transport,Co2,93.225
Germany,Europe,2013,Agriculture,Hfcs,2.179
Australia,Oceania,2003,Energy,N2O,10.097
Japan,Asia,2021,Industrial Processes,N2O,0.917
Brazil,South America,2016,Industrial Processes,Hfcs,2.403
South Korea,Asia,2013,Land Use,Hfcs,0.32
India,Asia,2005,Waste,N2O,43.873
Indonesia,Asia,2014,Industrial Processes,Sf6,1.766
India,Asia,2019,Waste,Co2,84.713
Japan,Asia,2016,Land Use,Hfcs,0.1
South Korea,Asia,2014,Transport,Hfcs,5.463
India,Asia,2016,Agriculture,Co2,119.536
France,Europe,2003,Manufacturing,Ch4,2.137
Australia,Oceania,2002,Buildings,Hfcs,4.569
Australia,Oceania,2018,Transport,N2O,9.786
Indonesia,Asia,2008,Agriculture,Co2,16.95
Canada,North America,2002,Land Use,Sf6,0.158
France,Europe,2001,Waste,Ch4,7.826
China,Asia,2020,Agriculture,Co2,123.526
Canada,North America,2020,Land Use,Ch4,2.487
Japan,Asia,2022,Energy,Sf6,6.942
China,Asia,2007,Land Use,N2O,123.526
India,Asia,2003,Land Use,Hfcs,4.938
United Kingdom,Europe,2012,Land Use,Co2,1.278
France,Europe,2009,Manufacturing,N2O,1.595
France,Europe,2002,Manufacturing,Co2,14.078
China,Asia,2022,Transport,Co2,123.526
United States,North America,2012,Industrial Processes,N2O,5.541
United States,North America,2020,Land Use,Co2,34.468
Canada,North America,2023,Buildings,Hfcs,11.229
India,Asia,2002,Transport,Hfcs,19.536
Russia,Europe,2014,Agriculture,Sf6,2.053
China,Asia,2017,Energy,N2O,123.526
Germany,Europe,2001,Manufacturing,Co2,107.211
Australia,Oceania,2021,Land Use,Sf6,0.166
France,Europe,2018,Transport,Ch4,4.868
United States,North America,2011,Land Use,Ch4,21.542
China,Asia,2001,Manufacturing,N2O,123.526
Brazil,South America,2011,Waste,Co2,8.021
Mexico,North America,2016,Energy,Sf6,3.164
Brazil,South America,2015,Manufacturing,Co2,42.748
India,Asia,2011,Industrial Processes,Sf6,15.665
France,Europe,2005,Transport,Hfcs,4.59
South Africa,Africa,2014,Transport,Ch4,3.033
Germany,Europe,2007,Transport,Ch4,6.276
United Kingdom,Europe,2008,Energy,,7.128
Australia,Oceania,2009,Transport,Ch4,4.17
United States,North America,2012,Waste,Hfcs,1.69
Brazil,South America,2000,Energy,Ch4,34.661
United States,North America,2011,Manufacturing,Ch4,59.713
China,Asia,2011,Land Use,Co2,123.526
India,Asia,2010,Industrial Processes,Hfcs,24.82
India,Asia,2020,Energy,N2O,94.742
Mexico,North America,2006,Land Use,Ch4,2.88
Australia,Oceania,2002,Transport,Sf6,0.872
Indonesia,Asia,2022,Energy,Hfcs,13.926
Indonesia,Asia,2020,Agriculture,Sf6,2.139
Indonesia,Asia,2015,Transport,Co2,118.76
Germany,Europe,2017,Transport,Co2,89.772
Germany,Europe,2019,Agriculture,Co2,4.779
Brazil,South America,2012,Transport,Co2,112.808
Indonesia,Asia,2005,Energy,Sf6,6.406
Brazil,South America,2007,Energy,Ch4,32.215
France,Europe,2016,Land Use,N2O,1.031
Germany,Europe,2000,Waste,Sf6,0.298
South Africa,Africa,2012,Land Use,Hfcs,0.426
Mexico,North America,2001,Transport,Hfcs,4.741
South Korea,Asia,2004,Energy,Ch4,47.825
Brazil,South America,2016,Buildings,Hfcs,1.377
France,Europe,2006,Industrial Processes,Hfcs,0.964
France,Europe,2021,Industrial Processes,Sf6,0.468
Germany,Europe,2020,Land Use,Sf6,0.1
United States,North America,2002,Manufacturing,Co2,123.526
India,Asia,2009,Energy,Ch4,123.526
France,Europe,2006,Energy,Ch4,19.054
Canada,North America,2010,Waste,Sf6,0.291
South Korea,Asia,2008,Industrial Processes,N2O,1.548
India,Asia,2000,Energy,Sf6,20.523
Japan,Asia,2002,Waste,N2O,6.028
France,Europe,2009,Energy,Co2,58.277
Mexico,North America,2016,Buildings,Sf6,0.475
United States,North America,2002,Industrial Processes,Co2,23.575
United States,North America,2003,Industrial Processes,Co2,26.534
Germany,Europe,2002,Manufacturing,Ch4,15.163
Russia,Europe,2016,Agriculture,Hfcs,7.38
Australia,Oceania,2005,Manufacturing,Ch4,4.819
China,Asia,2011,Buildings,Co2,123.526
Russia,Europe,2003,Land Use,N2O,14.431
Germany,Europe,2009,Transport,N2O,12.623
Mexico,North America,2012,Energy,Sf6,3.017
Brazil,South America,2002,,Ch4,7.128
Brazil,South America,2012,Energy,Sf6,3.425
United States,North America,2012,Agriculture,N2O,123.526
India,Asia,2005,Waste,Sf6,2.625
China,Asia,2007,Industrial Processes,Sf6,56.851
Canada,North America,2013,Buildings,Ch4,12.022
France,Europe,2018,Manufacturing,Sf6,0.723
India,Asia,2000,Energy,N2O,49.938
,Europe,2012,Transport,Co2,7.128
Mexico,North America,2011,Transport,Co2,100.49
South Africa,Africa,2012,Agriculture,N2O,19.932
South Africa,Africa,2011,Waste,Sf6,0.243
South Korea,Asia,2006,Industrial Processes,Hfcs,3.355
South Korea,Asia,2020,Transport,N2O,13.056
South Africa,Africa,2007,Agriculture,Hfcs,2.912
India,Asia,2005,Transport,Sf6,5.752
Brazil,South America,2022,Buildings,N2O,1.046
South Korea,Asia,2018,Transport,Sf6,1.334
France,Europe,2000,Waste,Co2,2.448
Indonesia,Asia,2010,Buildings,Sf6,0.109
India,Asia,2014,,Sf6,7.128
United States,North America,2002,Agriculture,N2O,123.526
Brazil,South America,2009,Land Use,N2O,73.807
United States,North America,2018,Energy,Ch4,123.526
United Kingdom,Europe,2009,Manufacturing,Co2,29.111
Germany,Europe,2005,Waste,N2O,5.606
Japan,Asia,2005,Buildings,Sf6,1.207
United States,North America,2012,Manufacturing,Ch4,65.755
South Korea,Asia,2002,Transport,Co2,87.425
China,Asia,2009,Energy,Ch4,123.526
South Korea,Asia,2018,Agriculture,Sf6,0.4
South Africa,Africa,2020,Land Use,Sf6,0.1
Australia,Oceania,2002,Energy,N2O,9.59
South Africa,Africa,2022,Land Use,Sf6,0.1
Russia,Europe,2006,Waste,Co2,11.538
South Korea,Asia,2015,Manufacturing,Ch4,23.183
China,Asia,2012,Waste,Co2,123.526
United Kingdom,Europe,2012,Waste,Sf6,0.1
Brazil,South America,2017,Agriculture,Ch4,123.526
Mexico,North America,2012,Energy,Co2,104.561
United Kingdom,Europe,2011,Energy,Sf6,1.988
Australia,Oceania,2018,Energy,N2O,10.232
Indonesia,Asia,2002,Land Use,Co2,71.855
China,Asia,2013,Buildings,Co2,123.526
Germany,Europe,2009,Industrial Processes,Co2,5.476
Japan,Asia,2017,Waste,N2O,5.128
Indonesia,Asia,2019,Industrial Processes,Sf6,2.063
Indonesia,Asia,2013,Transport,N2O,14.257
Mexico,North America,2006,Land Use,N2O,5.07
Mexico,North America,2016,Agriculture,Ch4,41.137
China,Asia,2018,Land Use,Sf6,7.636
Mexico,North America,2010,Manufacturing,N2O,7.867
India,Asia,2002,Energy,Hfcs,30.232
India,Asia,2015,Buildings,N2O,55.694
Brazil,South America,2007,Land Use,Hfcs,9.456
Russia,Europe,2000,Industrial Processes,Hfcs,4.938
Australia,Oceania,2022,Manufacturing,Co2,33.639
Japan,Asia,2010,Manufacturing,Hfcs,22.381
Indonesia,Asia,2016,Energy,N2O,20.94
Germany,Europe,2010,Land Use,Ch4,1.402
Brazil,South America,2002,Industrial Processes,Co2,3.956
China,Asia,2002,Buildings,Co2,123.526
South Africa,Africa,2011,Industrial Processes,Ch4,0.266
Brazil,South America,2017,Waste,Ch4,24.884
Japan,Asia,2014,Energy,N2O,20.41
Germany,Europe,2023,Transport,Ch4,5.314
Canada,North America,2014,Industrial Processes,Co2,6.785
Japan,Asia,2002,Energy,Co2,123.526
Australia,Oceania,2008,Agriculture,Sf6,0.804
China,Asia,2015,Energy,Ch4,123.526
Australia,Oceania,2015,Agriculture,N2O,23.735
Mexico,North America,2012,Manufacturing,Ch4,7.042
Brazil,South America,2010,Buildings,N2O,0.915
Australia,Oceania,2014,Agriculture,Hfcs,3.239
Indonesia,Asia,2018,Energy,Ch4,81.094
India,Asia,2012,Land Use,Ch4,33.391
South Korea,Asia,2014,Industrial Processes,Ch4,0.802
United States,North America,2002,Energy,Sf6,39.96
France,Europe,2017,Manufacturing,Hfcs,1.64
United States,North America,2014,Industrial Processes,N2O,5.138
Japan,Asia,2005,Transport,Sf6,2.234
United States,North America,2013,Transport,N2O,123.526
United Kingdom,Europe,2014,Waste,Ch4,6.0
Mexico,North America,2022,Manufacturing,Hfcs,7.53
,Asia,2023,Agriculture,N2O,7.128
India,Asia,2004,Industrial Processes,Co2,34.135
Brazil,South America,2000,Industrial Processes,Co2,4.241
Mexico,North America,2011,Energy,Co2,123.526
Brazil,South America,2021,Buildings,Sf6,0.116
Japan,Asia,2017,Agriculture,Ch4,22.368
United Kingdom,Europe,2015,Manufacturing,N2O,4.182
China,Asia,2015,Manufacturing,Hfcs,123.526
Canada,North America,2010,Buildings,N2O,8.936
South Korea,Asia,2007,Land Use,Co2,2.957
United Kingdom,Europe,2013,Industrial Processes,Ch4,0.155
South Africa,Africa,2019,Waste,N2O,4.376
Russia,Europe,2012,Industrial Processes,Ch4,1.015
United States,North America,2016,Energy,Co2,123.526
United Kingdom,Europe,2009,Transport,Sf6,0.825
United Kingdom,Europe,2014,Transport,Co2,61.732
United States,North America,2016,Manufacturing,Co2,123.526
United States,North America,2019,Land Use,N2O,31.99
Indonesia,Asia,2007,Land Use,Hfcs,8.447
India,Asia,2003,Energy,Co2,123.526
Australia,Oceania,2003,Industrial Processes,Ch4,0.474
South Africa,Africa,2016,Land Use,N2O,3.457
Brazil,South America,2010,Industrial Processes,Sf6,1.362
Indonesia,Asia,2001,Buildings,N2O,0.872
Australia,Oceania,2015,Industrial Processes,Hfcs,2.38
France,Europe,2009,Agriculture,Hfcs,2.52
Japan,Asia,2008,Waste,N2O,6.259
France,Europe,2007,Transport,N2O,11.786
China,Asia,2016,Industrial Processes,Co2,123.526
India,Asia,2015,Waste,Co2,70.225
Germany,Europe,2013,Agriculture,Ch4,29.901
Indonesia,Asia,2014,Buildings,Sf6,0.109
Germany,Europe,2003,Industrial Processes,Sf6,1.816
South Africa,Africa,2009,Manufacturing,Sf6,3.103
Brazil,South America,2006,Agriculture,Sf6,2.812
Japan,Asia,2007,Manufacturing,Ch4,25.596
China,Asia,2004,Manufacturing,Co2,123.526
South Africa,Africa,2010,Agriculture,Sf6,0.682
South Korea,Asia,2010,Energy,Hfcs,7.421
Russia,Europe,2018,Transport,Sf6,2.852
France,Europe,2020,Waste,N2O,1.541
Mexico,North America,2002,Manufacturing,Sf6,3.209
Russia,Europe,2022,Waste,N2O,10.051
Brazil,South America,2023,Waste,Ch4,27.729
United Kingdom,Europe,2017,Transport,N2O,7.119
India,Asia,2007,Waste,Co2,53.169
,Europe,2004,Transport,Sf6,7.128
China,Asia,2007,Manufacturing,Ch4,123.526
United States,North America,2004,Transport,Ch4,75.358
Indonesia,Asia,2004,Agriculture,Hfcs,6.793
South Africa,Africa,2010,Transport,N2O,6.012
Indonesia,Asia,2001,Land Use,Sf6,1.738
India,Asia,2013,,Ch4,7.128
Brazil,South America,2021,Waste,N2O,8.213
United States,North America,2009,Energy,N2O,87.34
United States,North America,2016,,Hfcs,7.128
Germany,Europe,2009,Agriculture,Co2,5.287
France,Europe,2019,Energy,Co2,50.789
Mexico,North America,2001,Agriculture,Co2,6.453
Australia,Oceania,2012,Buildings,Hfcs,5.028
Germany,Europe,2005,Waste,Co2,5.417
United States,North America,2008,Agriculture,Sf6,5.222
Japan,Asia,2005,Transport,N2O,23.851
Brazil,South America,2007,Waste,Sf6,0.365
Brazil,South America,2015,Waste,Ch4,24.565
South Africa,Africa,2004,Energy,N2O,11.7
United Kingdom,Europe,2017,Buildings,N2O,4.678
Australia,Oceania,2004,Industrial Processes,Sf6,1.403
Germany,Europe,2005,Land Use,Ch4,1.487
United States,North America,2013,Waste,N2O,28.585
United States,North America,2014,Industrial Processes,Sf6,8.319
South Korea,Asia,2004,,N2O,7.128
Japan,Asia,2019,Manufacturing,N2O,22.609
South Korea,Asia,2006,Land Use,N2O,2.529
United Kingdom,Europe,2017,Industrial Processes,Hfcs,0.756
Indonesia,Asia,2008,Energy,Ch4,69.253
Canada,North America,2014,Waste,N2O,4.871
United States,North America,2021,Industrial Processes,Ch4,2.376
Japan,Asia,2020,Agriculture,Ch4,19.812
Canada,North America,2003,Buildings,Co2,49.551
France,Europe,2020,Land Use,Co2,1.001
Japan,Asia,2013,Manufacturing,Co2,123.526
United States,North America,2009,Land Use,Sf6,1.028
Germany,Europe,2007,Buildings,Ch4,13.732
Indonesia,Asia,2021,Industrial Processes,Ch4,0.71
Mexico,North America,2008,Land Use,Sf6,0.16
Japan,Asia,2001,Energy,Sf6,8.998
Germany,Europe,2022,Energy,Hfcs,4.556
Brazil,South America,2012,Buildings,Co2,5.581
Mexico,North America,2013,Waste,Sf6,0.262
Russia,Europe,2010,Energy,Co2,123.526
Germany,Europe,2004,Land Use,N2O,2.41
United States,North America,2006,Industrial Processes,Co2,24.885
South Africa,Africa,2003,Energy,Hfcs,7.079
France,Europe,2015,Buildings,Hfcs,8.168
United Kingdom,Europe,2016,Transport,Sf6,7.2
Mexico,North America,2012,Energy,Hfcs,4.634
United Kingdom,Europe,2004,Industrial Processes,Sf6,0.652
India,Asia,2008,Agriculture,Ch4,123.526
United States,North America,2001,Waste,Co2,35.493
France,Europe,2019,Energy,Ch4,14.457
Canada,North America,2004,Transport,N2O,17.961
South Korea,Asia,2009,Transport,Ch4,5.774
Canada,North America,2022,Buildings,Hfcs,11.629
United Kingdom,Europe,2014,Land Use,Sf6,0.1
Russia,Europe,2012,Industrial Processes,N2O,2.036
China,Asia,2007,Land Use,Hfcs,22.613
China,Asia,2015,Industrial Processes,Ch4,27.155
Brazil,South America,2009,Waste,Sf6,0.39
South Korea,Asia,2016,Energy,Hfcs,8.579
Indonesia,Asia,2014,Manufacturing,Hfcs,9.394
Australia,Oceania,2015,Industrial Processes,Sf6,1.442
Indonesia,Asia,2016,Agriculture,Co2,18.993
Brazil,South America,2019,Transport,Ch4,6.792
,Asia,2000,Waste,N2O,7.128
Australia,Oceania,2014,Agriculture,Co2,8.765
Russia,Europe,2002,Agriculture,Co2,19.5
Indonesia,Asia,2002,Transport,Co2,84.415
United Kingdom,Europe,2006,Buildings,Ch4,9.892
Australia,Oceania,2003,Manufacturing,Sf6,2.45
Germany,Europe,2001,,Co2,7.128
South Africa,Africa,2013,Buildings,Co2,11.531
France,Europe,2016,Manufacturing,Sf6,0.778
Germany,Europe,2023,Agriculture,Ch4,24.498
South Korea,Asia,2020,Energy,N2O,15.223
United Kingdom,Europe,2019,,N2O,7.128
Australia,Oceania,2007,Transport,Sf6,0.983
France,Europe,2008,Industrial Processes,Co2,1.524
South Korea,Asia,2023,Land Use,Ch4,1.749
,Europe,2019,Industrial Processes,N2O,7.128
Brazil,South America,2007,Manufacturing,Hfcs,7.031
United States,North America,2022,Energy,Co2,123.526
Mexico,North America,2018,Buildings,Hfcs,7.694
United States,North America,2015,Energy,Sf6,34.536
Russia,Europe,2019,Land Use,Hfcs,1.417
Canada,North America,2021,Land Use,Hfcs,0.597
Mexico,North America,2002,Land Use,Hfcs,0.581
Germany,Europe,2021,Manufacturing,Hfcs,10.257
Russia,Europe,2011,Energy,Co2,123.526
Japan,Asia,2009,Land Use,N2O,0.1
India,Asia,2008,Land Use,N2O,48.297
South Africa,Africa,2005,Land Use,Co2,3.725
Brazil,South America,2009,Industrial Processes,,7.128
Germany,Europe,2010,Agriculture,Sf6,0.556
Germany,Europe,2023,Agriculture,Hfcs,1.902
South Africa,Africa,2021,Energy,Sf6,5.278
Germany,Europe,2021,Waste,Sf6,0.223
China,Asia,2021,Transport,N2O,123.526
Indonesia,Asia,2006,Transport,Hfcs,4.104
Japan,Asia,2018,Buildings,Sf6,1.07
Japan,Asia,2018,Transport,Ch4,9.871
China,Asia,2020,Industrial Processes,Hfcs,123.526
Japan,Asia,2016,Buildings,Ch4,14.225
France,Europe,2005,Buildings,N2O,7.364
South Korea,Asia,2015,Agriculture,Sf6,0.424
Canada,North America,2007,Industrial Processes,Sf6,2.229
Germany,Europe,2018,Industrial Processes,N2O,1.065
Brazil,South America,2003,Industrial Processes,Ch4,0.497
United States,North America,2011,Manufacturing,N2O,60.567
,South America,2000,Waste,Co2,7.128
Canada,North America,2020,Industrial Processes,Hfcs,3.169
Germany,Europe,2000,Transport,Hfcs,6.62
China,Asia,2015,Energy,Sf6,101.498
Australia,Oceania,2011,Energy,Ch4,40.692
Mexico,North America,2007,Manufacturing,Sf6,3.592
India,Asia,2003,Industrial Processes,Hfcs,20.908
Australia,Oceania,2019,Manufacturing,Hfcs,5.216
India,Asia,2009,Land Use,Ch4,28.514
Australia,Oceania,2004,Energy,Hfcs,6.524
Germany,Europe,2012,Buildings,Hfcs,12.947
United States,North America,2012,Land Use,Ch4,22.085
India,Asia,2001,Buildings,N2O,32.384
South Korea,Asia,2014,Land Use,Hfcs,0.325
Germany,Europe,2015,Waste,Ch4,13.348
China,Asia,2004,Industrial Processes,Sf6,55.001
China,Asia,2012,Transport,Co2,123.526
Russia,Europe,2009,Land Use,,7.128
Germany,Europe,2022,Energy,Sf6,3.872
South Korea,Asia,2004,Manufacturing,Ch4,19.04
India,Asia,2022,Buildings,Hfcs,89.82
Germany,Europe,2017,Land Use,Ch4,1.048
Australia,Oceania,2019,Industrial Processes,Hfcs,2.389
Japan,Asia,2013,Manufacturing,Ch4,21.969
Russia,Europe,2009,Transport,Co2,123.526
Germany,Europe,2015,Agriculture,Hfcs,2.231
United Kingdom,Europe,2007,Land Use,Co2,1.466
Brazil,South America,2001,Manufacturing,N2O,6.432
South Korea,Asia,2003,Land Use,Sf6,0.1
Russia,Europe,2021,Waste,Sf6,0.622
India,Asia,2007,Energy,N2O,61.569
South Korea,Asia,2005,Buildings,Co2,42.532
Indonesia,Asia,2008,Buildings,N2O,1.023
India,Asia,2021,Land Use,Sf6,2.226
Canada,North America,2003,Transport,N2O,18.319
Indonesia,Asia,2009,Energy,Sf6,6.804
Indonesia,Asia,2004,Energy,Hfcs,8.933
China,Asia,2013,Energy,Sf6,105.312
France,Europe,2016,Energy,Co2,50.461
South Africa,Africa,2000,Manufacturing,N2O,6.303
China,Asia,2023,Waste,N2O,123.526
France,Europe,2016,Buildings,Co2,31.563
France,Europe,2005,Energy,Sf6,1.928
France,Europe,2023,Industrial Processes,Hfcs,0.715
United States,North America,2008,Energy,Co2,123.526
China,Asia,2003,Energy,N2O,123.526
Germany,Europe,2013,Transport,Ch4,5.739
Brazil,South America,2003,Transport,Co2,103.005
Brazil,South America,2022,Buildings,Ch4,1.594
Canada,North America,2018,Land Use,Ch4,2.539
India,Asia,2009,Buildings,N2O,40.437
South Africa,Africa,2014,Buildings,Ch4,2.978
Indonesia,Asia,2007,Buildings,Sf6,0.1
Australia,Oceania,2012,Transport,Sf6,0.899
Brazil,South America,2001,Buildings,Co2,5.742
France,Europe,2009,Buildings,N2O,5.852
United States,North America,2001,Transport,Co2,123.526
Russia,Europe,2014,Buildings,Co2,77.644
Brazil,South America,2020,Energy,Ch4,34.34
France,Europe,2007,Industrial Processes,Sf6,0.593
Mexico,North America,2014,Land Use,Co2,6.519
Russia,Europe,2004,Manufacturing,Co2,123.526
Russia,Europe,2017,Transport,Ch4,13.461
France,Europe,2013,Industrial Processes,N2O,0.333
India,Asia,2005,Agriculture,N2O,123.526
China,Asia,2012,Buildings,Ch4,123.526
South Korea,Asia,2007,Energy,Co2,123.526
Brazil,South America,2009,Land Use,Hfcs,8.453
Canada,North America,2013,Waste,Hfcs,0.28
China,Asia,2005,Waste,Sf6,6.211
South Korea,Asia,2023,Buildings,Co2,59.286
Germany,Europe,2004,Energy,Ch4,46.437
Canada,North America,2017,Energy,N2O,12.193
Mexico,North America,2020,Agriculture,N2O,23.057
United Kingdom,Europe,2014,Waste,Sf6,0.1
Indonesia,Asia,2013,Industrial Processes,Sf6,1.724
Russia,Europe,2003,Transport,N2O,25.583
Mexico,North America,2000,Land Use,Ch4,3.106
Germany,Europe,2018,Waste,N2O,3.767
Germany,Europe,2009,Buildings,Ch4,13.406
Germany,Europe,2011,Waste,Co2,4.78
Australia,Oceania,2006,Waste,Hfcs,0.204
Canada,North America,2010,Waste,Co2,5.907
India,Asia,2020,Land Use,Co2,76.33
Australia,Oceania,2002,Transport,N2O,8.624
South Korea,Asia,2022,Agriculture,Sf6,0.477
Germany,Europe,2013,Manufacturing,Ch4,12.074
Russia,Europe,2001,Buildings,Sf6,1.454
Mexico,North America,2016,Land Use,N2O,5.439
India,Asia,2019,Industrial Processes,Hfcs,35.512
Russia,Europe,2012,Energy,N2O,44.742
France,Europe,2007,Manufacturing,Co2,12.129
South Korea,Asia,2013,Agriculture,Ch4,21.082
Brazil,South America,2001,Buildings,Sf6,0.1
South Korea,Asia,2021,Agriculture,Ch4,23.454
South Africa,Africa,2018,Agriculture,Ch4,37.394
Japan,Asia,2010,Land Use,Co2,0.1
Australia,Oceania,2002,Agriculture,Ch4,45.896
Germany,Europe,2008,Energy,Ch4,38.125
Indonesia,Asia,2021,Industrial Processes,Hfcs,3.513
France,Europe,2015,Waste,Hfcs,0.1
South Africa,Africa,2013,Transport,Co2,50.919
Indonesia,Asia,2011,Transport,Ch4,6.679
Japan,Asia,2013,Energy,N2O,20.202
Japan,Asia,2019,Energy,Ch4,82.4
Australia,Oceania,2000,Buildings,Sf6,0.353
South Korea,Asia,2010,Agriculture,Sf6,0.379
Mexico,North America,2007,Agriculture,Hfcs,2.825
Mexico,North America,2010,Transport,Co2,95.025
France,Europe,2004,Energy,N2O,4.694
Indonesia,Asia,2006,Land Use,Hfcs,7.045
Japan,Asia,2001,Waste,N2O,6.042
South Korea,Asia,2020,Transport,Ch4,6.088
United States,North America,2001,Manufacturing,N2O,72.055
Canada,North America,2019,Buildings,Ch4,12.927
South Africa,Africa,2023,Industrial Processes,N2O,0.498
France,Europe,2012,Manufacturing,N2O,1.807
India,Asia,2000,Transport,Hfcs,20.046
China,Asia,2008,Land Use,Co2,123.526
South Korea,Asia,2016,Buildings,Ch4,12.48
China,Asia,2005,Buildings,Hfcs,123.526
Brazil,South America,2006,Land Use,Co2,96.267
South Africa,Africa,2003,Industrial Processes,Co2,2.161
Mexico,North America,2016,Waste,Sf6,0.293
Australia,Oceania,2011,Transport,Co2,69.34
India,Asia,2014,Buildings,Co2,123.526
South Korea,Asia,2017,Land Use,Co2,3.406
Australia,Oceania,2017,Industrial Processes,Ch4,0.545
China,Asia,2014,Energy,Sf6,101.417
United States,North America,2015,Buildings,N2O,68.099
Japan,Asia,2018,Waste,Co2,5.4
India,Asia,2006,Manufacturing,Co2,123.526
United Kingdom,Europe,2000,Waste,N2O,2.575
Germany,Europe,2002,Agriculture,Hfcs,2.643
Indonesia,Asia,2001,Industrial Processes,N2O,0.772
India,Asia,2019,Waste,N2O,69.945
South Africa,Africa,2023,Transport,Co2,51.374
Australia,Oceania,2019,Energy,Ch4,40.178
Japan,Asia,2010,Agriculture,Ch4,22.345
South Africa,Africa,2017,Buildings,Hfcs,2.911
Australia,Oceania,2007,Agriculture,Sf6,0.825
Mexico,North America,2003,Agriculture,Hfcs,2.671
Russia,Europe,2016,Manufacturing,Co2,123.526
South Korea,Asia,2004,Agriculture,Sf6,0.345
United Kingdom,Europe,2018,Waste,N2O,1.646
India,Asia,2011,Industrial Processes,N2O,9.444
Russia,Europe,2021,Manufacturing,Sf6,17.794
France,Europe,2019,Industrial Processes,Sf6,0.453
China,Asia,2020,Buildings,Ch4,123.526
India,Asia,2003,Buildings,Hfcs,48.576
Indonesia,Asia,2021,Waste,,7.128
Indonesia,Asia,2014,Agriculture,Co2,19.608
China,Asia,2002,Energy,Ch4,123.526
Japan,Asia,2015,Manufacturing,Sf6,10.698
Australia,Oceania,2023,Land Use,N2O,5.707
South Africa,Africa,2000,Land Use,N2O,3.226
United Kingdom,Europe,2010,Transport,Co2,76.916
India,Asia,2019,Manufacturing,N2O,117.472
China,Asia,2020,Land Use,Ch4,123.526
Germany,Europe,2018,Agriculture,Sf6,0.521
Russia,Europe,2023,Waste,Ch4,33.417
Brazil,South America,2004,Energy,Sf6,3.209
United Kingdom,Europe,2020,Energy,Co2,46.84
United States,North America,2010,Industrial Processes,N2O,5.208
France,Europe,2006,Land Use,Sf6,0.1
India,Asia,2022,Land Use,Hfcs,8.65
United Kingdom,Europe,2000,Buildings,Sf6,0.751
South Africa,Africa,2002,Energy,Hfcs,7.381
South Africa,Africa,2010,Waste,Ch4,15.86
Australia,Oceania,2002,Manufacturing,Sf6,2.546
Mexico,North America,2009,Waste,Co2,5.155
South Korea,Asia,2010,Agriculture,Ch4,20.557
China,Asia,2001,Transport,Hfcs,62.866
Australia,Oceania,2006,Transport,Co2,75.08
Canada,North America,2004,Transport,Co2,123.526
Australia,Oceania,2012,Waste,Hfcs,0.202
Brazil,South America,2018,Land Use,N2O,95.92
France,Europe,2013,Buildings,N2O,6.225
Canada,North America,2005,Energy,Ch4,47.502
France,Europe,2008,Land Use,N2O,1.211
Brazil,South America,2014,Industrial Processes,N2O,0.999
Germany,Europe,2006,Manufacturing,Co2,91.617
India,Asia,2019,Transport,Sf6,9.276
,North America,2005,Waste,Sf6,7.128
Japan,Asia,2001,Transport,Co2,123.526
Japan,Asia,2010,Agriculture,Co2,4.559
Germany,Europe,2003,Land Use,Co2,2.498
India,Asia,2011,Agriculture,Hfcs,40.421
France,Europe,2003,Land Use,Hfcs,0.166
Japan,Asia,2021,Industrial Processes,Ch4,0.49
South Africa,Africa,2023,Land Use,Hfcs,0.44
India,Asia,2020,Industrial Processes,Hfcs,33.46
,Europe,2000,Industrial Processes,Sf6,7.128
Brazil,South America,2021,Transport,N2O,15.582
Australia,Oceania,2020,Agriculture,Hfcs,2.943
France,Europe,2015,Energy,Sf6,1.493
India,Asia,2014,Transport,Hfcs,32.177
South Korea,Asia,2008,Agriculture,Hfcs,1.399
South Korea,Asia,2021,Buildings,Co2,56.21
South Korea,Asia,2002,Land Use,Hfcs,0.274
Germany,Europe,2001,Energy,Co2,123.526
Mexico,North America,2003,Buildings,Sf6,0.432
Indonesia,Asia,2019,Manufacturing,Sf6,5.02
Canada,North America,2006,Land Use,Sf6,0.156
Japan,Asia,2003,Agriculture,Sf6,0.462
Mexico,North America,2021,Land Use,Ch4,3.55
South Korea,Asia,2000,Agriculture,Ch4,18.965
India,Asia,2007,Transport,Sf6,6.644
Japan,Asia,2010,Industrial Processes,Co2,4.409
Germany,Europe,2002,Waste,Co2,5.671
France,Europe,2022,Land Use,Sf6,0.1
Indonesia,Asia,2016,,Sf6,7.128
India,Asia,2006,Energy,Sf6,23.983
Russia,Europe,2000,Transport,Ch4,14.016
Australia,Oceania,2014,Industrial Processes,Sf6,1.589
United Kingdom,Europe,2022,Buildings,Ch4,6.076
China,Asia,2012,Industrial Processes,Ch4,23.541
France,Europe,2019,Transport,N2O,8.372
South Korea,Asia,2009,Waste,N2O,3.672
Japan,Asia,2021,Waste,Ch4,18.0
China,Asia,2004,Agriculture,N2O,123.526
China,Asia,2015,Industrial Processes,Sf6,79.451
Canada,North America,2011,Buildings,Ch4,12.591
Australia,Oceania,2003,Manufacturing,N2O,4.813
Mexico,North America,2002,Industrial Processes,Hfcs,1.323
Canada,North America,2013,Manufacturing,Co2,46.057
Japan,Asia,2006,Waste,Co2,6.2
United States,North America,2004,Buildings,Hfcs,106.0
United Kingdom,Europe,2021,Agriculture,Co2,3.494
Indonesia,Asia,2020,Manufacturing,N2O,9.754
Indonesia,Asia,2016,Manufacturing,Ch4,8.799
South Africa,Africa,2009,Energy,Co2,123.526
United States,North America,2021,Land Use,N2O,35.835
Australia,Oceania,2019,Waste,N2O,3.945
South Korea,Asia,2023,Energy,Hfcs,9.081
Russia,Europe,2020,Transport,Ch4,13.103
Brazil,South America,2011,Waste,N2O,7.624
Japan,Asia,2022,Buildings,Co2,53.394
France,Europe,2011,Agriculture,Hfcs,2.52
Mexico,North America,2016,Industrial Processes,Sf6,0.796
Germany,Europe,2017,Manufacturing,N2O,11.559
Russia,Europe,2015,Industrial Processes,Co2,9.206
Australia,Oceania,2018,Manufacturing,Co2,32.325
China,Asia,2020,Land Use,Sf6,8.149
India,Asia,2014,Transport,Ch4,39.553
France,Europe,2007,Manufacturing,N2O,1.741
South Korea,Asia,2015,Transport,Sf6,1.302
,Oceania,2006,Manufacturing,Hfcs,7.128
South Korea,Asia,2008,Waste,Co2,4.327
Mexico,North America,2008,Waste,N2O,4.88
Australia,Oceania,2009,Land Use,Sf6,0.143
Japan,Asia,2016,Waste,N2O,5.648
United Kingdom,Europe,2000,Waste,Co2,2.627
China,Asia,2001,Waste,Co2,104.71
France,Europe,2004,Agriculture,Sf6,0.688
United Kingdom,Europe,2007,Land Use,N2O,1.234
United Kingdom,Europe,2006,Industrial Processes,Hfcs,1.001
India,Asia,2002,Buildings,Sf6,3.331
United States,North America,2022,Land Use,N2O,33.7
China,Asia,2008,Land Use,Sf6,5.098
Japan,Asia,2014,Energy,Co2,123.526
United States,North America,2020,Transport,N2O,123.526
Indonesia,Asia,2016,Buildings,Sf6,0.111
South Africa,Africa,2015,Waste,N2O,4.525
Brazil,South America,2016,Transport,Co2,121.626
Germany,Europe,2023,Energy,N2O,7.847
United States,North America,2005,Energy,Sf6,34.536
Indonesia,Asia,2006,Buildings,Ch4,1.405
South Korea,Asia,2020,Energy,Ch4,54.694
Russia,Europe,2012,Industrial Processes,Co2,9.37
United Kingdom,Europe,2018,Energy,Sf6,1.521
Canada,North America,2008,Agriculture,Ch4,39.801
Germany,Europe,2018,Transport,Hfcs,4.191
Russia,Europe,2006,Transport,N2O,25.657
Mexico,North America,2009,Industrial Processes,Sf6,0.705
China,Asia,2007,Waste,Sf6,6.338
Australia,Oceania,2006,Energy,Ch4,40.113
United Kingdom,Europe,2008,Energy,Hfcs,3.143
South Africa,Africa,2005,Waste,N2O,4.277
South Korea,Asia,2015,Energy,Hfcs,8.3
Germany,Europe,2012,Land Use,Sf6,0.1
South Korea,Asia,2019,Energy,Hfcs,8.935
United Kingdom,Europe,2001,Transport,N2O,11.464
South Korea,Asia,2001,Land Use,Co2,2.495
Russia,Europe,2017,Waste,N2O,10.693
Indonesia,Asia,2015,Waste,N2O,9.618
India,Asia,2016,Buildings,Hfcs,75.849
Canada,North America,2011,Agriculture,Hfcs,2.953
India,Asia,2021,Agriculture,Co2,123.526
Japan,Asia,2000,Agriculture,N2O,13.278
United Kingdom,Europe,2021,Buildings,Hfcs,6.976
United Kingdom,Europe,2007,Manufacturing,Ch4,5.461
Japan,Asia,2007,Transport,N2O,20.509
China,Asia,2008,Energy,Sf6,88.09
Japan,Asia,2009,Agriculture,Ch4,22.494
Japan,Asia,2021,Transport,Hfcs,7.904
Canada,North America,2000,Buildings,Hfcs,13.329
Russia,Europe,2008,Transport,Sf6,2.676
,Oceania,2009,Waste,Co2,7.128
Germany,Europe,2001,Waste,Co2,6.256
Indonesia,Asia,2011,Industrial Processes,Co2,4.87
United States,North America,2008,Agriculture,N2O,123.526
Japan,Asia,2020,Industrial Processes,Hfcs,2.022
,Africa,2013,Industrial Processes,Co2,7.128
South Korea,Asia,2014,Agriculture,Co2,4.273
United Kingdom,Europe,2006,Industrial Processes,N2O,0.379
India,Asia,2011,Manufacturing,Sf6,48.185
United Kingdom,Europe,2013,Energy,N2O,4.817
Australia,Oceania,2014,Transport,Sf6,0.938
Russia,Europe,2018,Land Use,Sf6,0.354
Germany,Europe,2008,Transport,Sf6,1.273
Indonesia,Asia,2003,Waste,Hfcs,0.444
Brazil,South America,2022,Manufacturing,Hfcs,7.069
Indonesia,Asia,2021,Transport,,7.128
South Africa,Africa,2020,Waste,N2O,4.127
Germany,Europe,2014,Buildings,Ch4,13.586
,North America,2003,Buildings,Ch4,7.128
South Korea,Asia,2021,Agriculture,Sf6,0.465
South Africa,Africa,2016,Energy,Ch4,52.308
South Africa,Africa,2010,Land Use,Hfcs,0.428
Russia,Europe,2009,Agriculture,Co2,18.394
Germany,Europe,2014,Transport,Sf6,1.216
Germany,Europe,2007,Buildings,Co2,56.87
Russia,Europe,2016,Industrial Processes,N2O,1.902
China,Asia,2017,Waste,Sf6,10.022
China,Asia,2002,Industrial Processes,Hfcs,86.215
India,Asia,2002,Buildings,N2O,36.102
Germany,Europe,2018,Industrial Processes,Hfcs,2.738
Canada,North America,2003,Land Use,Sf6,0.156
Brazil,South America,2009,Agriculture,Co2,28.621
Canada,North America,2004,Energy,Hfcs,7.676
Mexico,North America,2003,Energy,Sf6,3.12
South Korea,Asia,2010,Manufacturing,N2O,20.078
South Africa,Africa,2014,Agriculture,Ch4,42.244
United Kingdom,Europe,2020,Waste,Hfcs,0.1
Australia,Oceania,2010,Land Use,Co2,6.5
Japan,Asia,2010,Waste,N2O,6.096
United Kingdom,Europe,2018,Transport,Sf6,0.786
Brazil,South America,2021,Transport,Ch4,7.286
Germany,Europe,2021,Energy,Ch4,31.348
Indonesia,Asia,2005,Industrial Processes,Sf6,1.36
South Africa,Africa,2006,Transport,Co2,45.044
Japan,Asia,2005,Energy,Hfcs,13.209
South Africa,Africa,2003,Industrial Processes,Ch4,0.246
Canada,North America,2016,Industrial Processes,Sf6,1.993
Indonesia,Asia,2015,Manufacturing,Ch4,9.659
Germany,Europe,2010,Land Use,Hfcs,0.261
Japan,Asia,2023,Manufacturing,Sf6,9.929
Indonesia,Asia,2017,Buildings,N2O,1.158
Australia,Oceania,2005,Transport,Co2,75.428
Mexico,North America,2021,Energy,N2O,9.334
Japan,Asia,2016,Land Use,Co2,0.1
Brazil,South America,2001,Manufacturing,Ch4,5.965
United States,North America,2004,Industrial Processes,Hfcs,15.266
France,Europe,2001,Land Use,Ch4,0.857
South Korea,Asia,2023,Land Use,Co2,3.764
China,Asia,2002,Transport,N2O,123.526
Mexico,North America,2000,Buildings,Co2,27.192
Russia,Europe,2012,Buildings,N2O,13.504
,North America,2021,Buildings,N2O,7.128
Australia,Oceania,2023,Land Use,Sf6,0.151
China,Asia,2010,Energy,Hfcs,123.526
South Africa,Africa,2017,Industrial Processes,Hfcs,1.382
Russia,Europe,2011,Land Use,Co2,14.774
Indonesia,Asia,2014,Land Use,Co2,84.803
Mexico,North America,2016,Agriculture,N2O,24.068
United Kingdom,Europe,2016,Energy,N2O,4.185
Brazil,South America,2015,Manufacturing,Hfcs,7.631
India,Asia,2008,Energy,Ch4,123.526
United Kingdom,Europe,2019,Energy,Co2,57.836
Brazil,South America,2019,Land Use,N2O,92.878
France,Europe,2016,Transport,Co2,80.389
Australia,Oceania,2022,Buildings,N2O,3.568
Brazil,South America,2013,Land Use,Co2,97.615
United States,North America,2001,Waste,N2O,33.844
South Africa,Africa,2016,Industrial Processes,Ch4,0.254
Russia,Europe,2023,Energy,Hfcs,27.147
Japan,Asia,2017,Industrial Processes,N2O,1.019
India,Asia,2012,Industrial Processes,Ch4,5.192
Germany,Europe,2021,Transport,Sf6,1.172
United Kingdom,Europe,2005,Buildings,Co2,41.325
Japan,Asia,2012,Manufacturing,Hfcs,22.578
United States,North America,2007,Industrial Processes,Hfcs,13.181
Indonesia,Asia,2021,Land Use,Ch4,59.838
Canada,North America,2003,,Ch4,7.128
India,Asia,2003,Energy,N2O,54.53
Australia,Oceania,2018,Waste,Co2,4.396
Brazil,South America,2022,Agriculture,Sf6,3.083
Brazil,South America,2007,Land Use,Sf6,2.306
Japan,Asia,2008,Industrial Processes,N2O,1.134
United States,North America,2011,Waste,Co2,34.631
Japan,Asia,2005,Waste,N2O,5.664
Japan,Asia,2012,Energy,Ch4,82.857
Australia,Oceania,2007,Buildings,Co2,21.168
United States,North America,2013,Buildings,N2O,63.252
South Africa,Africa,2018,Transport,Sf6,0.615
Indonesia,Asia,2023,Manufacturing,Sf6,5.456
Indonesia,Asia,2009,Land Use,Hfcs,8.018
South Korea,Asia,2001,Buildings,Ch4,9.364
Mexico,North America,2013,Industrial Processes,Hfcs,1.395
Brazil,South America,2007,Buildings,Sf6,0.1
China,Asia,2016,Industrial Processes,Hfcs,123.526
South Korea,Asia,2010,Manufacturing,Hfcs,20.922
,South America,2002,Agriculture,Ch4,7.128
United Kingdom,Europe,2012,Waste,Co2,1.904
Japan,Asia,2011,Waste,Co2,6.317
South Africa,Africa,2016,Industrial Processes,Sf6,0.721
Australia,Oceania,2010,Energy,Sf6,4.052
Japan,Asia,2006,Agriculture,Hfcs,1.667
Japan,Asia,2010,Manufacturing,Co2,123.526
United States,North America,2022,Agriculture,Co2,41.805
Brazil,South America,2019,Energy,N2O,9.865
United States,North America,2002,Land Use,Co2,45.512
Canada,North America,2019,Transport,Hfcs,6.927
Canada,North America,2001,Buildings,Sf6,0.928
United Kingdom,Europe,2010,Industrial Processes,Ch4,0.186
India,Asia,2014,Energy,Co2,123.526
Indonesia,Asia,2014,Transport,Sf6,1.367
Russia,Europe,2012,Land Use,N2O,14.343
United States,North America,2003,Manufacturing,Sf6,34.093
Japan,Asia,2017,Energy,Sf6,8.06
Australia,Oceania,2004,Land Use,Sf6,0.162
France,Europe,2017,Waste,Hfcs,0.1
China,Asia,2010,Manufacturing,Hfcs,123.526
South Africa,Africa,2014,,Hfcs,7.128
Brazil,South America,2001,Manufacturing,Sf6,3.174
Canada,North America,2018,Transport,Hfcs,7.018
India,Asia,2000,Waste,N2O,35.668
Mexico,North America,2005,Energy,Sf6,3.037
Russia,Europe,2011,Manufacturing,Ch4,37.105
India,Asia,2009,Manufacturing,Sf6,39.315
Australia,Oceania,2006,Agriculture,Co2,7.802
Australia,Oceania,2006,Agriculture,Hfcs,3.235
South Africa,Africa,2019,Buildings,Hfcs,2.964
China,Asia,2005,Transport,Hfcs,67.218
Australia,Oceania,2002,Buildings,N2O,3.476
Russia,Europe,2020,Energy,N2O,41.129
Australia,Oceania,2015,Energy,Hfcs,6.384
South Korea,Asia,2002,Buildings,Co2,39.893
South Africa,Africa,2017,Agriculture,Hfcs,2.91
China,Asia,2013,Transport,Hfcs,92.813
Japan,Asia,2013,Transport,Sf6,2.055
China,Asia,2019,Manufacturing,Sf6,123.526
China,Asia,2018,Energy,N2O,123.526
Indonesia,Asia,2013,Industrial Processes,Co2,5.261
Indonesia,Asia,2003,Transport,N2O,10.178
United States,North America,2022,Buildings,Co2,123.526
Indonesia,Asia,2020,Manufacturing,Sf6,4.604
South Africa,Africa,2011,Waste,N2O,4.225
Indonesia,Asia,2020,Energy,Ch4,91.748
Mexico,North America,2017,Industrial Processes,Hfcs,1.386
India,Asia,2001,Land Use,N2O,38.707
India,Asia,2010,Agriculture,N2O,123.526
United Kingdom,Europe,2003,Energy,N2O,6.039
Brazil,South America,2014,Manufacturing,Sf6,3.401
United Kingdom,Europe,2000,Manufacturing,Ch4,6.489
Brazil,South America,2008,Industrial Processes,N2O,1.034
Russia,Europe,2014,Manufacturing,Sf6,17.669
Australia,Oceania,2017,Waste,Sf6,0.219
Brazil,South America,2020,Transport,N2O,13.875
France,Europe,2009,Manufacturing,Hfcs,1.549
France,Europe,2022,Waste,Sf6,0.1
Mexico,North America,2011,Energy,N2O,7.938
Australia,Oceania,2010,Agriculture,Hfcs,3.168
Japan,Asia,2017,Agriculture,N2O,11.856
South Korea,Asia,2018,Agriculture,N2O,12.441
Germany,Europe,2016,Industrial Processes,Hfcs,2.755
South Korea,Asia,2001,Buildings,Co2,40.242
Japan,Asia,2008,Manufacturing,Hfcs,24.672
Canada,North America,2000,Industrial Processes,Co2,6.696
Indonesia,Asia,2022,Agriculture,Hfcs,10.665
Indonesia,Asia,2014,Industrial Processes,Hfcs,2.957
China,Asia,2006,Manufacturing,N2O,123.526
France,Europe,2012,Buildings,Co2,37.964
France,Europe,2010,Manufacturing,N2O,1.818
Mexico,North America,2001,Agriculture,Sf6,0.641
Mexico,North America,2022,Energy,Co2,120.597
Canada,North America,2005,Agriculture,Ch4,37.613
Australia,Oceania,2016,Waste,Sf6,0.202
Mexico,North America,2009,Energy,Hfcs,4.192
Russia,Europe,2018,Waste,Co2,10.938
China,Asia,2017,Buildings,N2O,123.526
Russia,Europe,2007,Waste,Sf6,0.615
China,Asia,2012,Buildings,Hfcs,123.526
South Korea,Asia,2005,Manufacturing,Co2,123.526
Mexico,North America,2008,Land Use,Co2,6.09
Japan,Asia,2016,Energy,Ch4,75.562
India,Asia,2015,Industrial Processes,Ch4,5.885
China,Asia,2021,Transport,Hfcs,123.526
India,Asia,2008,Transport,Hfcs,26.218
Japan,Asia,2020,Manufacturing,Ch4,20.449
China,Asia,2009,Agriculture,N2O,123.526
Mexico,North America,2010,Transport,Ch4,6.199
Japan,Asia,2012,Industrial Processes,N2O,11.14
United Kingdom,Europe,2017,Land Use,Co2,1.26
Japan,Asia,2017,Transport,N2O,20.055
Japan,Asia,2012,Buildings,Hfcs,15.449
Germany,Europe,2005,Agriculture,N2O,20.535
Germany,Europe,2002,Manufacturing,N2O,14.531
Brazil,South America,2012,Agriculture,N2O,86.81
South Africa,Africa,2023,Land Use,Ch4,2.268
,Africa,2002,Agriculture,Ch4,7.128
Indonesia,Asia,2008,Waste,Ch4,32.136
United Kingdom,Europe,2020,Transport,N2O,6.653
Germany,Europe,2005,Industrial Processes,Ch4,0.715
United States,North America,2000,Industrial Processes,N2O,5.651
Germany,Europe,2012,Agriculture,N2O,16.787
South Korea,Asia,2003,Energy,Hfcs,6.926
United States,North America,2005,Manufacturing,Ch4,71.537
South Africa,Africa,2016,Agriculture,Hfcs,3.13
China,Asia,2013,Land Use,Ch4,123.526
Japan,Asia,2001,Energy,Co2,123.526
Germany,Europe,2013,Agriculture,N2O,15.418
Russia,Europe,2015,Manufacturing,N2O,36.539
South Korea,Asia,2011,Transport,Sf6,1.173
Canada,North America,2013,Industrial Processes,N2O,1.314
Canada,North America,2022,Waste,Ch4,17.126
United Kingdom,Europe,2006,Manufacturing,Hfcs,5.267
Indonesia,Asia,2014,Buildings,N2O,1.217
Indonesia,Asia,2017,Waste,N2O,10.224
Japan,Asia,2009,Manufacturing,Ch4,23.633
Brazil,South America,2001,Waste,Sf6,0.365
Brazil,South America,2007,Buildings,N2O,0.95
France,Europe,2023,Industrial Processes,Sf6,0.438
South Africa,Africa,2013,Energy,Sf6,5.128
Canada,North America,2001,Manufacturing,Co2,46.855
Russia,Europe,2017,Waste,Hfcs,0.536
Indonesia,Asia,2011,Land Use,Hfcs,7.776
France,Europe,2001,Waste,Hfcs,0.118
China,Asia,2017,Agriculture,Hfcs,74.705
India,Asia,2015,Agriculture,Hfcs,43.264
Japan,Asia,2005,Agriculture,Ch4,25.675
Russia,Europe,2014,Energy,Hfcs,27.941
United States,North America,2000,Buildings,N2O,73.09
Canada,North America,2020,Agriculture,Sf6,0.665
Brazil,South America,2004,Buildings,Hfcs,1.38
South Africa,Africa,2006,Buildings,N2O,2.055
Germany,Europe,2009,Buildings,N2O,9.337
China,Asia,2002,Agriculture,Ch4,123.526
Japan,Asia,2021,Agriculture,N2O,11.075
India,Asia,2008,Waste,Ch4,123.526
South Africa,Africa,2007,Buildings,N2O,2.038
Canada,North America,2021,Buildings,Ch4,12.424
Australia,Oceania,2014,Buildings,Sf6,0.383
Australia,Oceania,2016,Energy,Ch4,44.226
China,Asia,2006,Buildings,Ch4,123.526
South Africa,Africa,2001,Manufacturing,N2O,6.315
Russia,Europe,2011,Manufacturing,N2O,36.271
Japan,Asia,2017,Manufacturing,N2O,22.84
Mexico,North America,2004,Waste,Hfcs,0.243
Germany,Europe,2004,Manufacturing,Ch4,15.67
Russia,Europe,2018,Waste,Ch4,31.38
Australia,Oceania,2006,Manufacturing,Sf6,2.71
China,Asia,2011,Transport,Co2,123.526
Canada,North America,2000,Land Use,,7.128
Japan,Asia,2007,Land Use,Ch4,0.1
Brazil,South America,2005,Transport,Co2,111.569
Russia,Europe,2016,Industrial Processes,Co2,8.748
India,Asia,2006,Land Use,Sf6,1.21
Mexico,North America,2016,Manufacturing,Hfcs,8.366
Indonesia,Asia,2022,Land Use,Ch4,51.115
Russia,Europe,2012,Transport,N2O,26.012
,Europe,2006,Agriculture,N2O,7.128
India,Asia,2023,Waste,N2O,86.844
India,Asia,2015,Transport,Ch4,39.146
France,Europe,2013,Agriculture,Sf6,0.594
Indonesia,Asia,2006,Waste,Hfcs,0.459
South Korea,Asia,2005,Manufacturing,N2O,19.577
Mexico,North America,2014,Waste,Co2,5.607
United States,North America,2005,Transport,Hfcs,58.859
Germany,Europe,2007,Buildings,Sf6,1.037
Japan,Asia,2008,Waste,Sf6,0.308
China,Asia,2002,Energy,Sf6,62.933
Russia,Europe,2006,Waste,Sf6,0.585
Indonesia,Asia,2018,Agriculture,Co2,23.062
China,Asia,2022,,Co2,7.128
Canada,North America,2000,Waste,N2O,5.032
Australia,Oceania,2009,Energy,Hfcs,5.684
Brazil,South America,2019,Manufacturing,Co2,45.741
United Kingdom,Europe,2020,Industrial Processes,Ch4,0.122
Australia,Oceania,2003,Waste,Hfcs,0.188
United States,North America,2012,Waste,N2O,28.291
France,Europe,2001,Agriculture,Sf6,0.729
Japan,Asia,2021,Energy,Ch4,81.443
Brazil,South America,2019,Manufacturing,N2O,7.785
Australia,Oceania,2021,Energy,Sf6,4.615
China,Asia,2011,Agriculture,N2O,123.526
Germany,Europe,2012,Transport,Ch4,5.798
Germany,Europe,2005,Energy,Sf6,4.277
France,Europe,2016,Industrial Processes,N2O,0.333
Germany,Europe,2007,Manufacturing,N2O,13.498
Russia,Europe,2003,Industrial Processes,Sf6,2.982
Australia,Oceania,2004,Waste,N2O,3.713
Mexico,North America,2009,Land Use,N2O,5.075
South Korea,Asia,2011,Transport,Ch4,5.76
Brazil,South America,2001,Waste,Co2,7.096
Australia,Oceania,2019,Manufacturing,N2O,4.998
China,Asia,2014,Manufacturing,Sf6,123.526
Japan,Asia,2010,Industrial Processes,Ch4,0.548
Brazil,South America,2020,Agriculture,Ch4,123.526
United Kingdom,Europe,2014,Buildings,N2O,5.271
France,Europe,2002,Industrial Processes,Sf6,0.587
South Korea,Asia,2010,Waste,Sf6,0.236
France,Europe,2003,Buildings,Ch4,10.641
Japan,Asia,2019,Waste,N2O,5.61
Indonesia,Asia,2001,Agriculture,Hfcs,5.702
India,Asia,2013,Waste,N2O,54.761
Germany,Europe,2007,Industrial Processes,N2O,1.467
Brazil,South America,2014,Waste,Sf6,0.416
Australia,Oceania,2006,Buildings,Hfcs,5.162
China,Asia,2010,Agriculture,Hfcs,59.905
China,Asia,2010,Energy,N2O,123.526
Germany,Europe,2014,Waste,Hfcs,0.229
India,Asia,2004,Energy,Sf6,22.631
Russia,Europe,2004,Manufacturing,N2O,33.162
France,Europe,2007,Land Use,Co2,1.377
Canada,North America,2008,Buildings,Co2,55.557
China,Asia,2004,Energy,Sf6,65.59
Indonesia,Asia,2002,Agriculture,Ch4,79.734
United Kingdom,Europe,2010,Manufacturing,N2O,4.688
Mexico,North America,2012,Buildings,N2O,4.551
Germany,Europe,2011,Buildings,N2O,9.334
Australia,Oceania,2020,Transport,Co2,64.612
France,Europe,2020,Manufacturing,Ch4,1.411
Russia,Europe,2010,Industrial Processes,N2O,1.787
South Africa,Africa,2001,Energy,Co2,123.526
Germany,Europe,2002,Agriculture,Sf6,0.67
Canada,North America,2003,Agriculture,Ch4,43.44
United States,North America,2022,Transport,N2O,123.526
France,Europe,2022,Waste,Hfcs,0.1
United States,North America,2009,Agriculture,Sf6,4.989
Indonesia,Asia,2019,Land Use,Ch4,52.627
Mexico,North America,2008,Waste,Ch4,16.253
South Africa,Africa,2019,Energy,Ch4,53.808
United Kingdom,Europe,2017,Land Use,N2O,1.098
China,Asia,2018,Land Use,Hfcs,31.557
Russia,Europe,2004,Buildings,Sf6,1.416
Mexico,North America,2020,Industrial Processes,N2O,0.543
Canada,North America,2006,Industrial Processes,N2O,1.551
China,Asia,2017,Waste,Ch4,123.526
Russia,Europe,2015,Agriculture,Ch4,106.95
United Kingdom,Europe,2008,Industrial Processes,Co2,1.614
Germany,Europe,2018,Agriculture,Hfcs,2.085
Indonesia,Asia,2004,Land Use,Ch4,33.16
Canada,North America,2008,Agriculture,Sf6,0.719
Japan,Asia,2019,Buildings,Co2,53.028
Australia,Oceania,2003,Transport,Sf6,0.858
Canada,North America,2003,Energy,Co2,123.526
Russia,Europe,2006,Land Use,,7.128
South Africa,Africa,2012,Manufacturing,Sf6,3.774
Brazil,South America,2019,Energy,Hfcs,5.371
South Africa,Africa,2004,Agriculture,Hfcs,2.581
Russia,Europe,2022,Industrial Processes,Sf6,2.839
Germany,Europe,2004,Buildings,N2O,10.615
France,Europe,2008,Waste,Co2,2.148
United States,North America,2002,Land Use,Sf6,1.268
South Africa,Africa,2017,Industrial Processes,,7.128
United Kingdom,Europe,2011,Industrial Processes,Co2,1.477
Russia,Europe,2013,Industrial Processes,Hfcs,5.138
Australia,Oceania,2005,Buildings,Co2,21.23
Mexico,North America,2013,Transport,N2O,14.088
United Kingdom,Europe,2001,Buildings,Hfcs,9.672
India,Asia,2012,Waste,Sf6,3.37
China,Asia,2006,Transport,Ch4,93.808
Russia,Europe,2023,Manufacturing,Co2,123.526
Australia,Oceania,2009,Waste,Sf6,0.189
Russia,Europe,2018,Land Use,N2O,13.175
United Kingdom,Europe,2002,Agriculture,Co2,4.598
India,Asia,2008,Buildings,N2O,44.085
India,Asia,2008,Transport,Ch4,30.009
China,Asia,2020,Industrial Processes,Co2,123.526
Japan,Asia,2006,Buildings,Sf6,1.158
Brazil,South America,2011,Energy,N2O,9.436
China,Asia,2010,Land Use,N2O,123.526
Canada,North America,2019,Land Use,,7.128
United States,North America,2005,Agriculture,Hfcs,19.752
South Korea,Asia,2017,Buildings,Sf6,0.805
Brazil,South America,2016,Industrial Processes,N2O,0.959
South Korea,Asia,2012,Buildings,Co2,42.949
Germany,Europe,2020,Manufacturing,Ch4,10.469
Japan,Asia,2012,Transport,Sf6,2.15
Russia,Europe,2021,Industrial Processes,N2O,1.903
United Kingdom,Europe,2003,Industrial Processes,Hfcs,0.992
Australia,Oceania,2023,Waste,Co2,4.392
China,Asia,2006,Agriculture,Co2,122.37
Canada,North America,2012,Industrial Processes,Hfcs,3.623
South Africa,Africa,2019,Land Use,Hfcs,0.449
Mexico,North America,2019,Energy,Ch4,32.569
Australia,Oceania,2020,Industrial Processes,Sf6,1.36
Indonesia,Asia,2001,Buildings,Hfcs,1.188
Australia,Oceania,2004,Manufacturing,N2O,4.925
Russia,Europe,2013,Transport,N2O,29.071
India,Asia,2020,Transport,Sf6,9.044
Mexico,North America,2006,Transport,Hfcs,4.946
Australia,Oceania,2015,Manufacturing,Co2,32.563
China,Asia,2010,Land Use,Hfcs,22.172
South Korea,Asia,2002,Buildings,Ch4,9.291
France,Europe,2010,Land Use,Sf6,0.1
Mexico,North America,2018,Waste,N2O,5.346
South Africa,Africa,2017,Agriculture,Sf6,0.755
United Kingdom,Europe,2004,Land Use,Co2,1.562
South Africa,Africa,2018,Transport,N2O,6.674
France,Europe,2007,Energy,Ch4,17.672
Japan,Asia,2020,Waste,Sf6,0.246
Germany,Europe,2004,Energy,N2O,11.529
France,Europe,2011,Agriculture,N2O,19.94
Germany,Europe,2022,Land Use,Hfcs,0.205
United States,North America,2009,Agriculture,N2O,123.526
Indonesia,Asia,2000,Waste,Sf6,0.429
Canada,North America,2023,Transport,Sf6,1.695
South Korea,Asia,2002,Waste,N2O,3.862
United States,North America,2012,Energy,Hfcs,50.596
Russia,Europe,2020,Energy,Ch4,123.526
Indonesia,Asia,2010,Land Use,Hfcs,8.447
Germany,Europe,2011,Land Use,Co2,2.471
Japan,Asia,2002,Manufacturing,Sf6,13.732
Mexico,North America,2021,Transport,Hfcs,5.742
Germany,Europe,2003,Waste,Co2,6.438
Indonesia,Asia,2020,Agriculture,N2O,69.861
Mexico,North America,2011,Agriculture,Hfcs,2.921
Mexico,North America,2015,Manufacturing,Hfcs,7.589
South Korea,Asia,2021,Transport,Ch4,7.327
India,Asia,2016,Transport,Sf6,9.08
Mexico,North America,2014,Industrial Processes,Ch4,0.29
Germany,Europe,2010,Industrial Processes,N2O,1.273
Russia,Europe,2019,Waste,Ch4,35.848
South Korea,Asia,2017,Agriculture,Co2,3.956
India,Asia,2013,Transport,Ch4,36.841
Canada,North America,2002,Buildings,Ch4,13.409
Canada,North America,2014,Buildings,N2O,8.088
Brazil,South America,2019,Energy,Co2,123.526
Brazil,South America,2001,Energy,N2O,7.867
Russia,Europe,2019,Manufacturing,N2O,34.06
Mexico,North America,2020,Agriculture,Co2,7.665
Indonesia,Asia,2005,Agriculture,Hfcs,6.491
Russia,Europe,2007,Agriculture,N2O,55.55
United States,North America,2006,Buildings,Hfcs,110.107
United Kingdom,Europe,2016,Industrial Processes,Hfcs,0.734
Germany,Europe,2008,Transport,Ch4,6.523
China,Asia,2013,Buildings,Sf6,13.572
United States,North America,2006,Energy,Sf6,36.087
South Korea,Asia,2002,Energy,Sf6,4.807
Australia,Oceania,2000,Agriculture,Ch4,43.386
Mexico,North America,2019,Agriculture,Co2,8.416
India,Asia,2017,Industrial Processes,N2O,13.087
South Africa,Africa,2016,Transport,N2O,6.02
South Korea,Asia,2001,Industrial Processes,Sf6,1.883
Indonesia,Asia,2014,Manufacturing,N2O,9.583
Indonesia,Asia,2009,Energy,Hfcs,9.072
Canada,North America,2000,Industrial Processes,Hfcs,4.05
Mexico,North America,2005,Energy,Hfcs,4.33
China,Asia,2021,Industrial Processes,N2O,72.905
Indonesia,Asia,2006,Land Use,Co2,77.999
China,Asia,2004,Industrial Processes,,7.128
South Africa,Africa,2018,Manufacturing,Ch4,7.139
Russia,Europe,2012,Buildings,Hfcs,18.179
Germany,Europe,2013,Manufacturing,Sf6,6.158
South Africa,Africa,2007,Land Use,Co2,3.953
Indonesia,Asia,2017,Transport,Hfcs,5.704
Russia,Europe,2002,Industrial Processes,N2O,1.928
Germany,Europe,2001,Waste,Hfcs,0.317
India,Asia,2016,Agriculture,Ch4,123.526
United States,North America,2019,Industrial Processes,Co2,23.383
Brazil,South America,2018,Manufacturing,Ch4,7.122
Mexico,North America,2001,Land Use,N2O,4.919
South Africa,Africa,2004,Industrial Processes,Hfcs,1.246
Japan,Asia,2023,Energy,Ch4,71.828
Brazil,South America,2017,Energy,Hfcs,5.149
Japan,Asia,2004,Transport,Sf6,2.26
Canada,North America,2006,Energy,Sf6,4.93
Canada,North America,2002,Agriculture,Sf6,0.687
Brazil,South America,2017,Industrial Processes,Sf6,1.454
Germany,Europe,2021,Land Use,Ch4,1.081
Germany,Europe,2008,Energy,Hfcs,6.008
Canada,North America,2014,Agriculture,Hfcs,2.793
South Korea,Asia,2009,Manufacturing,N2O,18.73
France,Europe,2008,Waste,Hfcs,0.109
India,Asia,2019,Energy,N2O,86.888
Mexico,North America,2011,Buildings,Co2,27.912
India,Asia,2014,Waste,Hfcs,3.588
Canada,North America,2022,Buildings,Sf6,0.808
United States,North America,2013,Land Use,Co2,44.23
Germany,Europe,2011,Land Use,Sf6,0.1
Indonesia,Asia,2010,Land Use,Co2,88.393
France,Europe,2015,Transport,N2O,9.148
Japan,Asia,2013,Industrial Processes,Ch4,0.486
Brazil,South America,2021,Industrial Processes,Sf6,1.646
Brazil,South America,2005,Agriculture,N2O,88.407
United States,North America,2007,Energy,Sf6,37.286
South Korea,Asia,2004,Agriculture,Hfcs,1.335
South Korea,Asia,2023,Energy,Sf6,6.358
Mexico,North America,2008,Waste,Co2,4.945
Germany,Europe,2007,Energy,Ch4,41.84
Indonesia,Asia,2022,Agriculture,Ch4,123.526
Japan,Asia,2004,Industrial Processes,Co2,5.473
Mexico,North America,2015,Agriculture,Co2,7.418
United Kingdom,Europe,2010,Industrial Processes,Hfcs,0.882
United States,North America,2022,Industrial Processes,Ch4,2.44
Australia,Oceania,2001,Agriculture,Sf6,0.804
Japan,Asia,2011,Buildings,N2O,10.605
China,Asia,2006,Agriculture,Sf6,11.984
,Oceania,2018,Waste,N2O,7.128
Germany,Europe,2016,Land Use,Ch4,1.153
Mexico,North America,2003,Agriculture,Co2,6.669
Japan,Asia,2008,Industrial Processes,Sf6,1.563
Indonesia,Asia,2011,Industrial Processes,Sf6,1.528
Indonesia,Asia,2009,Buildings,Sf6,0.1
China,Asia,2018,Industrial Processes,Sf6,95.371
Japan,Asia,2017,Energy,Ch4,82.926
China,Asia,2016,Agriculture,Sf6,123.526
Japan,Asia,2012,Manufacturing,N2O,23.227
France,Europe,2001,Transport,Sf6,1.31
Brazil,South America,2001,Agriculture,N2O,85.839
,Asia,2012,Transport,Hfcs,7.128
Russia,Europe,2000,Agriculture,N2O,62.603
Russia,Europe,2013,Energy,Ch4,123.526
Japan,Asia,2020,Industrial Processes,Ch4,0.444
United States,North America,2011,Buildings,Co2,123.526
Russia,Europe,2004,Energy,Sf6,18.462
India,Asia,2022,Land Use,Co2,89.25
Mexico,North America,2016,Land Use,Ch4,3.131
China,Asia,2008,Transport,Hfcs,81.058
South Africa,Africa,2013,Industrial Processes,Ch4,0.273
China,Asia,2006,Agriculture,Hfcs,49.13
Mexico,North America,2015,Industrial Processes,Co2,2.517
Brazil,South America,2009,Industrial Processes,Sf6,1.437
Japan,Asia,2013,Energy,Hfcs,13.291
South Korea,Asia,2021,Buildings,Hfcs,13.267
Australia,Oceania,2021,Transport,Sf6,0.955
Germany,Europe,2013,Manufacturing,N2O,12.972
Brazil,South America,2006,Buildings,N2O,0.998
Japan,Asia,2007,Agriculture,N2O,13.941
Australia,Oceania,2008,Manufacturing,Sf6,2.472
Japan,Asia,2014,Manufacturing,N2O,21.731
Russia,Europe,2003,Manufacturing,Sf6,18.648
Russia,Europe,2003,Waste,Sf6,0.607
South Korea,Asia,2005,Waste,Hfcs,0.207
India,Asia,2017,Industrial Processes,Ch4,6.75
Mexico,North America,2007,Manufacturing,Ch4,6.834
Australia,Oceania,2015,Energy,Sf6,4.117
United States,North America,2004,Agriculture,Ch4,123.526
Russia,Europe,2003,Manufacturing,Hfcs,33.213
Russia,Europe,2001,Waste,Co2,11.203
Russia,Europe,2019,Manufacturing,Sf6,18.118
United Kingdom,Europe,2016,Industrial Processes,Co2,1.346
Indonesia,Asia,2009,Transport,Co2,84.548
South Africa,Africa,2014,Waste,Hfcs,0.239
South Korea,Asia,2019,Transport,Sf6,1.443
India,Asia,2018,Buildings,Hfcs,84.246
South Africa,Africa,2005,Waste,Sf6,0.26
Japan,Asia,2014,Manufacturing,Hfcs,23.4
South Korea,Asia,2008,Waste,N2O,3.782
United States,North America,2010,Energy,N2O,88.529
Canada,North America,2011,Buildings,Co2,50.238
South Korea,Asia,2009,Agriculture,Ch4,18.215
Japan,Asia,2018,Agriculture,Hfcs,1.618
Russia,Europe,2015,Energy,Ch4,123.526
South Africa,Africa,2014,Agriculture,Hfcs,3.008
Brazil,South America,2012,Manufacturing,Co2,45.418
France,Europe,2002,Energy,Hfcs,3.124
France,Europe,2004,Land Use,N2O,1.38
Mexico,North America,2003,Waste,Ch4,14.501
Japan,Asia,2007,Land Use,N2O,0.1
Brazil,South America,2004,Buildings,Co2,5.496
France,Europe,2008,Industrial Processes,N2O,0.363
Australia,Oceania,2010,Agriculture,N2O,22.685
United Kingdom,Europe,2005,Industrial Processes,Sf6,0.624
Russia,Europe,2000,Energy,Co2,123.526
Brazil,South America,2001,Industrial Processes,Sf6,1.389
Russia,Europe,2012,Buildings,Ch4,20.037
South Africa,Africa,2002,Land Use,Ch4,1.951
United States,North America,2008,Buildings,N2O,66.815
South Africa,Africa,2008,Buildings,Co2,12.939
Japan,Asia,2003,Industrial Processes,N2O,1.182
Japan,Asia,2000,Industrial Processes,Ch4,0.497
France,Europe,2010,Agriculture,Hfcs,2.59
South Korea,Asia,2019,Agriculture,Co2,4.432
Australia,Oceania,2015,Waste,Co2,3.821
Japan,Asia,2023,Energy,Co2,123.526
Australia,Oceania,2002,Energy,Sf6,4.251
France,Europe,2004,Buildings,N2O,6.725
China,Asia,2023,Buildings,N2O,123.526
Indonesia,Asia,2008,Manufacturing,Ch4,7.838
Russia,Europe,2008,Industrial Processes,Co2,8.413
France,Europe,2010,Land Use,Ch4,0.713
France,Europe,2004,Land Use,Ch4,0.794
China,Asia,2004,Manufacturing,Ch4,123.526
China,Asia,2010,Industrial Processes,Co2,123.526
Canada,North America,2017,Agriculture,Co2,6.804
Canada,North America,2008,Transport,Sf6,1.798
China,Asia,2007,Waste,Hfcs,6.89
United States,North America,2015,Transport,Co2,123.526
Germany,Europe,2003,Energy,Sf6,4.164
Canada,North America,2000,Transport,N2O,17.519
India,Asia,2005,Manufacturing,Co2,123.526
Indonesia,Asia,2016,Industrial Processes,N2O,1.123
Mexico,North America,2007,Agriculture,Co2,7.456
Australia,Oceania,2007,Land Use,Ch4,3.2
South Korea,Asia,2017,Land Use,Ch4,1.564
Japan,Asia,2004,Manufacturing,N2O,23.972
South Korea,Asia,2018,Agriculture,Co2,4.214
Indonesia,Asia,2020,Transport,Co2,122.468
China,Asia,2014,Industrial Processes,Co2,123.526
Canada,North America,2016,Land Use,Hfcs,0.557
South Korea,Asia,2002,Agriculture,Hfcs,1.302
Canada,North America,2008,Land Use,N2O,5.143
Canada,North America,2002,Land Use,Co2,6.35
Germany,Europe,2019,Waste,Co2,4.487
Mexico,North America,2009,Industrial Processes,Ch4,0.252
Japan,Asia,2013,Agriculture,N2O,11.495
United Kingdom,Europe,2004,Industrial Processes,Hfcs,1.003
Japan,Asia,2013,Land Use,Ch4,0.1
Indonesia,Asia,2023,Energy,Hfcs,14.187
India,Asia,2017,Buildings,Hfcs,84.336
Australia,Oceania,2017,Manufacturing,Ch4,5.283
Germany,Europe,2018,Agriculture,N2O,14.388
France,Europe,2011,Agriculture,Co2,6.203
Mexico,North America,2020,Land Use,Sf6,0.163
China,Asia,2005,Land Use,Ch4,97.373
China,Asia,2004,Manufacturing,Sf6,123.526
Australia,Oceania,2006,Transport,Sf6,0.853
China,Asia,2018,Manufacturing,N2O,123.526
South Africa,Africa,2011,Land Use,Sf6,0.101
France,Europe,2001,Land Use,,7.128
Germany,Europe,2000,Waste,Co2,6.251
Brazil,South America,2002,Waste,Co2,7.249
France,Europe,2000,Transport,N2O,12.467
Brazil,South America,2007,Manufacturing,N2O,6.651
Australia,Oceania,2015,Buildings,Co2,21.479
South Korea,Asia,2020,Land Use,Co2,3.093
China,Asia,2002,Waste,Sf6,5.042
Japan,Asia,2022,Waste,Co2,5.314
Mexico,North America,2010,Industrial Processes,Sf6,0.796
United States,North America,2009,Energy,Ch4,123.526
Brazil,South America,2004,Manufacturing,Co2,43.85
India,Asia,2001,Industrial Processes,Co2,33.421
Brazil,South America,2018,Manufacturing,Co2,44.472
China,Asia,2018,Industrial Processes,Co2,123.526
South Korea,Asia,2002,Agriculture,N2O,9.641
South Africa,Africa,2005,Transport,N2O,6.04
South Korea,Asia,2009,Buildings,Sf6,0.751
China,Asia,2020,Energy,Co2,123.526
France,Europe,2010,Land Use,Co2,1.437
India,Asia,2004,Transport,Ch4,26.34
Japan,Asia,2017,Buildings,Ch4,13.607
Brazil,South America,2011,Energy,Co2,123.526
United Kingdom,Europe,2012,Manufacturing,Sf6,2.201
China,Asia,2001,Waste,Sf6,5.605
Japan,Asia,2014,Transport,N2O,19.849
Australia,Oceania,2017,Buildings,Hfcs,5.282
South Africa,Africa,2020,Manufacturing,Co2,47.871
United Kingdom,Europe,2009,Transport,N2O,8.21
Japan,Asia,2022,Energy,N2O,19.623
South Korea,Asia,2023,Agriculture,Hfcs,1.715
United Kingdom,Europe,2006,Energy,Sf6,2.032
Japan,Asia,2009,Agriculture,Co2,3.999
United States,North America,2018,Energy,Co2,123.526
China,Asia,2009,Manufacturing,N2O,123.526
United States,North America,2012,Waste,Sf6,1.668
Brazil,South America,2005,Energy,Ch4,36.129
India,Asia,2017,Energy,Hfcs,51.224
Germany,Europe,2008,Buildings,Ch4,14.687
Australia,Oceania,2003,Energy,Sf6,3.808
South Korea,Asia,2022,Transport,Hfcs,5.724
France,Europe,2018,Energy,Hfcs,2.009
South Africa,Africa,2008,Energy,Hfcs,7.743
Germany,Europe,2016,Waste,Co2,5.074
France,Europe,2015,Industrial Processes,Hfcs,0.798
Canada,North America,2008,Transport,Hfcs,6.865
Germany,Europe,2009,Land Use,Co2,2.589
Australia,Oceania,2002,Industrial Processes,N2O,0.976
Mexico,North America,2017,Waste,N2O,5.472
Russia,Europe,2005,Agriculture,Ch4,116.293
India,Asia,2020,Transport,Ch4,42.187
China,Asia,2011,Industrial Processes,N2O,46.582
United States,North America,2009,Transport,Sf6,14.422
India,Asia,2009,Energy,Hfcs,34.927
Russia,Europe,2021,Agriculture,N2O,58.085
South Africa,Africa,2014,Land Use,Hfcs,0.395
Australia,Oceania,2018,Buildings,Hfcs,4.979
Brazil,South America,2002,Land Use,Hfcs,9.627
Japan,Asia,2018,Industrial Processes,N2O,1.002
China,Asia,2018,Land Use,Ch4,123.526
South Africa,Africa,2006,Agriculture,Ch4,35.279
India,Asia,2009,Buildings,Co2,123.526
Indonesia,Asia,2017,Industrial Processes,Sf6,1.97
China,Asia,2021,Land Use,Hfcs,37.365
Brazil,South America,2021,Buildings,Co2,6.228
South Korea,Asia,2013,Energy,Co2,123.526
Japan,Asia,2008,Transport,N2O,20.918
United Kingdom,Europe,2002,Transport,Hfcs,4.366
Germany,Europe,2018,Energy,Sf6,3.193
United States,North America,2014,Waste,Co2,31.193
China,Asia,2018,Manufacturing,Sf6,123.526
Indonesia,Asia,2023,Agriculture,Hfcs,10.679
India,Asia,2019,Energy,Hfcs,55.428
France,Europe,2014,Buildings,Ch4,9.366
France,Europe,2004,Agriculture,Co2,6.877
Japan,Asia,2008,Energy,Ch4,93.084
Canada,North America,2006,Buildings,Sf6,0.921
Canada,North America,2001,Industrial Processes,Co2,6.486
Indonesia,Asia,2012,Energy,Co2,123.526
Russia,Europe,2015,Industrial Processes,Hfcs,4.452
France,Europe,2017,Waste,Co2,1.967
India,Asia,2010,Land Use,Sf6,1.534
Indonesia,Asia,2018,Industrial Processes,Hfcs,3.205
South Korea,Asia,2012,Energy,Hfcs,8.135
China,Asia,2019,Agriculture,Hfcs,82.889
Canada,North America,2019,Industrial Processes,N2O,1.307
Mexico,North America,2008,Buildings,Hfcs,6.666
Japan,Asia,2010,Energy,Co2,123.526
South Africa,Africa,2008,Manufacturing,Ch4,6.888
China,Asia,2016,Energy,Ch4,123.526
Mexico,North America,2022,Agriculture,Sf6,0.831
Australia,Oceania,2008,Manufacturing,N2O,5.26
South Korea,Asia,2019,Land Use,Hfcs,0.327
Russia,Europe,2008,Energy,Hfcs,27.872
Canada,North America,2014,Transport,Hfcs,7.493
Germany,Europe,2011,Waste,Sf6,0.268
Japan,Asia,2010,Energy,Sf6,9.157
Brazil,South America,2012,Transport,Sf6,1.295
China,Asia,2021,Waste,Co2,123.526
Japan,Asia,2017,Industrial Processes,Ch4,0.513
Indonesia,Asia,2006,Industrial Processes,Sf6,1.368
South Africa,Africa,2011,Industrial Processes,N2O,0.526
Australia,Oceania,2016,Manufacturing,Ch4,5.473
Canada,North America,2005,Energy,Hfcs,7.761
South Africa,Africa,2023,Buildings,N2O,2.084
United Kingdom,Europe,2011,Manufacturing,Ch4,4.729
Mexico,North America,2005,Agriculture,Co2,7.166
United Kingdom,Europe,2004,Manufacturing,Hfcs,5.601
United States,North America,2000,Energy,N2O,92.089
France,Europe,2000,Industrial Processes,Sf6,0.627
France,Europe,2005,Agriculture,N2O,20.491
United Kingdom,Europe,2004,Land Use,N2O,1.313
South Africa,Africa,2012,Transport,Hfcs,2.576
Indonesia,Asia,2005,Manufacturing,N2O,7.408
Russia,Europe,2010,Waste,Sf6,0.579
India,Asia,2006,Transport,Ch4,30.763
China,Asia,2009,Energy,Hfcs,121.291
France,Europe,2013,Land Use,Sf6,0.1
Russia,Europe,2021,Energy,Hfcs,25.037
India,Asia,2022,Waste,Co2,94.509
Japan,Asia,2008,Agriculture,Hfcs,1.608
Russia,Europe,2017,Industrial Processes,N2O,1.916
Germany,Europe,2022,Transport,Ch4,5.47
China,Asia,2013,Waste,Ch4,123.526
Russia,Europe,2001,Buildings,Co2,80.603
China,Asia,2011,Land Use,Ch4,123.526
United States,North America,2017,Energy,Ch4,123.526
Indonesia,Asia,2005,Manufacturing,Sf6,3.5
Russia,Europe,2011,Manufacturing,Hfcs,35.371
South Korea,Asia,2014,Agriculture,Ch4,23.703
United States,North America,2005,Agriculture,N2O,123.526
Canada,North America,2006,Buildings,Hfcs,12.882
,Oceania,2020,Manufacturing,N2O,7.128
Japan,Asia,2011,Land Use,Hfcs,0.1
Brazil,South America,2022,Land Use,N2O,90.03
Brazil,South America,2008,Transport,Co2,106.709
United Kingdom,Europe,2017,Energy,Sf6,1.536
Canada,North America,2021,Transport,Co2,123.526
Mexico,North America,2000,Manufacturing,N2O,6.765
Indonesia,Asia,2019,Industrial Processes,Hfcs,2.946
Russia,Europe,2012,Energy,Sf6,18.582
South Korea,Asia,2000,Waste,Sf6,0.206
South Korea,Asia,2006,Agriculture,Co2,3.737
Canada,North America,2000,Energy,,7.128
Indonesia,Asia,2023,Energy,N2O,26.338
United States,North America,2011,Agriculture,Co2,46.073
Mexico,North America,2005,Manufacturing,Ch4,7.431
Australia,Oceania,2016,Transport,N2O,9.769
Brazil,South America,2022,Waste,Ch4,25.047
South Korea,Asia,2004,Land Use,Sf6,0.1
France,Europe,2006,Energy,Hfcs,2.904
India,Asia,2019,Agriculture,Sf6,14.456
China,Asia,2020,Manufacturing,Co2,123.526
Brazil,South America,2018,Buildings,Co2,5.935
Canada,North America,2001,Energy,N2O,12.357
United Kingdom,Europe,2021,Energy,Sf6,1.483
Canada,North America,2015,Energy,N2O,12.14
India,Asia,2005,Agriculture,Ch4,123.526
United States,North America,2020,Industrial Processes,N2O,4.251
United Kingdom,Europe,2017,Land Use,Ch4,0.565
Germany,Europe,2018,Manufacturing,Co2,70.126
Japan,Asia,2009,Land Use,Co2,0.1
Russia,Europe,2006,Energy,N2O,41.103
Canada,North America,2020,Buildings,Co2,43.19
Brazil,South America,2002,Agriculture,Hfcs,11.612
Japan,Asia,2014,Transport,Co2,123.526
Mexico,North America,2010,Land Use,Sf6,0.168
Germany,Europe,2010,Industrial Processes,Co2,5.96
South Africa,Africa,2000,Waste,N2O,4.557
Russia,Europe,2005,Transport,Sf6,2.649
Indonesia,Asia,2023,Transport,Co2,123.526
Indonesia,Asia,2020,Transport,Sf6,1.391
India,Asia,2016,Land Use,Co2,76.586
Australia,Oceania,2016,Industrial Processes,N2O,1.011
Japan,Asia,2011,Agriculture,Hfcs,1.569
China,Asia,2005,Industrial Processes,N2O,33.722
United States,North America,2014,Agriculture,N2O,123.526
South Africa,Africa,2006,Waste,Hfcs,0.266
Australia,Oceania,2000,Industrial Processes,Co2,4.374
Russia,Europe,2013,Agriculture,Co2,18.961
India,Asia,2022,Land Use,Ch4,45.925
Mexico,North America,2019,Manufacturing,Co2,50.792
United States,North America,2014,Manufacturing,Co2,123.526
Mexico,North America,2021,Buildings,Sf6,0.559
Germany,Europe,2000,Industrial Processes,Sf6,2.297
Canada,North America,2017,Industrial Processes,Co2,65.92
Japan,Asia,2012,Buildings,N2O,10.817
South Korea,Asia,2014,Manufacturing,Co2,123.526
France,Europe,2013,Agriculture,Ch4,34.382
South Korea,Asia,2021,Transport,Hfcs,6.085
United States,North America,2008,Manufacturing,Sf6,34.316
Canada,North America,2000,Manufacturing,Sf6,4.013
Brazil,South America,2012,Land Use,Hfcs,9.981
Japan,Asia,2017,Manufacturing,Sf6,10.977
France,Europe,2005,Land Use,Sf6,0.1
Indonesia,Asia,2010,Waste,Co2,10.775
United Kingdom,Europe,2018,Waste,Co2,1.694
Canada,North America,2005,Agriculture,Sf6,0.784
South Korea,Asia,2001,Transport,Ch4,4.937
United Kingdom,Europe,2019,Buildings,Sf6,0.503
South Africa,Africa,2021,Agriculture,N2O,22.228
United States,North America,2013,Energy,Co2,123.526
India,Asia,2021,Land Use,Hfcs,8.65
United States,North America,2016,Energy,Ch4,123.526
South Africa,Africa,2019,Waste,Hfcs,0.243
Japan,Asia,2007,Agriculture,Ch4,22.525
Canada,North America,2008,Waste,N2O,5.186
Canada,North America,2002,Energy,Sf6,5.142
India,Asia,2010,Transport,Sf6,6.416
Mexico,North America,2001,Buildings,N2O,4.674
Australia,Oceania,2011,Transport,Hfcs,3.519
Australia,Oceania,2008,Transport,Sf6,0.851
Indonesia,Asia,2021,Energy,Hfcs,13.617
Russia,Europe,2019,Buildings,Ch4,19.839
South Korea,Asia,2012,Buildings,Hfcs,11.743
France,Europe,2009,Energy,Sf6,1.674
China,Asia,2013,Industrial Processes,Co2,123.526
Japan,Asia,2000,Waste,Co2,6.808
United States,North America,2005,Energy,Hfcs,56.911
Japan,Asia,2022,Energy,Co2,123.526
Australia,Oceania,2016,Manufacturing,N2O,5.411
Germany,Europe,2021,Industrial Processes,Co2,4.759
China,Asia,2009,Industrial Processes,N2O,39.681
France,Europe,2018,Agriculture,Ch4,29.111
India,Asia,2014,Waste,Ch4,123.526
Mexico,North America,2008,Energy,Co2,110.178
Russia,Europe,2023,Industrial Processes,Ch4,0.998
Australia,Oceania,2023,Transport,Co2,73.459
Australia,Oceania,2006,Industrial Processes,Hfcs,2.507
Russia,Europe,2003,Agriculture,Co2,19.975
United Kingdom,Europe,2007,Industrial Processes,Sf6,0.559
China,Asia,2018,Energy,Hfcs,123.526
China,Asia,2007,Buildings,Co2,123.526
Indonesia,Asia,2017,Agriculture,Hfcs,9.442
Australia,Oceania,2000,Transport,Co2,71.414
Canada,North America,2015,Transport,Hfcs,6.93
Germany,Europe,2011,Agriculture,Sf6,0.567
France,Europe,2002,Waste,Co2,2.29
Germany,Europe,2008,Waste,Co2,5.56
Mexico,North America,2014,Industrial Processes,N2O,0.565
Canada,North America,2005,Land Use,Sf6,0.154
South Korea,Asia,2010,Land Use,Sf6,0.1
South Africa,Africa,2021,Buildings,Ch4,3.406
Russia,Europe,2006,Buildings,N2O,13.936
,Europe,2001,Energy,N2O,7.128
Mexico,North America,2014,Waste,Sf6,0.284
France,Europe,2008,Waste,Ch4,6.51
Russia,Europe,2008,Transport,Co2,123.526
Japan,Asia,2003,Industrial Processes,Co2,5.415
Germany,Europe,2018,Buildings,N2O,8.137
Mexico,North America,2017,Waste,Co2,6.002
Canada,North America,2016,Transport,N2O,17.524
South Africa,Africa,2019,Manufacturing,Co2,45.095
Australia,Oceania,2005,Buildings,Sf6,0.326
South Africa,Africa,2020,Energy,Sf6,4.931
France,Europe,2021,Manufacturing,Sf6,0.749
Canada,North America,2017,Land Use,Hfcs,0.525
Indonesia,Asia,2009,Industrial Processes,N2O,1.014
United States,North America,2004,Land Use,N2O,41.62
South Africa,Africa,2013,Waste,N2O,4.45
Canada,North America,2006,Transport,Co2,123.526
United States,North America,2006,Agriculture,N2O,123.526
Germany,Europe,2016,Buildings,Hfcs,10.453
Canada,North America,2008,Manufacturing,Co2,45.958
South Korea,Asia,2000,Transport,Sf6,1.096
South Africa,Africa,2021,Buildings,Sf6,0.221
South Africa,Africa,2016,Land Use,Sf6,0.1
Brazil,South America,2003,Agriculture,Sf6,2.749
France,Europe,2000,Buildings,Ch4,12.231
,Europe,2015,Manufacturing,Sf6,7.128
Japan,Asia,2015,Waste,N2O,5.183
Australia,Oceania,2012,Industrial Processes,Sf6,1.512
France,Europe,2001,Agriculture,N2O,20.989
China,Asia,2016,Waste,Co2,123.526
Mexico,North America,2015,Industrial Processes,N2O,0.561
Canada,North America,2012,Manufacturing,Ch4,7.136
Brazil,South America,2005,,Sf6,7.128
China,Asia,2016,Energy,N2O,123.526
South Africa,Africa,2000,Agriculture,Co2,6.951
Russia,Europe,2022,Transport,N2O,25.932
Germany,Europe,2010,Land Use,N2O,2.16
Indonesia,Asia,2022,Energy,Co2,123.526
Brazil,South America,2009,Energy,Hfcs,5.3
South Korea,Asia,2007,Agriculture,Sf6,0.362
China,Asia,2019,Waste,Ch4,123.526
India,Asia,2023,Manufacturing,N2O,123.526
Brazil,South America,2008,Land Use,N2O,89.618
United Kingdom,Europe,2017,Manufacturing,Hfcs,3.799
Russia,Europe,2008,Energy,N2O,41.779
Australia,Oceania,2012,Land Use,N2O,5.063
Australia,Oceania,2000,Agriculture,Hfcs,3.243
United Kingdom,Europe,2010,Transport,Hfcs,3.786
Canada,North America,2022,Energy,Co2,123.526
Germany,Europe,2008,Waste,N2O,4.962
,North America,2009,Agriculture,Sf6,7.128
Indonesia,Asia,2013,Buildings,Ch4,1.732
Japan,Asia,2000,Buildings,Sf6,1.209
South Africa,Africa,2001,Land Use,Co2,3.856
Brazil,South America,2007,Waste,N2O,6.67
Russia,Europe,2000,Waste,Co2,11.145
Germany,Europe,2019,Waste,Ch4,12.727
France,Europe,2007,Waste,Ch4,6.166
United States,North America,2000,Industrial Processes,Ch4,3.2
France,Europe,2017,Industrial Processes,N2O,0.314
South Africa,Africa,2019,Agriculture,Hfcs,3.132
Canada,North America,2013,Transport,Ch4,9.02
United Kingdom,Europe,2019,Waste,Co2,1.587
Brazil,South America,2016,Transport,Hfcs,5.736
Brazil,South America,2012,Agriculture,Co2,29.537
Australia,Oceania,2005,Transport,N2O,9.319
South Africa,Africa,2010,,N2O,7.128
Japan,Asia,2018,Energy,Hfcs,11.51
United Kingdom,Europe,2009,Land Use,Hfcs,0.142
Canada,North America,2019,Waste,Co2,5.845
Brazil,South America,2012,Industrial Processes,Co2,4.565
Australia,Oceania,2023,Agriculture,Sf6,0.822
China,Asia,2003,Industrial Processes,Ch4,17.338
Australia,Oceania,2023,Agriculture,Hfcs,3.11
Russia,Europe,2005,Transport,Co2,123.526
United Kingdom,Europe,2012,Industrial Processes,Ch4,0.155
United States,North America,2014,Land Use,N2O,38.351
Indonesia,Asia,2010,Transport,Sf6,1.178
South Korea,Asia,2020,Industrial Processes,N2O,1.739
Australia,Oceania,2019,Waste,Co2,4.339
Russia,Europe,2022,Industrial Processes,Co2,8.638
China,Asia,2012,Manufacturing,Co2,123.526
South Korea,Asia,2021,,N2O,7.128
India,Asia,2010,Energy,Ch4,123.526
China,Asia,2022,Land Use,N2O,123.526
South Korea,Asia,2006,Manufacturing,Ch4,19.932
China,Asia,2003,Land Use,Ch4,86.239
Australia,Oceania,2005,Manufacturing,Co2,30.853
Indonesia,Asia,2016,Waste,Sf6,0.588
United Kingdom,Europe,2015,Buildings,Hfcs,7.045
United Kingdom,Europe,2008,Manufacturing,Ch4,5.123
United States,North America,2019,Manufacturing,Hfcs,58.226
Russia,Europe,2003,Energy,Ch4,123.526
Mexico,North America,2010,Waste,Ch4,16.096
Australia,Oceania,2016,Agriculture,N2O,24.932
Indonesia,Asia,2007,Energy,Hfcs,10.773
Canada,North America,2006,Energy,Ch4,50.127
Mexico,North America,2015,Waste,N2O,5.344
Mexico,North America,2007,Transport,Ch4,6.302
Russia,Europe,2000,Energy,Hfcs,25.147
Russia,Europe,2021,Energy,Co2,123.526
Canada,North America,2010,Transport,N2O,17.2
Mexico,North America,2008,Manufacturing,Hfcs,7.192
Indonesia,Asia,2022,Transport,Hfcs,7.109
South Korea,Asia,2012,Manufacturing,Ch4,20.841
Japan,Asia,2016,Land Use,Ch4,0.1
Russia,Europe,2008,Energy,Ch4,123.526
Australia,Oceania,2019,Energy,N2O,10.486
India,Asia,2008,Industrial Processes,Ch4,4.788
Japan,Asia,2000,Buildings,Hfcs,16.513
Canada,North America,2002,Energy,Co2,123.526
Germany,Europe,2021,Buildings,Sf6,0.752
Mexico,North America,2004,Transport,Co2,94.537
Germany,Europe,2015,Buildings,Ch4,12.447
Canada,North America,2021,Land Use,Ch4,2.961
China,Asia,2008,Buildings,Hfcs,123.526
South Korea,Asia,2021,Buildings,Ch4,14.248
Germany,Europe,2007,Manufacturing,Ch4,14.398
United Kingdom,Europe,2021,Land Use,Ch4,0.581
Russia,Europe,2007,Waste,Hfcs,0.618
Germany,Europe,2017,Energy,N2O,9.044
India,Asia,2007,Buildings,Hfcs,53.79
Germany,Europe,2008,Industrial Processes,Ch4,0.629
India,Asia,2016,Buildings,Sf6,5.537
Australia,Oceania,2003,Land Use,Ch4,2.804
Canada,North America,2003,Manufacturing,Hfcs,7.872
France,Europe,2021,Energy,Ch4,14.209
Japan,Asia,2007,Energy,Ch4,82.661
Indonesia,Asia,2006,Manufacturing,N2O,7.476
Mexico,North America,2011,Industrial Processes,Co2,2.49
Australia,Oceania,2018,Manufacturing,Ch4,5.345
Australia,Oceania,2000,Agriculture,Co2,7.612
France,Europe,2004,Agriculture,Ch4,40.846
Canada,North America,2017,Industrial Processes,Hfcs,3.322
Mexico,North America,2020,Buildings,Co2,29.492
Canada,North America,2016,Transport,Ch4,8.643
Indonesia,Asia,2008,Transport,Ch4,6.225
Canada,North America,2018,Manufacturing,Sf6,3.293
Germany,Europe,2022,Agriculture,Sf6,0.457
Australia,Oceania,2011,Land Use,Hfcs,0.606
United States,North America,2012,Waste,Co2,29.603
Germany,Europe,2018,Land Use,Hfcs,0.216
India,Asia,2007,Land Use,Sf6,1.372
Russia,Europe,2017,Transport,Co2,123.526
Germany,Europe,2001,Buildings,Hfcs,14.755
Brazil,South America,2002,,Co2,7.128
China,Asia,2007,Energy,Hfcs,110.74
South Africa,Africa,2001,Energy,Sf6,4.839
Indonesia,Asia,2004,Industrial Processes,Co2,3.912
Indonesia,Asia,2023,Land Use,Ch4,58.096
Brazil,South America,2010,Manufacturing,Co2,44.538
United Kingdom,Europe,2009,Buildings,Hfcs,8.542
Australia,Oceania,2017,Waste,Co2,4.468
Germany,Europe,2007,Land Use,Ch4,1.278
South Korea,Asia,2017,Buildings,Co2,50.353
Brazil,South America,2004,Manufacturing,Hfcs,6.232
South Africa,Africa,2015,Buildings,Hfcs,2.885
Indonesia,Asia,2004,Energy,Ch4,59.21
South Africa,Africa,2004,Industrial Processes,Co2,2.326
South Korea,Asia,2002,Land Use,Sf6,0.1
India,Asia,2005,Energy,Ch4,123.526
Mexico,North America,2004,Transport,N2O,11.42
South Korea,Asia,2011,Industrial Processes,Sf6,2.401
South Korea,Asia,2015,Agriculture,N2O,11.353
,Africa,2001,Waste,N2O,7.128
Japan,Asia,2005,Agriculture,N2O,13.633
Brazil,South America,2002,Manufacturing,Sf6,3.245
France,Europe,2015,Land Use,Hfcs,0.13
South Korea,Asia,2020,Waste,N2O,4.464
Russia,Europe,2007,Energy,Ch4,123.526
India,Asia,2017,Land Use,Co2,76.977
France,Europe,2023,Waste,N2O,1.412
Indonesia,Asia,2021,Buildings,N2O,1.398
Indonesia,Asia,2008,Agriculture,N2O,55.842
Mexico,North America,2014,Buildings,Ch4,7.196
United States,North America,2006,Energy,Hfcs,52.699
Mexico,North America,2019,Buildings,Ch4,7.61
South Africa,Africa,2012,Agriculture,Sf6,0.727
Canada,North America,2011,Transport,Hfcs,6.828
China,Asia,2015,Manufacturing,Ch4,123.526
India,Asia,2000,Transport,Ch4,24.846
Russia,Europe,2005,Land Use,Sf6,0.375
India,Asia,2018,Energy,Ch4,123.526
,North America,2011,Industrial Processes,Hfcs,7.128
Mexico,North America,2014,Agriculture,N2O,25.023
Canada,North America,2019,Energy,Ch4,44.968
India,Asia,2016,Energy,N2O,78.851
Indonesia,Asia,2003,Agriculture,N2O,43.35
Russia,Europe,2021,Agriculture,Sf6,1.874
India,Asia,2020,Transport,Hfcs,34.799
Brazil,South America,2013,Land Use,N2O,89.731
Japan,Asia,2023,Transport,Hfcs,6.885
South Korea,Asia,2013,Industrial Processes,N2O,1.652
Indonesia,Asia,2000,Transport,N2O,10.12
South Korea,Asia,2018,Buildings,Co2,123.526
Mexico,North America,2013,Transport,Co2,108.061
India,Asia,2005,,Ch4,7.128
Australia,Oceania,2000,Energy,Ch4,39.52
Indonesia,Asia,2011,Manufacturing,N2O,8.958
United States,North America,2009,Industrial Processes,N2O,5.088
Australia,Oceania,2019,Land Use,N2O,5.629
South Korea,Asia,2002,Industrial Processes,Hfcs,3.206
China,Asia,2020,Transport,Co2,123.526
Germany,Europe,2021,Agriculture,Sf6,0.485
South Korea,Asia,2011,Manufacturing,Hfcs,21.572
Mexico,North America,2013,Energy,Hfcs,4.813
South Africa,Africa,2005,Waste,Hfcs,0.262
United States,North America,2015,Land Use,Co2,42.554
South Korea,Asia,2015,Manufacturing,Sf6,11.975
Russia,Europe,2006,Buildings,Co2,80.798
,Europe,2011,Energy,Co2,7.128
Japan,Asia,2013,Manufacturing,Hfcs,24.044
France,Europe,2009,Land Use,Ch4,0.686
China,Asia,2014,Transport,Ch4,123.526
United Kingdom,Europe,2006,Energy,Hfcs,3.357
,Asia,2013,Waste,N2O,7.128
Canada,North America,2009,Industrial Processes,Hfcs,3.473
Mexico,North America,2020,Manufacturing,Hfcs,7.442
South Africa,Africa,2000,Manufacturing,Sf6,3.242
China,Asia,2000,Waste,Ch4,123.526
United States,North America,2002,Waste,N2O,29.776
Germany,Europe,2001,Industrial Processes,Hfcs,4.027
Germany,Europe,2016,Transport,Ch4,5.35
Brazil,South America,2021,Energy,Sf6,3.998
Japan,Asia,2018,Transport,Sf6,1.867
Brazil,South America,2022,Industrial Processes,Hfcs,2.705
Japan,Asia,2014,Industrial Processes,Hfcs,2.491
United Kingdom,Europe,2019,Manufacturing,Ch4,3.694
Brazil,South America,2010,Waste,Hfcs,0.367
United Kingdom,Europe,2022,Land Use,Sf6,0.1
France,Europe,2022,Energy,N2O,3.23
United States,North America,2006,Buildings,Ch4,104.003
Australia,Oceania,2016,Industrial Processes,Ch4,0.541
India,Asia,2015,Waste,Hfcs,3.466
South Africa,Africa,2008,Buildings,Hfcs,2.699
China,Asia,2010,Industrial Processes,N2O,46.694
Australia,Oceania,2013,Land Use,Ch4,2.84
Canada,North America,2019,Waste,N2O,4.774
Indonesia,Asia,2019,Land Use,Hfcs,9.927
Mexico,North America,2019,Energy,N2O,8.209
Japan,Asia,2011,Waste,Sf6,0.305
United States,North America,2022,Buildings,Ch4,96.134
India,Asia,2019,Manufacturing,Sf6,63.203
South Africa,Africa,2015,Manufacturing,,7.128
United Kingdom,Europe,2013,Agriculture,Hfcs,1.287
Australia,Oceania,2008,Land Use,Co2,5.855
India,Asia,2014,Energy,Ch4,123.526
South Korea,Asia,2016,Waste,Hfcs,0.246
Indonesia,Asia,2018,Buildings,Sf6,0.13
India,Asia,2019,Waste,Ch4,123.526
Indonesia,Asia,2019,Agriculture,Ch4,123.526
China,Asia,2008,Transport,Ch4,103.535
Japan,Asia,2008,Manufacturing,Co2,123.526
Canada,North America,2000,Agriculture,Hfcs,2.925
Japan,Asia,2013,Transport,Co2,123.526
India,Asia,2014,Manufacturing,Sf6,50.235
United States,North America,2001,Energy,Sf6,39.881
Canada,North America,2005,Industrial Processes,N2O,1.504
South Africa,Africa,2021,Transport,N2O,7.035
Mexico,North America,2021,Buildings,Co2,34.991
South Korea,Asia,2022,Land Use,Sf6,0.1
Australia,Oceania,2005,,Sf6,7.128
Canada,North America,2002,Industrial Processes,Ch4,0.727
Germany,Europe,2004,Agriculture,,7.128
Mexico,North America,2013,Manufacturing,Ch4,8.073
China,Asia,2013,Agriculture,Sf6,17.367
Russia,Europe,2022,Agriculture,Co2,18.861
South Korea,Asia,2011,Manufacturing,Sf6,10.356
France,Europe,2004,Land Use,Hfcs,0.16
France,Europe,2009,Manufacturing,Ch4,1.785
China,Asia,2014,Waste,Co2,123.526
Indonesia,Asia,2011,Agriculture,N2O,55.659
France,Europe,2004,Transport,Co2,92.156
Canada,North America,2010,Agriculture,Ch4,38.988
United Kingdom,Europe,2017,Manufacturing,Sf6,2.162
France,Europe,2019,Industrial Processes,Ch4,0.139
Brazil,South America,2000,Industrial Processes,Sf6,1.277
South Africa,Africa,2003,Transport,Co2,46.244
United Kingdom,Europe,2005,Land Use,Sf6,0.1
China,Asia,2012,Agriculture,Ch4,123.526
South Korea,Asia,2011,Energy,N2O,12.58
France,Europe,2003,Transport,N2O,11.113
Canada,North America,2005,Agriculture,N2O,21.687
Australia,Oceania,2012,Energy,Sf6,4.027
South Africa,Africa,2013,Waste,Hfcs,0.24
Brazil,South America,2017,Buildings,Sf6,0.108
Australia,Oceania,2015,Transport,Co2,74.823
France,Europe,2020,Industrial Processes,Sf6,0.41
Russia,Europe,2016,Waste,Hfcs,0.554
South Africa,Africa,2002,Land Use,N2O,3.563
Japan,Asia,2002,Industrial Processes,Co2,5.622
Canada,North America,2008,Energy,Co2,123.526
United States,North America,2023,Industrial Processes,Ch4,2.528
Russia,Europe,2007,Waste,Co2,11.817
South Korea,Asia,2011,Agriculture,Ch4,21.422
Brazil,South America,2023,Land Use,N2O,97.751
United States,North America,2023,Land Use,Co2,36.909
South Korea,Asia,2001,Manufacturing,Co2,122.646
Germany,Europe,2004,Land Use,Sf6,0.1
Australia,Oceania,2017,Buildings,Sf6,0.337
South Korea,Asia,2021,Buildings,N2O,9.691
United States,North America,2004,Agriculture,Hfcs,19.82
South Africa,Africa,2021,Energy,Hfcs,8.196
Japan,Asia,2007,Energy,Co2,123.526
India,Asia,2014,Industrial Processes,Hfcs,29.178
United Kingdom,Europe,2020,Land Use,Sf6,0.1
United States,North America,2008,Industrial Processes,N2O,5.742
Germany,Europe,2013,Transport,Hfcs,4.657
China,Asia,2003,Energy,Ch4,123.526
Mexico,North America,2007,Buildings,Ch4,7.389
India,Asia,2013,Transport,Sf6,7.47
Indonesia,Asia,2015,Waste,Hfcs,0.545
Canada,North America,2015,Transport,Co2,123.526
Japan,Asia,2021,Buildings,N2O,10.17
Brazil,South America,2008,Energy,Co2,119.845
Australia,Oceania,2005,Industrial Processes,N2O,0.983
India,Asia,2017,Energy,Ch4,123.526
Brazil,South America,2020,Transport,Hfcs,5.397
United States,North America,2014,Energy,N2O,81.42
Russia,Europe,2015,Energy,Sf6,17.436
India,Asia,2006,Agriculture,Hfcs,36.378
Russia,Europe,2010,Energy,Hfcs,27.805
Germany,Europe,2017,Land Use,Sf6,0.1
Russia,Europe,2018,Transport,Co2,123.526
Mexico,North America,2001,Buildings,Co2,24.414
Brazil,South America,2016,Waste,Sf6,0.415
France,Europe,2017,Waste,N2O,1.587
France,Europe,2018,Energy,Ch4,13.945
South Korea,Asia,2007,Industrial Processes,Co2,6.257
Mexico,North America,2018,Energy,Ch4,34.499
Russia,Europe,2022,Transport,Hfcs,9.921
South Korea,Asia,2007,Industrial Processes,Hfcs,3.843
Japan,Asia,2006,Industrial Processes,N2O,1.069
Indonesia,Asia,2000,Land Use,Hfcs,6.583
Germany,Europe,2004,Industrial Processes,Hfcs,3.784
Russia,Europe,2015,Buildings,N2O,14.448
United States,North America,2011,Transport,N2O,123.526
Germany,Europe,2019,Land Use,Ch4,1.057
South Korea,Asia,2020,Manufacturing,Sf6,11.063
China,Asia,2006,Energy,,7.128
South Korea,Asia,2004,Buildings,Ch4,9.848
Indonesia,Asia,2014,Transport,N2O,13.708
Japan,Asia,2003,Manufacturing,Co2,123.526
Indonesia,Asia,2013,Waste,Hfcs,0.583
South Africa,Africa,2021,Land Use,Sf6,0.116
Indonesia,Asia,2000,Energy,Co2,123.526
India,Asia,2016,Manufacturing,Sf6,55.912
South Korea,Asia,2011,Buildings,,7.128
Russia,Europe,2009,Waste,Sf6,0.566
South Africa,Africa,2011,Manufacturing,Sf6,3.335
Mexico,North America,2017,Waste,Ch4,16.333
Canada,North America,2022,Energy,N2O,11.905
South Korea,Asia,2015,Industrial Processes,Hfcs,4.296
United States,North America,2022,Waste,N2O,24.58
Japan,Asia,2018,Land Use,Co2,0.1
United Kingdom,Europe,2021,Agriculture,N2O,8.692
Australia,Oceania,2016,Transport,Hfcs,3.66
United States,North America,2022,Waste,Sf6,1.495
India,Asia,2015,Energy,Ch4,123.526
Australia,Oceania,2023,Buildings,Ch4,5.539
United States,North America,2021,Buildings,Co2,123.526
India,Asia,2012,Agriculture,Co2,108.961
Canada,North America,2007,Waste,Co2,5.724
China,Asia,2001,Agriculture,Ch4,123.526
Germany,Europe,2001,Transport,Hfcs,6.402
Brazil,South America,2021,Industrial Processes,N2O,1.122
Japan,Asia,2009,Waste,N2O,5.345
United Kingdom,Europe,2003,Land Use,Ch4,0.782
Russia,Europe,2017,Manufacturing,N2O,34.149
Germany,Europe,2018,Transport,Co2,94.635
Canada,North America,2000,Transport,Co2,123.526
Australia,Oceania,2020,Energy,Ch4,36.267
South Korea,Asia,2006,Buildings,N2O,7.564
Australia,Oceania,2009,Buildings,Ch4,5.323
Mexico,North America,2010,Agriculture,Co2,7.613
Brazil,South America,2015,Land Use,Ch4,50.013
India,Asia,2004,Industrial Processes,Hfcs,18.743
United States,North America,2022,Manufacturing,Hfcs,60.876
Russia,Europe,2022,Manufacturing,Sf6,17.923
South Africa,Africa,2010,Waste,Hfcs,0.257
Japan,Asia,2004,Energy,Ch4,87.143
India,Asia,2022,Transport,Sf6,10.809
South Africa,Africa,2009,Land Use,Hfcs,0.407
China,Asia,2012,Manufacturing,Hfcs,123.526
United Kingdom,Europe,2020,Waste,N2O,1.436
Mexico,North America,2023,Buildings,Hfcs,7.834
South Africa,Africa,2022,Agriculture,N2O,21.109
Japan,Asia,2009,Industrial Processes,Hfcs,2.484
Japan,Asia,2006,Land Use,N2O,0.1
China,Asia,2010,Waste,Co2,123.526
Germany,Europe,2011,Energy,Sf6,3.876
France,Europe,2011,Land Use,Ch4,0.633
China,Asia,2004,Agriculture,Co2,120.309
China,Asia,2005,Waste,Hfcs,6.465
Mexico,North America,2019,Energy,Sf6,3.605
Australia,Oceania,2021,Buildings,Co2,22.837
India,Asia,2020,Buildings,Ch4,83.594
Japan,Asia,2008,Manufacturing,N2O,22.358
South Africa,Africa,2003,Agriculture,Ch4,34.695
Brazil,South America,2009,Industrial Processes,Ch4,0.472
South Korea,Asia,2011,Buildings,Ch4,11.859
South Korea,Asia,2020,Transport,Co2,108.646
Australia,Oceania,2014,Buildings,Co2,21.188
Russia,Europe,2001,Energy,Ch4,123.526
Brazil,South America,2006,Energy,Ch4,32.205
Japan,Asia,2022,Industrial Processes,Hfcs,2.15
United Kingdom,Europe,2007,Land Use,Hfcs,0.153
Japan,Asia,2019,Buildings,Hfcs,13.787
Indonesia,Asia,2018,Manufacturing,Hfcs,10.035
Russia,Europe,2019,Agriculture,Hfcs,7.158
Indonesia,Asia,2020,Buildings,Co2,7.502
Germany,Europe,2012,Energy,Hfcs,5.633
South Korea,Asia,2021,Industrial Processes,Sf6,2.918
United States,North America,2004,Transport,Hfcs,63.237
Australia,Oceania,2018,Land Use,Ch4,3.358
India,Asia,2010,Agriculture,Ch4,123.526
India,Asia,2007,Transport,Hfcs,24.108
United Kingdom,Europe,2012,Manufacturing,N2O,4.814
Mexico,North America,2011,Land Use,N2O,5.727
United States,North America,2018,Waste,Ch4,92.158
Canada,North America,2018,Agriculture,Co2,6.893
Russia,Europe,2006,Land Use,Hfcs,1.553
Mexico,North America,2016,Manufacturing,Sf6,3.667
France,Europe,2022,Manufacturing,Sf6,0.746
United Kingdom,Europe,2014,Agriculture,Ch4,16.363
United Kingdom,Europe,2018,Industrial Processes,Co2,1.196
South Africa,Africa,2013,Manufacturing,Hfcs,6.607
Brazil,South America,2012,Energy,Co2,123.526
Japan,Asia,2004,Land Use,Co2,0.1
Canada,North America,2009,,Sf6,7.128
India,Asia,2011,Agriculture,Sf6,10.503
Brazil,South America,2022,Land Use,Hfcs,9.975
United States,North America,2016,Land Use,N2O,36.705
Australia,Oceania,2013,Manufacturing,Hfcs,5.183
India,Asia,2009,Manufacturing,Hfcs,75.649
Australia,Oceania,2017,Land Use,Sf6,0.145
Germany,Europe,2010,Agriculture,N2O,17.195
South Korea,Asia,2014,Manufacturing,N2O,24.143
India,Asia,2020,Energy,Ch4,123.526
Canada,North America,2018,Transport,Co2,123.526
South Korea,Asia,2005,Agriculture,Hfcs,1.387
Canada,North America,2006,Manufacturing,Co2,46.822
South Africa,Africa,2014,Buildings,Sf6,0.209
South Africa,Africa,2010,Industrial Processes,Sf6,0.811
South Korea,Asia,2009,Energy,N2O,11.328
France,Europe,2012,Agriculture,Ch4,31.475
Australia,Oceania,2005,Land Use,Hfcs,0.558
South Korea,Asia,2004,Buildings,Sf6,0.67
Australia,Oceania,2011,Industrial Processes,N2O,1.102
Mexico,North America,2005,Agriculture,Ch4,40.3
United States,North America,2019,Manufacturing,Ch4,59.006
South Korea,Asia,2012,Land Use,Ch4,1.528
France,Europe,2005,Transport,N2O,11.236
Japan,Asia,2023,Manufacturing,Ch4,20.411
Canada,North America,2006,Energy,N2O,13.661
United Kingdom,Europe,2007,Waste,Ch4,7.159
France,Europe,2005,Industrial Processes,Co2,1.682
United Kingdom,Europe,2011,Buildings,Ch4,8.043
United Kingdom,Europe,2010,Industrial Processes,Co2,1.533
United Kingdom,Europe,2023,Agriculture,Ch4,14.398
Japan,Asia,2007,Agriculture,Sf6,0.409
India,Asia,2018,Energy,Co2,123.526
United Kingdom,Europe,2018,Manufacturing,Co2,27.151
Indonesia,Asia,2004,Buildings,N2O,0.827
Mexico,North America,2022,Waste,Ch4,18.232
Brazil,South America,2007,Agriculture,Sf6,3.014
United Kingdom,Europe,2005,Energy,Hfcs,3.424
Australia,Oceania,2013,Industrial Processes,Co2,4.318
Indonesia,Asia,2007,Agriculture,Co2,18.392
India,Asia,2015,Land Use,Co2,68.663
South Korea,Asia,2022,Waste,N2O,5.075
South Africa,Africa,2001,Land Use,Hfcs,0.4
Canada,North America,2018,Energy,Co2,123.526
China,Asia,2023,Manufacturing,Hfcs,123.526
Canada,North America,2001,Transport,Hfcs,7.918
Australia,Oceania,2019,Agriculture,Sf6,0.827
Mexico,North America,2010,Manufacturing,Ch4,7.416
Brazil,South America,2017,Transport,Sf6,1.455
United Kingdom,Europe,2011,Agriculture,Ch4,18.615
United Kingdom,Europe,2002,Manufacturing,Sf6,3.143
Brazil,South America,2016,Land Use,Sf6,2.668
South Africa,Africa,2017,Buildings,N2O,2.102
Japan,Asia,2001,Agriculture,N2O,14.854
Canada,North America,2022,Agriculture,N2O,21.447
India,Asia,2018,Energy,Sf6,33.775
Mexico,North America,2005,Industrial Processes,Ch4,0.235
United Kingdom,Europe,2003,Manufacturing,N2O,5.389
Russia,Europe,2007,Transport,Co2,123.526
Russia,Europe,2018,Industrial Processes,Sf6,2.709
South Korea,Asia,2002,Transport,Hfcs,4.013
Japan,Asia,2006,Waste,Sf6,0.309
United Kingdom,Europe,2020,Land Use,Ch4,0.471
Canada,North America,2016,Manufacturing,Ch4,6.952
Brazil,South America,2019,Transport,Sf6,1.546
South Korea,Asia,2018,Industrial Processes,Sf6,2.514
Canada,North America,2019,Land Use,Sf6,0.139
,Europe,2016,Transport,N2O,7.128
India,Asia,2003,Buildings,Ch4,52.492
Germany,Europe,2020,Transport,Co2,82.549
Australia,Oceania,2009,Land Use,Co2,5.603
India,Asia,2022,Agriculture,N2O,123.526
South Africa,Africa,2005,Manufacturing,,7.128
Mexico,North America,2002,Transport,Hfcs,4.762
South Africa,Africa,2015,Buildings,Sf6,0.215
Mexico,North America,2015,Transport,Ch4,6.519
India,Asia,2015,Waste,Sf6,3.274
United Kingdom,Europe,2015,Industrial Processes,Co2,1.403
Canada,North America,2013,Waste,Co2,5.243
Canada,North America,2019,Industrial Processes,Ch4,0.658
China,Asia,2022,Transport,Hfcs,123.526
Australia,Oceania,2000,Energy,N2O,9.641
United Kingdom,Europe,2022,Energy,Co2,48.523
Germany,Europe,2008,Agriculture,Sf6,0.649
Mexico,North America,2001,Transport,Sf6,1.106
Mexico,North America,2006,Manufacturing,Hfcs,7.616
United States,North America,2001,Buildings,Sf6,8.271
Indonesia,Asia,2014,Land Use,Hfcs,8.447
Japan,Asia,2001,Transport,Hfcs,9.885
Australia,Oceania,2000,Industrial Processes,N2O,1.034
South Korea,Asia,2014,Transport,N2O,12.997
Mexico,North America,2012,Energy,N2O,8.534
India,Asia,2000,Land Use,Ch4,20.061
Australia,Oceania,2016,Buildings,Hfcs,5.063
China,Asia,2008,Land Use,Ch4,115.73
Indonesia,Asia,2001,Industrial Processes,Ch4,0.411
United States,North America,2000,Buildings,Hfcs,101.777
Indonesia,Asia,2002,Land Use,Hfcs,7.138
Japan,Asia,2017,Energy,Co2,123.526
France,Europe,2021,Energy,N2O,3.798
Germany,Europe,2023,Industrial Processes,N2O,1.051
Australia,Oceania,2017,Buildings,Co2,22.33
Russia,Europe,2019,Buildings,N2O,12.272
Mexico,North America,2022,Buildings,Sf6,0.533
Canada,North America,2005,Waste,N2O,5.038
Germany,Europe,2020,Manufacturing,N2O,10.012
Brazil,South America,2016,Agriculture,Sf6,2.919
Russia,Europe,2006,Land Use,Co2,16.042
Australia,Oceania,2011,Industrial Processes,Co2,4.582
Australia,Oceania,2000,Transport,Sf6,0.859
Japan,Asia,2000,Agriculture,Hfcs,1.924
Brazil,South America,2005,Transport,Sf6,1.38
Russia,Europe,2001,Manufacturing,Sf6,16.632
United States,North America,2009,Buildings,Co2,123.526
United States,North America,2010,Land Use,Ch4,20.224
Australia,Oceania,2018,Buildings,Co2,20.069
Mexico,North America,2001,Energy,Sf6,2.684
France,Europe,2000,Transport,Ch4,6.653
France,Europe,2003,Energy,Hfcs,2.97
United Kingdom,Europe,2005,Land Use,Co2,1.563
Brazil,South America,2009,Waste,Ch4,21.856
United States,North America,2011,Agriculture,N2O,123.526
India,Asia,2008,Manufacturing,Ch4,83.191
Indonesia,Asia,2014,Waste,Ch4,35.316
United Kingdom,Europe,2020,Agriculture,Sf6,0.27
Brazil,South America,2009,Energy,Co2,106.313
India,Asia,2007,Agriculture,N2O,123.526
Japan,Asia,2020,Energy,Hfcs,10.781
Brazil,South America,2006,Energy,Sf6,3.212
Japan,Asia,2015,Manufacturing,N2O,21.377
Japan,Asia,2003,Manufacturing,Hfcs,26.529
Russia,Europe,2018,Buildings,Sf6,1.333
Russia,Europe,2006,Industrial Processes,Hfcs,5.166
Germany,Europe,2010,Waste,N2O,4.376
China,Asia,2011,Buildings,Hfcs,123.526
United States,North America,2019,Land Use,Sf6,1.067
Australia,Oceania,2007,Waste,N2O,3.713
Australia,Oceania,2002,Industrial Processes,Ch4,0.48
Brazil,South America,2015,Buildings,Co2,6.183
Russia,Europe,2023,Waste,Sf6,0.535
China,Asia,2009,Manufacturing,Hfcs,123.526
United Kingdom,Europe,2002,Waste,Co2,2.432
United States,North America,2009,Manufacturing,Co2,123.526
,Africa,2016,Buildings,Co2,7.128
India,Asia,2019,Industrial Processes,Ch4,6.886
Australia,Oceania,2016,Industrial Processes,Sf6,1.605
United Kingdom,Europe,2009,Agriculture,Sf6,0.334
Mexico,North America,2016,Agriculture,Co2,8.092
,Oceania,2019,Agriculture,Co2,7.128
Brazil,South America,2014,Energy,N2O,8.757
Australia,Oceania,2007,Waste,Sf6,0.205
Australia,Oceania,2021,Waste,,7.128
United States,North America,2023,Agriculture,Sf6,4.323
Germany,Europe,2020,Buildings,Ch4,10.605
Australia,Oceania,2018,Industrial Processes,Ch4,0.478
,Asia,2002,Transport,Sf6,7.128
Canada,North America,2009,Agriculture,Co2,6.298
Brazil,South America,2011,Buildings,Ch4,1.523
,Oceania,2005,Industrial Processes,Ch4,7.128
United Kingdom,Europe,2003,Transport,N2O,10.332
Canada,North America,2007,Industrial Processes,N2O,1.436
South Korea,Asia,2017,Energy,Co2,123.526
Australia,Oceania,2007,Industrial Processes,Co2,4.434
United Kingdom,Europe,2021,Land Use,Sf6,0.1
Mexico,North America,2015,Land Use,Co2,6.391
United Kingdom,Europe,2012,Transport,Ch4,4.467
France,Europe,2006,Buildings,Ch4,9.445
Germany,Europe,2003,Land Use,N2O,2.742
Brazil,South America,2023,Agriculture,Ch4,123.526
United States,North America,2001,Land Use,Co2,44.0
India,Asia,2007,Buildings,Co2,123.526
South Africa,Africa,2022,Buildings,N2O,2.02
Mexico,North America,2022,Buildings,Ch4,7.628
Russia,Europe,2022,Land Use,Hfcs,1.555
France,Europe,2001,Agriculture,Ch4,42.477
United Kingdom,Europe,2014,Agriculture,N2O,9.491
Germany,Europe,2012,Transport,N2O,13.525
Indonesia,Asia,2022,Waste,Hfcs,0.539
South Africa,Africa,2009,Energy,Ch4,41.764
Mexico,North America,2007,Buildings,Hfcs,6.225
Japan,Asia,2023,Agriculture,Ch4,19.532
Russia,Europe,2000,Industrial Processes,N2O,2.111
Japan,Asia,2019,Waste,Ch4,16.972
South Africa,Africa,2010,Manufacturing,Co2,48.628
Brazil,South America,2014,Transport,Ch4,7.551
United States,North America,2013,Industrial Processes,Co2,21.826
South Africa,Africa,2007,Land Use,Hfcs,0.381
Mexico,North America,2017,Buildings,N2O,4.798
Indonesia,Asia,2017,Buildings,Sf6,0.127
India,Asia,2008,Buildings,Hfcs,57.545
Germany,Europe,2015,Industrial Processes,Sf6,1.794
Germany,Europe,2009,Industrial Processes,Sf6,1.816
Indonesia,Asia,2020,Industrial Processes,Ch4,0.64
Indonesia,Asia,2017,Energy,N2O,20.043
China,Asia,2022,Agriculture,Hfcs,93.237
United States,North America,2013,Agriculture,Co2,45.396
Indonesia,Asia,2003,Agriculture,Sf6,1.647
,Oceania,2018,Energy,Sf6,7.128
Russia,Europe,2001,Agriculture,Hfcs,8.033
Mexico,North America,2022,Energy,Sf6,3.481
United States,North America,2004,Transport,Sf6,15.518
China,Asia,2018,Agriculture,Ch4,123.526
Russia,Europe,2005,Energy,Sf6,18.302
Canada,North America,2014,Manufacturing,N2O,6.978
Germany,Europe,2018,Waste,Hfcs,0.229
India,Asia,2021,Industrial Processes,Co2,68.477
Canada,North America,2022,Energy,Ch4,44.586
China,Asia,2019,Industrial Processes,Hfcs,123.526
Brazil,South America,2011,Land Use,N2O,86.708
China,Asia,2018,Agriculture,Sf6,19.801
Mexico,North America,2021,Land Use,N2O,6.84
India,Asia,2008,Energy,Sf6,27.278
China,Asia,2004,Manufacturing,Hfcs,123.526
United States,North America,2005,Agriculture,Sf6,5.245
China,Asia,2019,Land Use,Co2,123.526
Indonesia,Asia,2003,Land Use,Hfcs,7.339
China,Asia,2004,Industrial Processes,Hfcs,93.173
United Kingdom,Europe,2008,Agriculture,N2O,10.544
Canada,North America,2023,Industrial Processes,Co2,6.09
China,Asia,2013,Waste,Hfcs,8.352
Russia,Europe,2011,Manufacturing,Sf6,17.844
Australia,Oceania,2007,Manufacturing,N2O,5.39
Canada,North America,2018,Waste,Co2,5.38
United Kingdom,Europe,2014,Waste,N2O,1.807
France,Europe,2021,Waste,Sf6,0.1
Indonesia,Asia,2011,Waste,Ch4,30.36
Canada,North America,2020,Agriculture,Hfcs,2.524
China,Asia,2001,Waste,Ch4,123.526
Germany,Europe,2021,Land Use,N2O,1.831
Japan,Asia,2010,Agriculture,Sf6,0.418
Indonesia,Asia,2003,Energy,Hfcs,9.375
Japan,Asia,2005,Land Use,Hfcs,0.1
United Kingdom,Europe,2006,Buildings,N2O,7.027
India,Asia,2016,Agriculture,N2O,123.526
United Kingdom,Europe,2008,Agriculture,Sf6,0.356
United Kingdom,Europe,2020,Industrial Processes,Hfcs,0.626
China,Asia,2015,Buildings,N2O,123.526
Brazil,South America,2011,Buildings,N2O,0.934
China,Asia,2019,Waste,N2O,123.526
Russia,Europe,2011,Agriculture,N2O,54.983
South Africa,Africa,2014,Energy,Hfcs,7.396
Brazil,South America,2006,Transport,Hfcs,5.601
,Asia,2020,Land Use,N2O,7.128
South Korea,Asia,2016,Agriculture,Sf6,0.431
Mexico,North America,2006,Transport,Ch4,6.419
United Kingdom,Europe,2015,Agriculture,Sf6,0.328
United Kingdom,Europe,2003,Waste,N2O,2.183
China,Asia,2012,Industrial Processes,Co2,123.526
China,Asia,2011,Industrial Processes,Hfcs,123.526
Germany,Europe,2015,Industrial Processes,Ch4,0.583
South Africa,Africa,2019,Transport,Co2,51.817
Canada,North America,2004,Manufacturing,Sf6,3.63
United States,North America,2001,Land Use,Hfcs,4.464
Australia,Oceania,2010,Energy,Hfcs,5.883
India,Asia,2016,Industrial Processes,Hfcs,29.297
United States,North America,2013,Land Use,Sf6,1.002
Brazil,South America,2010,Land Use,Ch4,50.059
France,Europe,2018,Industrial Processes,Hfcs,0.74
Canada,North America,2012,Industrial Processes,N2O,1.496
Japan,Asia,2023,Land Use,Hfcs,0.1
United Kingdom,Europe,2006,,Co2,7.128
Mexico,North America,2000,Waste,Sf6,0.254
South Korea,Asia,2013,Industrial Processes,Ch4,0.814
Japan,Asia,2018,Energy,Ch4,78.206
United States,North America,2012,Buildings,N2O,64.786
South Korea,Asia,2005,Industrial Processes,Co2,6.045
United States,North America,2022,Land Use,Ch4,18.357
Indonesia,Asia,2008,Transport,Hfcs,4.54
Canada,North America,2012,Transport,Sf6,1.849
Mexico,North America,2000,Industrial Processes,Sf6,0.732
Canada,North America,2015,Waste,Sf6,0.298
Germany,Europe,2019,Buildings,Hfcs,11.007
Mexico,North America,2003,Buildings,N2O,4.765
,Asia,2000,Manufacturing,Hfcs,7.128
China,Asia,2005,Buildings,Co2,123.526
Indonesia,Asia,2014,Buildings,Ch4,1.631
Australia,Oceania,2002,Manufacturing,Ch4,4.933
India,Asia,2013,Industrial Processes,Ch4,5.15
Germany,Europe,2010,Transport,Hfcs,5.3
France,Europe,2013,Waste,N2O,1.8
Mexico,North America,2021,Energy,Co2,123.526
Indonesia,Asia,2016,Waste,N2O,10.883
Brazil,South America,2018,Transport,N2O,14.272
France,Europe,2023,Industrial Processes,Co2,1.27
Australia,Oceania,2019,Buildings,Hfcs,5.01
Japan,Asia,2021,Agriculture,Co2,4.024
Mexico,North America,2018,Land Use,Ch4,3.408
France,Europe,2014,Agriculture,Ch4,31.151
South Korea,Asia,2009,Agriculture,N2O,11.251
Mexico,North America,2022,Energy,Hfcs,5.267
Russia,Europe,2000,Energy,Ch4,123.526
United States,North America,2017,Industrial Processes,N2O,4.979
Brazil,South America,2007,Buildings,Co2,5.622
China,Asia,2022,Buildings,Ch4,123.526
France,Europe,2013,Agriculture,Co2,6.402
South Africa,Africa,2010,Manufacturing,Hfcs,7.091
India,Asia,2009,Manufacturing,Ch4,77.083
South Korea,Asia,2021,Land Use,Co2,3.942
France,Europe,2020,Land Use,N2O,0.974
South Korea,Asia,2020,Agriculture,Sf6,0.387
Indonesia,Asia,2018,Transport,Co2,112.373
France,Europe,2004,Waste,Ch4,7.454
Canada,North America,2001,Agriculture,N2O,22.875
France,Europe,2023,Buildings,Ch4,7.927
Canada,North America,2013,Manufacturing,N2O,6.514
India,Asia,2016,Buildings,Co2,123.526
South Korea,Asia,2007,Transport,Ch4,5.563
South Africa,Africa,2008,Industrial Processes,Hfcs,1.331
Mexico,North America,2017,Transport,N2O,12.963
Australia,Oceania,2021,Transport,Ch4,4.494
France,Europe,2020,Transport,Co2,67.577
Japan,Asia,2011,Agriculture,Sf6,0.445
China,Asia,2017,Energy,Ch4,123.526
South Africa,Africa,2002,Waste,Hfcs,0.256
Russia,Europe,2006,Industrial Processes,Sf6,2.849
United Kingdom,Europe,2023,Waste,Sf6,0.1
Russia,Europe,2002,Waste,N2O,10.744
Japan,Asia,2002,Waste,Hfcs,0.365
United States,North America,2023,Energy,N2O,77.848
South Korea,Asia,2018,Waste,Ch4,14.358
India,Asia,2000,Buildings,Co2,123.526
Russia,Europe,2010,Manufacturing,Ch4,35.763
Russia,Europe,2016,Agriculture,Sf6,1.825
Brazil,South America,2005,Agriculture,Sf6,2.715
Russia,Europe,2021,Transport,Sf6,2.776
China,Asia,2012,Agriculture,Co2,123.526
Japan,Asia,2022,Waste,Hfcs,0.283
United States,North America,2005,,Ch4,7.128
United States,North America,2010,Manufacturing,Co2,123.526
Japan,Asia,2005,Agriculture,Sf6,0.43
China,Asia,2015,Waste,Ch4,123.526
Germany,Europe,2022,Industrial Processes,Hfcs,2.549
United Kingdom,Europe,2010,Waste,Sf6,0.108
France,Europe,2013,Industrial Processes,Co2,1.582
France,Europe,2001,Industrial Processes,Hfcs,1.072
Germany,Europe,2008,Buildings,Co2,56.281
France,Europe,2017,Waste,Sf6,0.1
South Korea,Asia,2021,Energy,Co2,123.526
Russia,Europe,2000,Transport,N2O,27.594
Germany,Europe,2017,Manufacturing,Sf6,5.3
United Kingdom,Europe,2019,Agriculture,Sf6,0.3
Brazil,South America,2022,Land Use,Ch4,56.262
Brazil,South America,2017,Agriculture,Hfcs,12.011
United States,North America,2010,Transport,Ch4,78.591
India,Asia,2017,Industrial Processes,Sf6,19.455
,Africa,2023,Buildings,Sf6,7.128
Japan,Asia,2020,Energy,N2O,16.481
Japan,Asia,2023,Agriculture,Co2,3.823
Canada,North America,2012,Energy,Sf6,5.287
Japan,Asia,2012,Manufacturing,Ch4,22.722
United Kingdom,Europe,2011,Energy,Hfcs,2.888
,Europe,2001,Manufacturing,Hfcs,7.128
United Kingdom,Europe,2008,Agriculture,Co2,3.865
Mexico,North America,2002,Industrial Processes,Co2,2.038
Brazil,South America,2005,Manufacturing,Sf6,3.318
Germany,Europe,2017,Agriculture,Sf6,0.563
United Kingdom,Europe,2005,Manufacturing,Co2,37.217
Canada,North America,2023,Waste,Sf6,0.261
Canada,North America,2022,Transport,N2O,17.128
Indonesia,Asia,2003,Manufacturing,Sf6,3.335
Australia,Oceania,2022,Industrial Processes,Sf6,1.589
France,Europe,2008,Transport,Ch4,5.06
South Africa,Africa,2017,Buildings,Ch4,3.238
Brazil,South America,2023,Energy,Ch4,37.255
Japan,Asia,2015,Waste,Hfcs,0.325
Japan,Asia,2011,Waste,Ch4,18.281
Mexico,North America,2020,Transport,Sf6,1.252
South Africa,Africa,2020,Waste,Co2,4.703
United States,North America,2020,Buildings,Sf6,6.084
Canada,North America,2009,Industrial Processes,Ch4,0.707
China,Asia,2012,Agriculture,Sf6,15.917
South Africa,Africa,2010,Land Use,Ch4,1.957
Mexico,North America,2020,Transport,Ch4,6.933
India,Asia,2002,Industrial Processes,Hfcs,17.923
Germany,Europe,2005,Energy,Ch4,41.926
Russia,Europe,2000,Manufacturing,N2O,34.747
Australia,Oceania,2021,Waste,Sf6,0.205
United Kingdom,Europe,2006,Waste,Hfcs,0.124
Indonesia,Asia,2011,Transport,Co2,100.011
United Kingdom,Europe,2010,Transport,Sf6,0.946
India,Asia,2002,Land Use,Ch4,22.731
Japan,Asia,2007,Transport,Sf6,2.085
China,Asia,2020,Agriculture,Hfcs,86.998
Canada,North America,2012,Industrial Processes,Co2,6.329
Brazil,South America,2013,Energy,Co2,123.526
Mexico,North America,2022,Waste,N2O,4.88
United States,North America,2002,Industrial Processes,Sf6,9.456
India,Asia,2007,Waste,Ch4,123.526
France,Europe,2019,Buildings,Co2,31.6
Mexico,North America,2020,Manufacturing,Co2,47.346
France,Europe,2007,Manufacturing,Sf6,0.94
Russia,Europe,2009,Buildings,Ch4,20.573
Japan,Asia,2021,Transport,Sf6,1.962
Germany,Europe,2000,Buildings,N2O,10.973
Russia,Europe,2001,Manufacturing,Ch4,37.504
Canada,North America,2009,Energy,Co2,123.526
Germany,Europe,2001,Industrial Processes,N2O,1.529
Indonesia,Asia,2007,Industrial Processes,Ch4,0.482
China,Asia,2007,Waste,Co2,123.526
Germany,Europe,2005,Manufacturing,Ch4,15.199
South Africa,Africa,2009,Industrial Processes,Sf6,0.735
Russia,Europe,2002,Industrial Processes,Sf6,3.159
Australia,Oceania,2015,Agriculture,Ch4,46.307
United States,North America,2006,Land Use,Ch4,21.619
India,Asia,2009,Land Use,Hfcs,5.555
France,Europe,2021,Land Use,Ch4,0.609
United Kingdom,Europe,2009,Energy,N2O,4.703
Indonesia,Asia,2022,Transport,Ch4,7.66
Germany,Europe,2012,Energy,Ch4,40.294
Germany,Europe,2012,Agriculture,Co2,5.451
Brazil,South America,2017,Land Use,Co2,105.66
Mexico,North America,2018,Industrial Processes,Ch4,0.275
Canada,North America,2019,Buildings,Co2,49.431
Indonesia,Asia,2018,Waste,Co2,12.221
Germany,Europe,2001,Manufacturing,Sf6,8.272
Russia,Europe,2017,Transport,N2O,27.318
Japan,Asia,2016,Agriculture,N2O,11.327
South Korea,Asia,2008,Buildings,N2O,7.675
Mexico,North America,2002,Manufacturing,Hfcs,6.732
France,Europe,2023,Land Use,N2O,1.023
Germany,Europe,2010,Land Use,Co2,2.677
Germany,Europe,2006,Transport,Ch4,6.668
Brazil,South America,2022,Buildings,Hfcs,1.561
Indonesia,Asia,2007,Manufacturing,Ch4,7.692
China,Asia,2014,Waste,Hfcs,8.143
Russia,Europe,2012,Transport,Co2,123.526
India,Asia,2018,Land Use,Co2,79.822
,Asia,2017,Industrial Processes,Co2,7.128
Germany,Europe,2022,Buildings,Sf6,0.687
Mexico,North America,2000,Land Use,N2O,4.764
India,Asia,2011,Industrial Processes,Co2,44.855
,Asia,2017,Waste,Ch4,7.128
India,Asia,2006,Agriculture,Co2,88.613
South Africa,Africa,2005,Transport,Ch4,3.056
South Korea,Asia,2011,Agriculture,Sf6,0.387
Australia,Oceania,2010,Agriculture,Ch4,45.226
South Africa,Africa,2005,Industrial Processes,Hfcs,1.3
Indonesia,Asia,2015,Transport,Hfcs,5.713
Japan,Asia,2021,Land Use,Hfcs,0.1
India,Asia,2021,Agriculture,Sf6,15.104
Canada,North America,2022,Buildings,Co2,51.155
Brazil,South America,2019,Industrial Processes,Sf6,1.685
Australia,Oceania,2010,Manufacturing,Ch4,5.394
South Korea,Asia,2019,Manufacturing,Ch4,24.702
Mexico,North America,2021,Land Use,Sf6,0.17
South Africa,Africa,2004,Buildings,N2O,2.067
Brazil,South America,2000,Industrial Processes,Hfcs,2.468
Brazil,South America,2005,Buildings,N2O,1.006
Brazil,South America,2003,Energy,N2O,8.108
Australia,Oceania,2012,Industrial Processes,Hfcs,2.626
Australia,Oceania,2008,Buildings,Hfcs,5.022
India,Asia,2006,Buildings,Ch4,55.412
France,Europe,2007,Energy,Sf6,1.596
United States,North America,2012,Land Use,Hfcs,4.189
Brazil,South America,2008,Buildings,Hfcs,1.43
Mexico,North America,2021,Industrial Processes,Co2,2.868
Australia,Oceania,2005,Industrial Processes,Sf6,1.446
Australia,Oceania,2000,Buildings,Ch4,5.464
China,Asia,2010,Buildings,Ch4,123.526
India,Asia,2009,Waste,Ch4,123.526
Indonesia,Asia,2022,Manufacturing,N2O,11.147
China,Asia,2004,Agriculture,Ch4,123.526
Germany,Europe,2002,Industrial Processes,Ch4,0.821
Japan,Asia,2020,Transport,Ch4,9.285
South Africa,Africa,2000,Energy,N2O,12.281
South Korea,Asia,2019,Buildings,N2O,8.308
United States,North America,2019,Transport,Co2,123.526
Indonesia,Asia,2001,Land Use,N2O,55.895
South Africa,Africa,2004,Transport,Ch4,2.881
Australia,Oceania,2004,Manufacturing,Sf6,2.456
China,Asia,2022,Buildings,Sf6,18.721
Russia,Europe,2015,Agriculture,Sf6,1.961
,Asia,2016,Waste,Ch4,7.128
Australia,Oceania,2019,Land Use,Sf6,0.151
South Korea,Asia,2002,Industrial Processes,N2O,1.267
Canada,North America,2016,Industrial Processes,Ch4,0.655
Indonesia,Asia,2015,Manufacturing,Sf6,4.896
India,Asia,2004,Energy,Co2,123.526
South Korea,Asia,2006,Transport,Hfcs,4.747
France,Europe,2007,Waste,Sf6,0.109
South Korea,Asia,2006,Agriculture,Hfcs,1.384
Australia,Oceania,2023,Energy,N2O,10.79
United Kingdom,Europe,2018,,Sf6,7.128
Canada,North America,2012,Agriculture,Ch4,36.796
Germany,Europe,2020,Industrial Processes,N2O,1.067
Brazil,South America,2019,Agriculture,Hfcs,11.578
Japan,Asia,2010,Transport,Sf6,2.018
India,Asia,2018,Transport,Ch4,48.835
France,Europe,2001,Buildings,Hfcs,11.063
Australia,Oceania,2023,Buildings,Sf6,0.392
France,Europe,2010,Industrial Processes,Ch4,0.187
United Kingdom,Europe,2015,Industrial Processes,N2O,0.3
Brazil,South America,2015,Transport,Co2,115.09
France,Europe,2017,Energy,N2O,3.506
India,Asia,2005,Industrial Processes,Co2,35.855
Indonesia,Asia,2015,Transport,Ch4,6.695
Canada,North America,2016,Agriculture,Co2,7.115
,North America,2011,Manufacturing,Co2,7.128
South Korea,Asia,2003,Industrial Processes,N2O,1.401
Russia,Europe,2020,Industrial Processes,Co2,7.645
South Korea,Asia,2010,Land Use,Ch4,1.462
France,Europe,2001,Manufacturing,Hfcs,1.942
Indonesia,Asia,2013,Waste,Ch4,32.192
Russia,Europe,2018,Buildings,N2O,12.665
Germany,Europe,2016,Industrial Processes,Ch4,0.581
Canada,North America,2015,Land Use,Sf6,0.132
United States,North America,2011,Industrial Processes,Ch4,2.603
China,Asia,2012,Waste,N2O,123.526
Japan,Asia,2011,Industrial Processes,Co2,4.522
Japan,Asia,2021,Buildings,Hfcs,13.73
Japan,Asia,2015,Energy,N2O,21.493
Brazil,South America,2004,Agriculture,Co2,25.995
India,Asia,2010,Manufacturing,Sf6,43.858
Australia,Oceania,2023,Manufacturing,Co2,33.142
Germany,Europe,2013,Waste,Ch4,15.851
South Africa,Africa,2012,Waste,Hfcs,0.256
South Korea,Asia,2000,Energy,Co2,123.526
France,Europe,2015,Land Use,Co2,1.301
China,Asia,2016,Energy,Hfcs,123.526
United States,North America,2014,Manufacturing,Sf6,31.401
United States,North America,2006,Agriculture,Ch4,123.526
,Europe,2003,Buildings,N2O,7.128
Mexico,North America,2019,Land Use,N2O,5.77
Brazil,South America,2008,Waste,Ch4,22.996
Japan,Asia,2020,Manufacturing,Co2,123.526
Mexico,North America,2007,Waste,N2O,4.99
United States,North America,2012,Buildings,Sf6,7.466
United States,North America,2005,Land Use,N2O,38.957
Russia,Europe,2017,Land Use,Co2,16.301
Australia,Oceania,2019,Energy,Hfcs,6.034
Brazil,South America,2015,Energy,Co2,118.9
Indonesia,Asia,2012,Waste,N2O,9.784
Brazil,South America,2023,Industrial Processes,Sf6,1.567
China,Asia,2012,Waste,Ch4,123.526
France,Europe,2005,Energy,Co2,59.773
Australia,Oceania,2008,Agriculture,Ch4,45.399
Australia,Oceania,2009,Buildings,Sf6,0.336
Australia,Oceania,2017,Energy,N2O,10.538
United States,North America,2020,Agriculture,Hfcs,17.627
China,Asia,2006,Land Use,N2O,123.526
Mexico,North America,2020,Transport,N2O,12.873
Russia,Europe,2018,Manufacturing,Hfcs,35.72
India,Asia,2011,Buildings,Ch4,65.953
Canada,North America,2007,Transport,Hfcs,6.942
Mexico,North America,2005,Industrial Processes,Sf6,0.703
,Europe,2019,Land Use,Hfcs,7.128
China,Asia,2018,Waste,Ch4,123.526
South Korea,Asia,2000,Waste,N2O,3.657
Russia,Europe,2017,Transport,Sf6,2.815
United Kingdom,Europe,2017,Waste,Ch4,5.611
South Korea,Asia,2021,Industrial Processes,N2O,1.876
Brazil,South America,2017,Transport,Hfcs,5.368
Japan,Asia,2019,Industrial Processes,Sf6,1.48
France,Europe,2002,Agriculture,Sf6,0.715
United Kingdom,Europe,2021,Transport,N2O,7.353
South Korea,Asia,2022,Agriculture,N2O,13.067
United States,North America,2023,Land Use,N2O,35.979
South Africa,Africa,2013,Waste,Sf6,0.24
China,Asia,2014,Industrial Processes,Sf6,72.201
Germany,Europe,2001,Agriculture,N2O,21.769
Japan,Asia,2018,Buildings,Co2,54.291
United States,North America,2017,Agriculture,N2O,123.526
South Korea,Asia,2010,Waste,Ch4,12.923
United States,North America,2023,Agriculture,Hfcs,16.33
France,Europe,2005,Industrial Processes,Sf6,0.538
Brazil,South America,2018,Buildings,N2O,1.035
Germany,Europe,2013,Energy,N2O,9.618
South Africa,Africa,2019,Agriculture,Sf6,0.726
China,Asia,2009,Manufacturing,Co2,123.526
India,Asia,2001,Transport,Ch4,24.077
Germany,Europe,2002,Industrial Processes,N2O,1.517
Mexico,North America,2007,Transport,Sf6,1.207
Japan,Asia,2022,Manufacturing,Ch4,20.074
United States,North America,2007,Energy,Hfcs,56.649
Indonesia,Asia,2012,Transport,Ch4,6.382
Indonesia,Asia,2005,Energy,Co2,123.526
Australia,Oceania,2005,Land Use,Ch4,2.853
China,Asia,2023,Buildings,Ch4,123.526
South Africa,Africa,2002,Industrial Processes,Sf6,0.729
Russia,Europe,2011,Waste,Ch4,33.553
India,Asia,2018,Manufacturing,N2O,123.526
South Africa,Africa,2019,Buildings,N2O,2.091
Australia,Oceania,2021,Transport,Co2,79.635
,Asia,2013,Transport,Ch4,7.128
Australia,Oceania,2021,Land Use,Ch4,3.271
Brazil,South America,2020,Manufacturing,Hfcs,6.729
India,Asia,2021,Industrial Processes,Sf6,21.374
Germany,Europe,2011,Waste,Ch4,15.317
United Kingdom,Europe,2023,Energy,N2O,3.73
France,Europe,2015,Waste,Sf6,0.1
Canada,North America,2013,Energy,Sf6,4.918
China,Asia,2007,Manufacturing,Hfcs,123.526
Indonesia,Asia,2008,Waste,Hfcs,0.497
Russia,Europe,2023,Buildings,Hfcs,17.788
South Africa,Africa,2023,Land Use,Co2,3.968
South Korea,Asia,2007,Manufacturing,N2O,21.031
India,Asia,2002,Industrial Processes,Co2,32.931
Germany,Europe,2004,Industrial Processes,Sf6,2.241
Australia,Oceania,2021,Land Use,Hfcs,0.671
France,Europe,2013,Industrial Processes,Sf6,0.493
United States,North America,2013,Manufacturing,Sf6,33.427
Russia,Europe,2015,Land Use,N2O,14.401
Australia,Oceania,2006,Manufacturing,Co2,30.998
South Korea,Asia,2017,Energy,N2O,14.026
Canada,North America,2002,Waste,Hfcs,0.305
Canada,North America,2010,Agriculture,Co2,6.885
France,Europe,2003,Manufacturing,N2O,1.982
Australia,Oceania,2006,Industrial Processes,N2O,1.065
Germany,Europe,2006,Transport,Co2,105.404
China,Asia,2006,Energy,N2O,123.526
Indonesia,Asia,2021,Energy,Sf6,9.952
United States,North America,2017,Energy,Sf6,30.241
Canada,North America,2016,Agriculture,Ch4,38.883
Mexico,North America,2010,Energy,Ch4,33.359
Japan,Asia,2019,Land Use,Sf6,0.1
France,Europe,2008,Waste,N2O,1.934
United Kingdom,Europe,2009,Transport,Co2,70.79
Japan,Asia,2010,Land Use,Ch4,0.1
India,Asia,2003,Industrial Processes,Ch4,3.718
Germany,Europe,2006,Buildings,Hfcs,13.167
Canada,North America,2019,Agriculture,Hfcs,2.758
Brazil,South America,2005,Transport,Hfcs,5.601
Indonesia,Asia,2015,,Co2,7.128
France,Europe,2023,Transport,Sf6,0.827
Germany,Europe,2003,Transport,Ch4,7.296
United Kingdom,Europe,2011,Land Use,Sf6,0.1
South Africa,Africa,2019,Industrial Processes,N2O,0.507
South Africa,Africa,2005,Energy,Sf6,4.833
Canada,North America,2000,Land Use,Sf6,0.138
Indonesia,Asia,2004,Transport,Co2,84.283
United Kingdom,Europe,2001,Energy,Sf6,2.408
Mexico,North America,2001,Waste,Ch4,14.79
Germany,Europe,2005,Industrial Processes,Hfcs,3.114
South Korea,Asia,2001,Land Use,Sf6,0.1
India,Asia,2021,Manufacturing,Hfcs,123.526
Germany,Europe,2019,Energy,Hfcs,4.803
Japan,Asia,2003,Agriculture,N2O,12.038
India,Asia,2001,Waste,Co2,40.553
Germany,Europe,2000,Buildings,Ch4,17.101
South Korea,Asia,2002,Agriculture,Sf6,0.326
China,Asia,2008,Transport,Co2,123.526
South Africa,Africa,2005,Transport,Sf6,0.608
Brazil,South America,2015,Land Use,Sf6,2.735
South Africa,Africa,2000,Agriculture,Hfcs,2.547
Germany,Europe,2005,Agriculture,Sf6,0.68
India,Asia,2007,Industrial Processes,N2O,8.458
Japan,Asia,2010,Waste,Sf6,0.324
Germany,Europe,2018,Agriculture,Ch4,28.298
Canada,North America,2018,Agriculture,Sf6,0.726
United States,North America,2007,Waste,Hfcs,1.705
China,Asia,2021,Buildings,Sf6,18.658
Japan,Asia,2003,Buildings,N2O,12.218
India,Asia,2008,Agriculture,Hfcs,38.813
Brazil,South America,2006,Agriculture,Co2,29.698
Canada,North America,2004,Land Use,Ch4,3.165
South Africa,Africa,2002,Buildings,Hfcs,2.884
Canada,North America,2006,Industrial Processes,Hfcs,3.549
China,Asia,2009,Agriculture,Ch4,123.526
United Kingdom,Europe,2020,Manufacturing,Co2,24.148
South Korea,Asia,2006,Buildings,Co2,41.713
China,Asia,2015,Transport,Sf6,27.837
Germany,Europe,2020,Agriculture,Ch4,25.442
Indonesia,Asia,2016,Transport,Ch4,7.537
Mexico,North America,2012,Buildings,Ch4,7.315
South Africa,Africa,2014,Industrial Processes,Ch4,0.249
France,Europe,2009,Agriculture,Ch4,32.508
India,Asia,2011,Energy,Sf6,28.969
South Korea,Asia,2002,Transport,Ch4,5.171
Canada,North America,2010,Waste,Hfcs,0.283
Russia,Europe,2022,Waste,Sf6,0.605
France,Europe,2001,Manufacturing,Co2,13.429
Japan,Asia,2019,Buildings,Ch4,13.995
Australia,Oceania,2008,Energy,Hfcs,5.62
Japan,Asia,2006,Buildings,Co2,71.607
South Africa,Africa,2020,Buildings,N2O,1.965
Mexico,North America,2007,Industrial Processes,Hfcs,1.322
Australia,Oceania,2000,Land Use,Ch4,2.825
China,Asia,2016,Buildings,N2O,123.526
United Kingdom,Europe,2019,Waste,Sf6,0.1
United Kingdom,Europe,2006,Waste,N2O,1.986
India,Asia,2021,Manufacturing,Ch4,123.526
Germany,Europe,2017,Manufacturing,Co2,74.808
Canada,North America,2011,Waste,Sf6,0.289
Australia,Oceania,2019,Waste,Ch4,12.036
Japan,Asia,2019,Agriculture,Hfcs,1.562
Brazil,South America,2009,Manufacturing,Co2,38.724
Germany,Europe,2014,Waste,N2O,4.061
Japan,Asia,2011,Transport,N2O,22.241
United Kingdom,Europe,2012,Energy,Sf6,1.721
Germany,Europe,2003,Buildings,Ch4,16.585
,Asia,2003,Waste,Co2,7.128
India,Asia,2018,Waste,Sf6,3.786
Germany,Europe,2003,Manufacturing,N2O,15.179
China,Asia,2006,Industrial Processes,Sf6,59.634
Indonesia,Asia,2008,Industrial Processes,Hfcs,2.489
Australia,Oceania,2001,Industrial Processes,Hfcs,2.659
Canada,North America,2018,Agriculture,N2O,19.795
Japan,Asia,2009,Industrial Processes,N2O,0.941
Mexico,North America,2012,Transport,Hfcs,5.296
South Africa,Africa,2004,Buildings,Ch4,2.843
Germany,Europe,2007,Industrial Processes,Co2,5.763
United Kingdom,Europe,2005,Manufacturing,Sf6,2.71
Japan,Asia,2002,Energy,Hfcs,13.337
Brazil,South America,2001,Transport,N2O,13.679
Russia,Europe,2023,Transport,Sf6,2.426
Australia,Oceania,2001,Land Use,Hfcs,0.594
Australia,Oceania,2007,,Sf6,7.128
Germany,Europe,2021,Energy,Hfcs,4.741
South Africa,Africa,2018,Waste,Sf6,0.268
Indonesia,Asia,2018,,Co2,7.128
United Kingdom,Europe,2020,Energy,N2O,3.338
Japan,Asia,2019,Land Use,Hfcs,0.1
South Africa,Africa,2000,Manufacturing,Hfcs,7.247
Canada,North America,2004,Manufacturing,N2O,6.767
Germany,Europe,2018,Energy,Hfcs,4.644
South Korea,Asia,2017,Manufacturing,Ch4,22.207
Australia,Oceania,2009,Energy,Sf6,3.908
Australia,Oceania,2012,Waste,Sf6,0.206
United States,North America,2007,Waste,Sf6,1.622
India,Asia,2010,Land Use,Co2,60.535
Australia,Oceania,2002,Waste,Co2,4.019
United States,North America,2010,Buildings,Sf6,7.231
France,Europe,2003,Energy,Co2,66.561
Brazil,South America,2002,Manufacturing,Ch4,6.036
China,Asia,2007,Manufacturing,N2O,123.526
South Korea,Asia,2023,Industrial Processes,Co2,8.646
Mexico,North America,2007,Industrial Processes,Co2,2.483
South Africa,Africa,2010,Land Use,Sf6,0.1
Australia,Oceania,2022,Buildings,Ch4,5.351
India,Asia,2003,Industrial Processes,N2O,7.7
Mexico,North America,2020,Waste,Sf6,0.273
Indonesia,Asia,2002,Agriculture,N2O,43.256
India,Asia,2007,Waste,Sf6,2.586
India,Asia,2023,Energy,N2O,115.337
India,Asia,2015,Manufacturing,N2O,99.516
China,Asia,2004,Land Use,Sf6,4.559
Indonesia,Asia,2013,Manufacturing,Sf6,4.457
Canada,North America,2016,Energy,N2O,12.192
Brazil,South America,2021,Industrial Processes,Ch4,0.589
Canada,North America,2019,Manufacturing,Hfcs,6.505
Germany,Europe,2005,Energy,N2O,10.791
Brazil,South America,2019,Land Use,Hfcs,9.648
Japan,Asia,2017,Waste,Co2,5.566
Canada,North America,2003,Agriculture,Sf6,0.682
Canada,North America,2001,Energy,Ch4,49.394
Japan,Asia,2012,Buildings,Co2,65.115
France,Europe,2016,Land Use,Ch4,0.639
China,Asia,2008,Energy,Co2,123.526
Canada,North America,2010,Manufacturing,Co2,48.136
United States,North America,2010,Agriculture,Ch4,123.526
South Africa,Africa,2020,Industrial Processes,N2O,0.492
India,Asia,2018,Agriculture,Sf6,13.559
United Kingdom,Europe,2014,Energy,Sf6,1.885
Russia,Europe,2012,Industrial Processes,Hfcs,4.629
South Korea,Asia,2021,Agriculture,N2O,13.988
Australia,Oceania,2016,Buildings,Ch4,5.416
France,Europe,2009,Agriculture,Sf6,0.597
United Kingdom,Europe,2016,Manufacturing,Co2,25.177
Indonesia,Asia,2017,Agriculture,N2O,70.904
China,Asia,2023,Transport,Ch4,123.526
China,Asia,2006,Energy,Sf6,70.033
Canada,North America,2018,Waste,Sf6,0.267
South Korea,Asia,2013,Transport,N2O,11.729
China,Asia,2003,Buildings,Hfcs,121.971
Brazil,South America,2005,Buildings,Hfcs,1.216
South Korea,Asia,2011,Land Use,Ch4,1.611
India,Asia,2011,Energy,Hfcs,42.827
South Africa,Africa,2015,Manufacturing,N2O,7.616
China,Asia,2003,Transport,Sf6,16.902
United States,North America,2005,Energy,Ch4,123.526
United Kingdom,Europe,2012,Agriculture,Co2,3.173
South Africa,Africa,2020,Transport,Ch4,2.742
Brazil,South America,2004,Land Use,Hfcs,9.464
China,Asia,2007,Transport,N2O,123.526
France,Europe,2020,Energy,Ch4,12.889
Japan,Asia,2012,Waste,Hfcs,0.331
Australia,Oceania,2001,Energy,,7.128
United States,North America,2005,Agriculture,Co2,52.314
Mexico,North America,2004,Energy,Co2,103.282
Australia,Oceania,2006,Industrial Processes,Ch4,0.507
Canada,North America,2001,Land Use,N2O,5.139
France,Europe,2002,Agriculture,N2O,23.076
United States,North America,2022,Manufacturing,Sf6,29.914
United Kingdom,Europe,2019,Agriculture,Hfcs,1.106
United Kingdom,Europe,2000,Agriculture,Hfcs,1.686
Canada,North America,2001,Buildings,Ch4,13.394
United Kingdom,Europe,2007,Energy,Co2,72.964
Russia,Europe,2006,Energy,Ch4,123.526
South Korea,Asia,2022,Manufacturing,Sf6,11.741
United States,North America,2008,Land Use,Ch4,23.545
United States,North America,2001,Land Use,N2O,39.784
South Korea,Asia,2016,Manufacturing,Sf6,12.074
United Kingdom,Europe,2002,Land Use,Ch4,0.905
Brazil,South America,2015,Buildings,N2O,0.938
South Korea,Asia,2005,Land Use,Co2,2.972
China,Asia,2023,Agriculture,Ch4,123.526
China,Asia,2017,Agriculture,Ch4,123.526
United Kingdom,Europe,2000,Agriculture,Ch4,23.745
Brazil,South America,2015,Energy,Sf6,3.625
United States,North America,2023,Waste,Sf6,1.348
Mexico,North America,2012,Transport,N2O,13.46
South Africa,Africa,2007,Waste,Ch4,16.087
,Asia,2001,Energy,Sf6,7.128
Germany,Europe,2002,Manufacturing,Sf6,7.583
Canada,North America,2009,Waste,Hfcs,0.286
Germany,Europe,2011,Industrial Processes,Sf6,1.927
Russia,Europe,2002,Transport,Co2,123.526
Germany,Europe,2003,Transport,Sf6,1.481
Mexico,North America,2013,Land Use,Co2,6.351
United Kingdom,Europe,2000,Buildings,Co2,45.475
Mexico,North America,2001,Energy,Ch4,30.681
,North America,2018,Industrial Processes,Hfcs,7.128
Brazil,South America,2013,Waste,Hfcs,0.401
Germany,Europe,2007,Industrial Processes,Sf6,2.105
Russia,Europe,2005,Agriculture,N2O,58.151
France,Europe,2020,Energy,Sf6,1.25
South Korea,Asia,2006,Land Use,Sf6,0.1
Japan,Asia,2018,Industrial Processes,Co2,4.492
Germany,Europe,2003,Buildings,N2O,10.076
United Kingdom,Europe,2000,Land Use,N2O,1.476
Canada,North America,2005,Buildings,Co2,55.292
United States,North America,2011,Energy,Sf6,35.282
Russia,Europe,2007,Industrial Processes,Co2,8.821
Australia,Oceania,2013,Energy,Ch4,41.959
Indonesia,Asia,2008,Manufacturing,Hfcs,8.162
Australia,Oceania,2020,Agriculture,N2O,21.916
United States,North America,2000,Transport,Sf6,16.736
Brazil,South America,2019,Buildings,Hfcs,1.356
India,Asia,2023,Energy,Hfcs,69.539
India,Asia,2023,Agriculture,Ch4,123.526
Indonesia,Asia,2011,Manufacturing,Sf6,4.048
Indonesia,Asia,2021,Manufacturing,Sf6,5.948
Brazil,South America,2004,Industrial Processes,Ch4,0.45
United Kingdom,Europe,2017,Manufacturing,Co2,28.665
Indonesia,Asia,2002,Transport,Sf6,0.99
Germany,Europe,2015,Land Use,Ch4,1.275
Australia,Oceania,2020,Waste,Sf6,0.189
Indonesia,Asia,2003,Industrial Processes,Hfcs,2.166
United States,North America,2020,Waste,Sf6,1.373
,Asia,2012,Land Use,Hfcs,7.128
India,Asia,2003,Manufacturing,Sf6,35.178
Canada,North America,2010,Buildings,Hfcs,11.533
Indonesia,Asia,2021,Agriculture,Sf6,2.681
United States,North America,2023,Buildings,N2O,64.487
Germany,Europe,2021,Transport,Ch4,6.276
United Kingdom,Europe,2005,Industrial Processes,Hfcs,1.028
South Korea,Asia,2010,Agriculture,Co2,3.991
Japan,Asia,2003,Energy,N2O,23.507
Canada,North America,2001,Waste,Co2,6.328
South Africa,Africa,2021,Land Use,Hfcs,0.439
China,Asia,2001,Industrial Processes,Co2,123.526
India,Asia,2010,Waste,Co2,60.843
Brazil,South America,2017,Transport,N2O,14.391
South Korea,Asia,2018,Land Use,Co2,3.032
South Korea,Asia,2023,Buildings,N2O,9.158
Germany,Europe,2018,Waste,Ch4,13.119
South Africa,Africa,2014,Energy,N2O,12.654
Australia,Oceania,2018,Energy,Hfcs,5.915
Australia,Oceania,2010,Manufacturing,Hfcs,4.872
Mexico,North America,2008,Manufacturing,N2O,7.814
United States,North America,2014,Land Use,Hfcs,4.426
Brazil,South America,2002,Land Use,Sf6,2.255
South Korea,Asia,2018,Land Use,N2O,2.767
Indonesia,Asia,2014,Manufacturing,Ch4,8.576
South Africa,Africa,2018,Land Use,Ch4,1.953
France,Europe,2007,Industrial Processes,Ch4,0.183
Japan,Asia,2022,Manufacturing,Co2,123.526
Russia,Europe,2001,Buildings,Ch4,21.277
United Kingdom,Europe,2001,Industrial Processes,Ch4,0.235
United Kingdom,Europe,2002,Waste,Sf6,0.129
Canada,North America,2016,Buildings,Ch4,11.811
Mexico,North America,2000,Transport,N2O,10.717
United States,North America,2016,Buildings,Co2,123.526
South Korea,Asia,2005,Waste,Co2,4.532
United Kingdom,Europe,2016,Energy,Co2,59.256
Indonesia,Asia,2006,Land Use,N2O,70.055
Canada,North America,2001,Buildings,N2O,8.959
Mexico,North America,2007,Transport,Hfcs,4.782
South Africa,Africa,2018,Transport,Co2,50.188
United States,North America,2016,Transport,Sf6,14.396
Russia,Europe,2005,Manufacturing,Ch4,38.17
India,Asia,2012,Manufacturing,Co2,123.526
United Kingdom,Europe,2014,,N2O,7.128
India,Asia,2002,Manufacturing,N2O,71.805
Russia,Europe,2002,Agriculture,Ch4,103.446
South Africa,Africa,2020,Manufacturing,Ch4,6.682
Russia,Europe,2009,Transport,Ch4,12.809
China,Asia,2003,Energy,Sf6,64.554
United States,North America,2003,Waste,Ch4,103.053
United States,North America,2021,Agriculture,Sf6,4.243
Mexico,North America,2021,Transport,Co2,109.627
Australia,Oceania,2003,Land Use,Co2,6.418
India,Asia,2005,Energy,Hfcs,34.459
South Africa,Africa,2005,Buildings,N2O,2.003
South Africa,Africa,2014,Land Use,Sf6,0.104
United Kingdom,Europe,2019,Industrial Processes,Hfcs,0.696
Australia,Oceania,2008,Agriculture,Co2,7.63
South Africa,Africa,2015,Buildings,N2O,2.074
India,Asia,2006,Industrial Processes,N2O,91.07
Germany,Europe,2005,Agriculture,Ch4,36.878
United States,North America,2006,Manufacturing,Ch4,63.257
South Korea,Asia,2000,Buildings,Ch4,10.141
China,Asia,2018,Transport,Co2,123.526
China,Asia,2020,Transport,Hfcs,121.303
France,Europe,2008,Manufacturing,Co2,11.148
United Kingdom,Europe,2013,Transport,Sf6,0.866
Japan,Asia,2002,Waste,Ch4,22.656
United Kingdom,Europe,2013,Buildings,Sf6,0.561
Mexico,North America,2016,Buildings,Ch4,7.333
Germany,Europe,2003,Energy,,7.128
France,Europe,2017,Land Use,Co2,1.165
India,Asia,2018,Land Use,Ch4,38.353
United States,North America,2020,Energy,Sf6,27.574
United Kingdom,Europe,2019,Land Use,Sf6,0.1
China,Asia,2015,Transport,N2O,123.526
Indonesia,Asia,2013,Land Use,Ch4,43.513
Australia,Oceania,2019,Manufacturing,Co2,31.44
Russia,Europe,2008,Manufacturing,N2O,32.345
Japan,Asia,2023,Manufacturing,N2O,19.251
India,Asia,2003,Agriculture,Hfcs,33.258
Russia,Europe,2007,Energy,Sf6,16.374
United Kingdom,Europe,2020,Industrial Processes,N2O,0.252
France,Europe,2014,Buildings,N2O,5.596
Mexico,North America,2011,Agriculture,Sf6,0.769
United States,North America,2017,Manufacturing,N2O,58.803
South Korea,Asia,2009,Waste,Sf6,0.228
Australia,Oceania,2000,Energy,Sf6,4.023
India,Asia,2019,Land Use,Co2,84.274
Mexico,North America,2021,Agriculture,Co2,8.176
Canada,North America,2020,Waste,Sf6,0.261
Germany,Europe,2010,Waste,Ch4,16.06
Brazil,South America,2023,Industrial Processes,Co2,4.799
China,Asia,2010,Buildings,N2O,110.674
Japan,Asia,2012,Industrial Processes,Ch4,0.501
Australia,Oceania,2005,Transport,Sf6,0.899
India,Asia,2023,Transport,Co2,123.526
Germany,Europe,2005,Waste,Ch4,16.317
Mexico,North America,2008,Transport,N2O,12.123
Japan,Asia,2011,Energy,Sf6,8.698
United States,North America,2001,Energy,Ch4,123.526
Germany,Europe,2008,Industrial Processes,Hfcs,3.372
India,Asia,2012,Manufacturing,Hfcs,88.053
Russia,Europe,2017,Manufacturing,Co2,123.526
Canada,North America,2000,Transport,Ch4,9.131
Germany,Europe,2000,Transport,N2O,16.159
United States,North America,2000,Energy,Ch4,123.526
Australia,Oceania,2017,Transport,Sf6,0.977
United Kingdom,Europe,2013,Agriculture,Co2,3.494
China,Asia,2018,Industrial Processes,N2O,61.1
Japan,Asia,2012,Land Use,Hfcs,0.1
India,Asia,2009,Energy,Sf6,23.664
Australia,Oceania,2011,Buildings,Hfcs,5.182
Japan,Asia,2000,Waste,N2O,6.135
Mexico,North America,2009,Industrial Processes,N2O,0.507
China,Asia,2020,Transport,N2O,123.526
Germany,Europe,2001,Waste,N2O,5.472
Canada,North America,2007,Buildings,Hfcs,12.735
India,Asia,2000,Industrial Processes,Ch4,3.58
United Kingdom,Europe,2008,Land Use,N2O,1.263
Indonesia,Asia,2008,Manufacturing,N2O,7.619
India,Asia,2012,Energy,N2O,72.972
South Africa,Africa,2000,Manufacturing,Co2,46.006
United States,North America,2002,Land Use,Hfcs,4.342
Brazil,South America,2019,Energy,Sf6,3.508
Indonesia,Asia,2021,,N2O,7.128
Mexico,North America,2004,Manufacturing,Co2,43.516
South Korea,Asia,2010,Manufacturing,Co2,123.526
France,Europe,2006,Industrial Processes,Ch4,0.191
Indonesia,Asia,2016,Industrial Processes,Ch4,0.623
Mexico,North America,2003,Land Use,Hfcs,0.597
Indonesia,Asia,2002,Manufacturing,N2O,6.226
United States,North America,2001,Energy,Hfcs,59.143
Canada,North America,2023,Manufacturing,Hfcs,6.659
Canada,North America,2021,Transport,Ch4,9.365
South Africa,Africa,2006,Land Use,Ch4,1.868
Japan,Asia,2014,Transport,Hfcs,8.46
Indonesia,Asia,2005,Waste,N2O,7.55
Brazil,South America,2013,Transport,Sf6,1.387
United Kingdom,Europe,2001,Land Use,Ch4,0.905
Mexico,North America,2008,Transport,Ch4,5.975
Australia,Oceania,2015,Manufacturing,N2O,4.879
United States,North America,2000,Waste,Co2,35.974
United Kingdom,Europe,2021,Energy,Hfcs,2.485
Brazil,South America,2010,Transport,Sf6,1.286
France,Europe,2014,Manufacturing,Co2,10.013
Canada,North America,2016,Buildings,Sf6,0.856
United Kingdom,Europe,2013,Energy,Sf6,1.689
Mexico,North America,2020,Transport,Co2,112.226
South Africa,Africa,2004,Waste,N2O,4.083
India,Asia,2013,Buildings,N2O,50.237
China,Asia,2006,Waste,Hfcs,6.184
South Korea,Asia,2007,Energy,N2O,11.875
Russia,Europe,2017,Buildings,Co2,79.602
China,Asia,2001,Land Use,Ch4,79.189
Indonesia,Asia,2018,Industrial Processes,Co2,5.517
France,Europe,2016,Energy,Sf6,1.604
India,Asia,2022,Buildings,Ch4,96.342
Mexico,North America,2014,Transport,Hfcs,5.705
China,Asia,2014,Waste,Sf6,8.176
United Kingdom,Europe,2013,Industrial Processes,Hfcs,0.861
South Africa,Africa,2007,Transport,Co2,51.185
France,Europe,2004,Transport,Hfcs,4.445
Mexico,North America,2000,Land Use,Co2,5.595
United Kingdom,Europe,2022,Buildings,Co2,24.35
Russia,Europe,2021,Industrial Processes,Hfcs,4.827
Canada,North America,2003,Transport,Co2,123.526
India,Asia,2002,Waste,Hfcs,2.162
Australia,Oceania,2005,Waste,Sf6,0.197
United Kingdom,Europe,2009,Waste,N2O,1.759
Japan,Asia,2016,Agriculture,Sf6,0.409
United Kingdom,Europe,2000,Transport,Sf6,1.214
France,Europe,2023,Buildings,,7.128
Australia,Oceania,2022,Manufacturing,Ch4,5.337
Indonesia,Asia,2005,Industrial Processes,N2O,0.954
India,Asia,2012,Land Use,N2O,59.832
Germany,Europe,2020,Transport,N2O,9.54
South Korea,Asia,2019,Waste,Sf6,0.239
Australia,Oceania,2018,Agriculture,N2O,23.088
China,Asia,2022,Manufacturing,Ch4,123.526
South Africa,Africa,2018,Agriculture,Co2,7.674
United States,North America,2015,Waste,N2O,27.439
Brazil,South America,2023,Transport,Ch4,7.413
United States,North America,2018,Industrial Processes,Sf6,7.197
Brazil,South America,2008,Buildings,Co2,5.62
Russia,Europe,2023,Transport,Ch4,13.954
Australia,Oceania,2004,Transport,Ch4,4.474
France,Europe,2021,Industrial Processes,Ch4,0.149
Germany,Europe,2003,Energy,Ch4,44.403
South Africa,Africa,2009,Land Use,Ch4,1.955
Canada,North America,2007,Industrial Processes,Ch4,0.697
Indonesia,Asia,2019,Waste,Hfcs,0.606
China,Asia,2022,Agriculture,Co2,123.526
Germany,Europe,2004,Transport,Ch4,7.215
Japan,Asia,2003,Manufacturing,Sf6,13.366
Indonesia,Asia,2000,Transport,Co2,79.952
Australia,Oceania,2019,Manufacturing,Sf6,2.604
Brazil,South America,2003,Manufacturing,Hfcs,6.919
France,Europe,2009,Buildings,Ch4,9.286
Indonesia,Asia,2002,Agriculture,Sf6,1.398
France,Europe,2010,Agriculture,Sf6,0.655
China,Asia,2014,Buildings,Sf6,14.149
Germany,Europe,2002,Agriculture,N2O,21.152
United States,North America,2007,Buildings,Co2,123.526
Mexico,North America,2017,Manufacturing,Co2,53.669
,Asia,2007,Land Use,Co2,7.128
United States,North America,2018,Industrial Processes,Ch4,2.326
Brazil,South America,2006,Transport,Sf6,1.27
India,Asia,2003,Agriculture,N2O,123.526
France,Europe,2015,Industrial Processes,Ch4,0.168
Germany,Europe,2020,Waste,Hfcs,0.204
Germany,Europe,2011,Manufacturing,Hfcs,12.674
Brazil,South America,2022,Transport,Ch4,7.986
Russia,Europe,2022,Buildings,Hfcs,19.305
United States,North America,2001,Transport,Hfcs,63.863
Canada,North America,2015,Waste,N2O,4.985
Indonesia,Asia,2015,Agriculture,Ch4,110.531
South Africa,Africa,2004,Land Use,Ch4,1.84
South Korea,Asia,2017,Buildings,Hfcs,12.382
United Kingdom,Europe,2005,Agriculture,N2O,11.423
Germany,Europe,2005,Manufacturing,Sf6,7.801
Australia,Oceania,2002,Energy,Ch4,41.79
China,Asia,2002,Agriculture,Co2,101.577
India,Asia,2001,Waste,N2O,39.101
France,Europe,2022,Buildings,Co2,29.141
Mexico,North America,2011,Transport,Sf6,1.347
Canada,North America,2013,Industrial Processes,Sf6,2.144
Indonesia,Asia,2004,Energy,Co2,123.526
United Kingdom,Europe,2023,Agriculture,Co2,2.614
South Africa,Africa,2009,Transport,N2O,5.456
Mexico,North America,2003,Buildings,Co2,27.711
Mexico,North America,2000,Industrial Processes,Ch4,0.239
Russia,Europe,2001,Transport,Co2,123.526
United Kingdom,Europe,2002,Energy,Ch4,22.131
South Korea,Asia,2012,Waste,Co2,4.401
Brazil,South America,2003,Energy,Sf6,3.308
India,Asia,2010,Buildings,Ch4,62.076
France,Europe,2011,Manufacturing,Sf6,0.922
United Kingdom,Europe,2018,Agriculture,Hfcs,1.177
China,Asia,2015,Waste,N2O,123.526
,North America,2019,Land Use,Hfcs,7.128
Canada,North America,2020,Waste,Co2,4.682
Indonesia,Asia,2018,Energy,Hfcs,13.997
Germany,Europe,2023,Transport,Co2,86.762
,Africa,2013,Agriculture,N2O,7.128
China,Asia,2003,Transport,Hfcs,62.168
Indonesia,Asia,2002,Manufacturing,Sf6,3.168
United Kingdom,Europe,2012,,Hfcs,7.128
Germany,Europe,2008,Buildings,N2O,8.978
Canada,North America,2014,Manufacturing,Sf6,3.574
Canada,North America,2006,Industrial Processes,Co2,6.634
India,Asia,2011,Industrial Processes,Hfcs,26.146
Mexico,North America,2013,Buildings,N2O,5.273
United States,North America,2005,Waste,Ch4,105.794
Indonesia,Asia,2004,Waste,Sf6,0.449
South Africa,Africa,2017,Manufacturing,Co2,46.091
Japan,Asia,2012,Land Use,Sf6,0.1
Germany,Europe,2010,Transport,N2O,12.279
South Africa,Africa,2011,Manufacturing,Co2,47.594
Australia,Oceania,2011,Waste,N2O,3.863
United States,North America,2003,Manufacturing,Ch4,66.737
Brazil,South America,2022,Agriculture,Hfcs,12.207
United States,North America,2007,Land Use,Hfcs,4.144
Japan,Asia,2022,Manufacturing,Hfcs,21.81
Indonesia,Asia,2020,Industrial Processes,Co2,5.233
Australia,Oceania,2002,Transport,Hfcs,3.531
Canada,North America,2001,Industrial Processes,N2O,1.448
Brazil,South America,2021,Manufacturing,Co2,52.186
Russia,Europe,2011,Industrial Processes,Hfcs,5.087
South Korea,Asia,2001,Industrial Processes,Co2,6.174
China,Asia,2004,Buildings,Hfcs,123.526
France,Europe,2023,Buildings,Hfcs,6.792
Indonesia,Asia,2015,Industrial Processes,Ch4,0.534
Brazil,South America,2018,Land Use,Hfcs,9.661
Germany,Europe,2018,Transport,N2O,10.625
Brazil,South America,2021,Energy,Hfcs,6.269
Indonesia,Asia,2013,Buildings,Sf6,0.118
India,Asia,2001,Energy,Ch4,123.526
Japan,Asia,2004,Land Use,N2O,0.1
Japan,Asia,2002,Agriculture,Ch4,23.938
South Korea,Asia,2008,Industrial Processes,Sf6,2.363
Brazil,South America,2002,Waste,Sf6,0.371
South Africa,Africa,2008,Industrial Processes,Co2,2.375
Brazil,South America,2011,Waste,Ch4,22.15
Indonesia,Asia,2000,Agriculture,Hfcs,5.415
United Kingdom,Europe,2017,Manufacturing,Ch4,4.704
United States,North America,2007,Agriculture,Ch4,123.526
Russia,Europe,2007,Manufacturing,Ch4,36.177
Russia,Europe,2011,Industrial Processes,Sf6,2.977
Australia,Oceania,2017,Agriculture,N2O,24.596
France,Europe,2017,Buildings,N2O,5.651
Mexico,North America,2015,Energy,Ch4,31.669
Canada,North America,2017,Agriculture,Ch4,37.557
Canada,North America,2020,Manufacturing,Hfcs,6.213
United States,North America,2002,Agriculture,Ch4,123.526
Australia,Oceania,2014,Buildings,Ch4,5.476
South Korea,Asia,2019,Buildings,Sf6,0.931
Germany,Europe,2023,Energy,Hfcs,4.342
South Africa,Africa,2023,Manufacturing,Ch4,7.952
United States,North America,2022,Land Use,Sf6,0.998
Canada,North America,2014,Energy,N2O,11.532
Australia,Oceania,2009,Transport,Hfcs,3.444
France,Europe,2012,Industrial Processes,Hfcs,0.795
Germany,Europe,2012,Energy,N2O,9.676
Brazil,South America,2001,Land Use,Ch4,45.175
Indonesia,Asia,2006,Industrial Processes,Hfcs,2.183
Australia,Oceania,2019,Industrial Processes,Ch4,0.538
Mexico,North America,2006,Buildings,Sf6,0.488
France,Europe,2018,Industrial Processes,Sf6,0.487
Germany,Europe,2016,Transport,Co2,96.237
South Korea,Asia,2023,Manufacturing,Co2,123.526
Germany,Europe,2002,Energy,Sf6,4.972
South Africa,Africa,2008,Waste,N2O,4.197
Australia,Oceania,2015,Land Use,N2O,5.551
France,Europe,2004,Manufacturing,Sf6,0.929
South Korea,Asia,2004,Agriculture,Co2,3.341
Indonesia,Asia,2005,Land Use,Sf6,1.781
Russia,Europe,2005,Land Use,Hfcs,1.523
Russia,Europe,2010,Buildings,Hfcs,18.476
United States,North America,2018,Agriculture,Co2,42.719
Australia,Oceania,2017,Buildings,Ch4,5.467
Japan,Asia,2006,Transport,Hfcs,8.693
Indonesia,Asia,2008,Transport,Co2,87.031
Russia,Europe,2010,Waste,Hfcs,0.57
United States,North America,2013,Buildings,Sf6,6.713
United States,North America,2021,Transport,Ch4,72.564
Germany,Europe,2000,Land Use,Ch4,1.519
Russia,Europe,2022,Land Use,Ch4,6.97
South Africa,Africa,2010,Agriculture,Ch4,39.369
France,Europe,2017,Agriculture,Sf6,0.54
United Kingdom,Europe,2013,Transport,Ch4,4.205
United States,North America,2018,Industrial Processes,N2O,5.163
India,Asia,2019,Manufacturing,Ch4,123.526
United States,North America,2022,Transport,Hfcs,57.205
Germany,Europe,2016,Land Use,N2O,2.164
France,Europe,2006,Transport,Ch4,5.461
Brazil,South America,2021,Buildings,N2O,1.104
Russia,Europe,2013,Industrial Processes,Co2,8.502
United Kingdom,Europe,2006,Transport,Ch4,4.204
China,Asia,2003,Buildings,N2O,89.95
United Kingdom,Europe,2014,Land Use,Ch4,0.611
Canada,North America,2006,Land Use,N2O,4.882
United Kingdom,Europe,2005,Transport,Hfcs,4.444
Mexico,North America,2002,Energy,Hfcs,4.69
United States,North America,2003,Industrial Processes,N2O,6.173
United States,North America,2019,Industrial Processes,Ch4,2.661
China,Asia,2012,Manufacturing,N2O,123.526
Canada,North America,2000,Land Use,Ch4,3.028
China,Asia,2021,Land Use,Co2,123.526
Russia,Europe,2011,Industrial Processes,N2O,1.899
Australia,Oceania,2011,Buildings,Sf6,0.337
Canada,North America,2023,Industrial Processes,Hfcs,3.114
China,Asia,2018,Energy,Ch4,123.526
China,Asia,2022,Transport,Ch4,123.526
South Africa,Africa,2013,Transport,Hfcs,2.561
France,Europe,2002,Buildings,Sf6,0.739
Indonesia,Asia,2014,Energy,Ch4,80.717
South Korea,Asia,2016,Waste,N2O,4.121
South Korea,Asia,2010,Buildings,N2O,7.409
Mexico,North America,2004,Transport,Ch4,5.673
United Kingdom,Europe,2008,Energy,N2O,5.231
China,Asia,2007,Land Use,Sf6,5.547
Mexico,North America,2013,Transport,Sf6,1.244
France,Europe,2007,Buildings,Hfcs,9.33
Germany,Europe,2009,Energy,Sf6,3.526
Brazil,South America,2002,Agriculture,Co2,25.952
Brazil,South America,2009,Transport,Sf6,1.229
,Asia,2016,,N2O,7.128
Russia,Europe,2006,Transport,Sf6,2.899
India,Asia,2001,Industrial Processes,Ch4,3.887
France,Europe,2005,Land Use,Co2,1.605
Germany,Europe,2003,Transport,Hfcs,6.109
France,Europe,2023,Manufacturing,Hfcs,1.332
China,Asia,2008,Manufacturing,Ch4,123.526
France,Europe,2023,Manufacturing,Sf6,0.747
Indonesia,Asia,2016,Manufacturing,N2O,9.661
United Kingdom,Europe,2011,Industrial Processes,Ch4,0.161
Russia,Europe,2002,Waste,Co2,12.819
Germany,Europe,2019,Buildings,Co2,48.395
Brazil,South America,2019,Agriculture,Ch4,123.526
Australia,Oceania,2023,Energy,Hfcs,6.316
Russia,Europe,2016,Industrial Processes,Hfcs,4.447
Mexico,North America,2019,Manufacturing,Hfcs,7.517
China,Asia,2007,Waste,N2O,115.079
France,Europe,2011,Industrial Processes,N2O,0.33
China,Asia,2008,Waste,Hfcs,6.706
Brazil,South America,2003,Industrial Processes,Hfcs,2.225
Mexico,North America,2007,Manufacturing,Hfcs,7.507
Canada,North America,2013,Energy,Hfcs,7.542
South Africa,Africa,2009,Waste,Ch4,14.136
Germany,Europe,2016,Energy,N2O,8.76
South Korea,Asia,2014,Buildings,Hfcs,10.352
Mexico,North America,2004,Manufacturing,Hfcs,7.037
Canada,North America,2003,Manufacturing,Co2,46.693
Indonesia,Asia,2007,Land Use,Ch4,41.926
United Kingdom,Europe,2020,Energy,Ch4,13.624
Indonesia,Asia,2008,Agriculture,Ch4,102.508
United Kingdom,Europe,2004,Transport,N2O,11.014
United States,North America,2017,Waste,Ch4,86.792
Canada,North America,2021,Manufacturing,Sf6,3.626
Japan,Asia,2019,Agriculture,Co2,4.107
China,Asia,2001,Agriculture,N2O,123.526
United Kingdom,Europe,2001,Waste,Ch4,73.26
,South America,2012,Buildings,Hfcs,7.128
United States,North America,2012,Transport,Co2,123.526
Australia,Oceania,2022,Waste,Sf6,0.224
Mexico,North America,2002,Industrial Processes,Sf6,0.741
United States,North America,2018,Manufacturing,Co2,123.526
United States,North America,2015,Agriculture,Sf6,4.434
France,Europe,2005,Manufacturing,Hfcs,2.008
Germany,Europe,2014,,Co2,7.128
United States,North America,2016,Land Use,Co2,42.834
Indonesia,Asia,2017,Land Use,Co2,99.174
United States,North America,2023,Energy,Ch4,123.526
Japan,Asia,2006,Land Use,Sf6,0.1
Japan,Asia,2017,Waste,Sf6,0.292
South Africa,Africa,2012,Manufacturing,Ch4,7.339
Indonesia,Asia,2017,Transport,Co2,107.747
Australia,Oceania,2010,Energy,Co2,123.526
Indonesia,Asia,2005,Agriculture,Ch4,85.433
France,Europe,2011,Energy,Sf6,1.533
China,Asia,2004,Waste,Ch4,123.526
Japan,Asia,2018,Industrial Processes,Hfcs,2.327
Canada,North America,2011,Waste,Co2,6.062
South Africa,Africa,2000,Transport,Sf6,0.547
South Africa,Africa,2008,Land Use,Sf6,0.106
Brazil,South America,2020,Waste,N2O,6.558
United States,North America,2006,Land Use,Sf6,1.157
Indonesia,Asia,2019,Buildings,N2O,1.247
Germany,Europe,2001,Industrial Processes,Co2,6.938
China,Asia,2011,Transport,Ch4,123.526
China,Asia,2021,Energy,Sf6,123.526
Japan,Asia,2010,Energy,Ch4,91.657
Mexico,North America,2018,Waste,Sf6,0.277
France,Europe,2016,Manufacturing,N2O,1.613
India,Asia,2013,Energy,Co2,123.526
Russia,Europe,2005,Buildings,Hfcs,19.104
South Korea,Asia,2000,Agriculture,N2O,9.37
Germany,Europe,2023,Agriculture,Sf6,0.441
Canada,North America,2006,Agriculture,Sf6,0.733
Brazil,South America,2008,Agriculture,Sf6,2.742
India,Asia,2005,Land Use,Hfcs,5.248
Japan,Asia,2017,Industrial Processes,Hfcs,2.292
Indonesia,Asia,2003,Manufacturing,Co2,45.578
Japan,Asia,2006,Waste,N2O,5.869
Indonesia,Asia,2018,Industrial Processes,Ch4,0.648
France,Europe,2016,Transport,Sf6,0.925
Indonesia,Asia,2014,Land Use,Sf6,2.44
China,Asia,2019,Manufacturing,Ch4,123.526
South Korea,Asia,2018,Manufacturing,N2O,24.063
South Africa,Africa,2001,Industrial Processes,Sf6,0.697
Brazil,South America,2014,Energy,Sf6,3.38
Mexico,North America,2004,Manufacturing,Ch4,7.257
Australia,Oceania,2013,Buildings,N2O,3.37
South Africa,Africa,2009,Manufacturing,Ch4,6.352
France,Europe,2021,Land Use,Sf6,0.1
,Europe,2006,Manufacturing,Ch4,7.128
South Africa,Africa,2015,Land Use,N2O,3.533
Japan,Asia,2016,Buildings,N2O,9.208
Russia,Europe,2007,Buildings,Hfcs,18.424
Indonesia,Asia,2013,Industrial Processes,N2O,1.111
Canada,North America,2020,Energy,N2O,11.149
Mexico,North America,2010,Transport,N2O,12.34
Russia,Europe,2007,Industrial Processes,Sf6,2.887
France,Europe,2011,Transport,Sf6,1.008
United States,North America,2008,Transport,Sf6,14.457
South Africa,Africa,2010,Energy,N2O,11.681
South Africa,Africa,2011,Transport,Co2,51.942
France,Europe,2006,Buildings,Co2,40.638
Canada,North America,2020,Buildings,N2O,7.682
United States,North America,2022,Industrial Processes,Sf6,7.29
Indonesia,Asia,2020,Land Use,Hfcs,9.483
France,Europe,2003,Land Use,N2O,1.49
Japan,Asia,2016,Manufacturing,N2O,21.383
India,Asia,2005,Waste,Hfcs,2.492
Germany,Europe,2007,Agriculture,Ch4,32.826
United States,North America,2001,Industrial Processes,Ch4,2.894
Australia,Oceania,2004,Waste,Hfcs,0.198
South Africa,Africa,2010,Buildings,Ch4,2.929
Germany,Europe,2007,Agriculture,Sf6,0.634
China,Asia,2016,Transport,Sf6,28.088
Australia,Oceania,2015,Industrial Processes,Co2,4.515
Brazil,South America,2023,Land Use,Ch4,51.734
China,Asia,2021,Buildings,Ch4,123.526
Australia,Oceania,2011,,Co2,7.128
China,Asia,2004,Land Use,Ch4,99.537
South Korea,Asia,2015,Buildings,Ch4,11.72
Brazil,South America,2006,Waste,Ch4,24.016
India,Asia,2000,Buildings,N2O,32.936
Germany,Europe,2012,Agriculture,Ch4,29.246
Mexico,North America,2010,Energy,N2O,8.021
Australia,Oceania,2003,Manufacturing,Co2,30.741
South Korea,Asia,2007,Agriculture,N2O,10.235
France,Europe,2017,Manufacturing,Ch4,1.425
South Africa,Africa,2023,Buildings,Hfcs,2.845
Mexico,North America,2021,Waste,Hfcs,0.304
India,Asia,2021,Manufacturing,Co2,123.526
Germany,Europe,2007,Waste,Co2,5.689
Mexico,North America,2000,Industrial Processes,Hfcs,1.186
India,Asia,2017,Manufacturing,N2O,108.911
India,Asia,2012,Agriculture,Ch4,123.526
United States,North America,2003,Agriculture,Sf6,5.014
Brazil,South America,2007,Waste,Co2,7.971
United States,North America,2014,Waste,Ch4,98.418
Germany,Europe,2018,,Sf6,7.128
Brazil,South America,2006,Land Use,Sf6,2.413
United Kingdom,Europe,2006,Transport,,7.128
Canada,North America,2005,Land Use,Hfcs,0.539
Russia,Europe,2006,Manufacturing,Co2,123.526
Germany,Europe,2000,Manufacturing,Ch4,15.628
Mexico,North America,2023,Agriculture,Co2,7.937
Brazil,South America,2016,Manufacturing,Sf6,3.581
Russia,Europe,2023,Transport,Co2,123.526
Mexico,North America,2004,Industrial Processes,Hfcs,1.298
United Kingdom,Europe,2000,Buildings,N2O,7.515
Canada,North America,2017,Land Use,Ch4,2.737
Canada,North America,2001,Agriculture,Sf6,0.738
South Africa,Africa,2003,Manufacturing,Sf6,3.505
China,Asia,2011,Buildings,Sf6,13.226
United States,North America,2007,Manufacturing,N2O,67.018
India,Asia,2008,Manufacturing,Sf6,41.045
Japan,Asia,2020,Land Use,Co2,0.1
South Africa,Africa,2016,Agriculture,Sf6,0.75
Brazil,South America,2011,Land Use,Ch4,52.355
Canada,North America,2016,Buildings,N2O,8.954
United Kingdom,Europe,2016,Waste,Sf6,0.1
Indonesia,Asia,2019,Transport,N2O,14.837
United States,North America,2007,Buildings,N2O,70.495
Mexico,North America,2015,Agriculture,N2O,22.169
Canada,North America,2012,Agriculture,N2O,20.397
United States,North America,2000,Manufacturing,Co2,123.526
United Kingdom,Europe,2020,Transport,Co2,49.551
Australia,Oceania,2012,Agriculture,Hfcs,3.156
Brazil,South America,2020,Buildings,N2O,1.019
India,Asia,2011,Waste,N2O,56.079
South Africa,Africa,2017,Land Use,Co2,4.273
Japan,Asia,2005,Buildings,Ch4,16.77
Canada,North America,2010,Transport,Sf6,1.91
Indonesia,Asia,2015,Land Use,Hfcs,9.526
Germany,Europe,2001,Energy,N2O,12.622
Brazil,South America,2007,Manufacturing,Co2,43.25
South Africa,Africa,2005,Agriculture,Ch4,36.327
United Kingdom,Europe,2018,Land Use,Sf6,0.1
Germany,Europe,2000,Industrial Processes,Co2,7.107
India,Asia,2021,Waste,Sf6,4.854
Australia,Oceania,2012,Manufacturing,Ch4,5.253
Mexico,North America,2011,Transport,Ch4,6.365
United States,North America,2022,Manufacturing,N2O,57.353
Mexico,North America,2003,Agriculture,Ch4,35.247
Germany,Europe,2006,Waste,Hfcs,0.301
Japan,Asia,2010,Agriculture,Hfcs,1.771
South Korea,Asia,2015,Energy,Ch4,61.218
Russia,Europe,2009,Manufacturing,Co2,123.526
Canada,North America,2015,Energy,Hfcs,7.542
India,Asia,2019,Agriculture,Co2,123.526
Canada,North America,2016,Waste,Sf6,0.274
Germany,Europe,2019,Waste,N2O,3.924
Indonesia,Asia,2005,Transport,Ch4,5.164
United States,North America,2008,Industrial Processes,Sf6,7.721
France,Europe,2010,Manufacturing,,7.128
South Africa,Africa,2023,Agriculture,Hfcs,3.026
Japan,Asia,2009,Energy,N2O,19.674
Indonesia,Asia,2023,Industrial Processes,Hfcs,3.401
United Kingdom,Europe,2011,Agriculture,N2O,10.879
United States,North America,2004,Manufacturing,Co2,123.526
Germany,Europe,2017,Transport,Sf6,1.077
Russia,Europe,2015,Waste,Co2,11.696
,Europe,2022,Waste,Sf6,7.128
Canada,North America,2009,Transport,Ch4,9.001
Mexico,North America,2008,Industrial Processes,Co2,2.398
South Africa,Africa,2022,Industrial Processes,Co2,2.383
Brazil,South America,2014,Manufacturing,Ch4,6.67
Indonesia,Asia,2011,,Sf6,7.128
Canada,North America,2006,Buildings,N2O,8.672
South Africa,Africa,2023,Energy,Ch4,54.08
India,Asia,2014,Waste,Co2,63.735
Russia,Europe,2000,Buildings,Sf6,1.405
China,Asia,2014,Agriculture,Co2,123.526
United States,North America,2012,Transport,Hfcs,63.802
Russia,Europe,2013,Agriculture,Sf6,2.011
Mexico,North America,2016,Agriculture,Hfcs,3.107
Mexico,North America,2016,Industrial Processes,Hfcs,1.5
Australia,Oceania,2016,Agriculture,Co2,8.276
Indonesia,Asia,2001,Transport,Sf6,1.251
Canada,North America,2002,Industrial Processes,N2O,1.513
Russia,Europe,2008,Waste,Ch4,33.692
South Africa,Africa,2018,Agriculture,Hfcs,3.089
Germany,Europe,2013,Buildings,Hfcs,12.186
Australia,Oceania,2014,Waste,Sf6,0.213
South Korea,Asia,2004,Transport,Co2,97.154
Russia,Europe,2016,Manufacturing,Sf6,15.954
Mexico,North America,2010,Industrial Processes,Hfcs,1.231
Brazil,South America,2004,Industrial Processes,Sf6,1.463
India,Asia,2022,Waste,N2O,75.355
Brazil,South America,2000,Buildings,Co2,5.532
Japan,Asia,2004,Industrial Processes,Ch4,0.537
United States,North America,2009,Manufacturing,Hfcs,57.595
Russia,Europe,2009,Buildings,N2O,12.643
South Korea,Asia,2004,Industrial Processes,Ch4,0.707
United Kingdom,Europe,2022,Agriculture,Co2,2.474
Canada,North America,2002,Industrial Processes,Hfcs,3.51
Japan,Asia,2023,Buildings,Ch4,13.787
China,Asia,2016,Agriculture,Co2,123.526
Brazil,South America,2006,Industrial Processes,Sf6,1.499
India,Asia,2008,Manufacturing,Hfcs,80.529
Japan,Asia,2014,Industrial Processes,Co2,4.467
Mexico,North America,2005,Buildings,Sf6,0.428
Canada,North America,2009,Energy,N2O,11.666
Mexico,North America,2018,Buildings,N2O,5.402
Russia,Europe,2016,Energy,Ch4,123.526
Mexico,North America,2004,Agriculture,Sf6,0.676
Germany,Europe,2015,Industrial Processes,Hfcs,2.999
Japan,Asia,2021,Buildings,Co2,55.174
China,Asia,2001,Waste,N2O,98.126
South Africa,Africa,2004,Industrial Processes,N2O,0.486
Indonesia,Asia,2000,Agriculture,N2O,45.973
Canada,North America,2022,Transport,Sf6,1.602
United States,North America,2007,Manufacturing,Hfcs,62.429
Indonesia,Asia,2002,Buildings,Hfcs,1.092
Indonesia,Asia,2021,Land Use,N2O,100.377
United States,North America,2000,Land Use,Ch4,24.748
Russia,Europe,2015,Buildings,Sf6,1.423
South Korea,Asia,2015,Waste,Co2,4.643
China,Asia,2022,Industrial Processes,Sf6,100.505
China,Asia,2004,Transport,Co2,123.526
United Kingdom,Europe,2014,Industrial Processes,Sf6,0.453
Indonesia,Asia,2022,Waste,N2O,12.581
Australia,Oceania,2012,Buildings,Ch4,5.118
Germany,Europe,2018,Land Use,Sf6,0.1
Mexico,North America,2019,Energy,Hfcs,5.388
India,Asia,2023,Agriculture,Co2,123.526
Indonesia,Asia,2019,Transport,Co2,123.526
Indonesia,Asia,2009,Transport,Sf6,1.109
Germany,Europe,2015,Buildings,Co2,48.859
France,Europe,2007,Transport,Ch4,4.959
Brazil,South America,2021,Buildings,Hfcs,1.559
Australia,Oceania,2016,Waste,Ch4,11.899
South Africa,Africa,2001,Agriculture,Ch4,35.168
South Korea,Asia,2020,Agriculture,Co2,4.273
India,Asia,2020,Manufacturing,Co2,123.526
Japan,Asia,2021,Waste,Sf6,0.302
Japan,Asia,2004,Waste,Hfcs,0.356
Mexico,North America,2015,Transport,Sf6,1.316
India,Asia,2011,Manufacturing,Hfcs,91.19
United Kingdom,Europe,2012,Agriculture,Sf6,0.35
Germany,Europe,2008,Agriculture,N2O,18.212
South Korea,Asia,2010,Agriculture,N2O,11.471
Indonesia,Asia,2002,Land Use,Sf6,1.632
India,Asia,2004,Buildings,Hfcs,52.192
Russia,Europe,2021,Industrial Processes,Sf6,3.084
Mexico,North America,2008,Buildings,Ch4,7.074
United States,North America,2021,Industrial Processes,N2O,4.922
Indonesia,Asia,2015,Manufacturing,Hfcs,8.68
Indonesia,Asia,2014,Energy,N2O,18.363
Japan,Asia,2022,Land Use,Co2,0.1
Australia,Oceania,2003,Industrial Processes,Sf6,1.503
Germany,Europe,2016,Buildings,Co2,49.412
United States,North America,2003,Agriculture,Hfcs,21.001
United Kingdom,Europe,2002,Industrial Processes,Ch4,0.204
Brazil,South America,2023,Industrial Processes,Hfcs,2.586
United Kingdom,Europe,2021,Energy,Ch4,16.04
Australia,Oceania,2008,Energy,Co2,123.526
China,Asia,2004,,Co2,7.128
China,Asia,2005,Energy,Hfcs,116.481
Brazil,South America,2018,Energy,Hfcs,5.17
Germany,Europe,2002,Buildings,,7.128
South Africa,Africa,2022,Manufacturing,Ch4,7.593
Japan,Asia,2003,Agriculture,Hfcs,1.835
Canada,North America,2023,Transport,N2O,15.907
United States,North America,2006,Land Use,Co2,48.041
Australia,Oceania,2013,Transport,Ch4,4.88
Russia,Europe,2004,Transport,Ch4,13.662
South Korea,Asia,2006,Industrial Processes,N2O,1.497
Russia,Europe,2000,Industrial Processes,Co2,9.235
Mexico,North America,2018,Transport,N2O,14.53
Germany,Europe,2010,Agriculture,Ch4,30.089
Brazil,South America,2008,Land Use,Ch4,47.012
Brazil,South America,2011,Energy,Sf6,3.305
India,Asia,2020,Transport,Co2,123.526
Germany,Europe,2011,Agriculture,Co2,5.802
Germany,Europe,2012,Agriculture,Sf6,0.554
China,Asia,2009,Buildings,Hfcs,123.526
Canada,North America,2019,Transport,Co2,123.526
Japan,Asia,2002,Transport,Ch4,11.419
China,Asia,2021,Manufacturing,N2O,123.526
China,Asia,2009,Agriculture,Co2,123.526
Brazil,South America,2019,Manufacturing,Sf6,3.728
India,Asia,2016,Energy,Ch4,123.526
Russia,Europe,2023,Energy,Ch4,123.526
Japan,Asia,2016,Manufacturing,Co2,123.526
United Kingdom,Europe,2006,Manufacturing,N2O,5.465
Indonesia,Asia,2010,Land Use,Ch4,38.548
Canada,North America,2003,Manufacturing,Sf6,3.773
Indonesia,Asia,2020,Industrial Processes,N2O,1.273
Mexico,North America,2003,Buildings,Hfcs,5.934
South Africa,Africa,2013,Agriculture,Co2,6.831
Brazil,South America,2004,Buildings,Sf6,0.1
China,Asia,2015,Manufacturing,Co2,123.526
India,Asia,2016,Manufacturing,Co2,123.526
China,Asia,2001,Agriculture,Hfcs,44.228
France,Europe,2009,Agriculture,N2O,17.261
Russia,Europe,2011,Buildings,Co2,86.329
France,Europe,2011,Manufacturing,N2O,1.838
Mexico,North America,2017,Buildings,Ch4,7.117
Mexico,North America,2022,Industrial Processes,Co2,2.549
United Kingdom,Europe,2003,Waste,Sf6,0.134
Brazil,South America,2002,Industrial Processes,Ch4,0.484
France,Europe,2014,Land Use,Hfcs,0.129
Australia,Oceania,2008,Industrial Processes,Co2,4.583
United States,North America,2021,Agriculture,N2O,123.526
United States,North America,2000,Land Use,Co2,42.834
France,Europe,2007,Transport,Hfcs,4.749
Indonesia,Asia,2017,Energy,Co2,123.526
South Korea,Asia,2018,Agriculture,Ch4,25.166
Russia,Europe,2001,Buildings,N2O,13.504
Australia,Oceania,2021,Energy,Co2,123.526
Russia,Europe,2007,Energy,Hfcs,26.449
Germany,Europe,2020,Industrial Processes,Hfcs,2.555
India,Asia,2017,Manufacturing,Hfcs,119.264
Russia,Europe,2018,Agriculture,N2O,55.7
South Korea,Asia,2013,Industrial Processes,Co2,7.154
South Korea,Asia,2004,Land Use,Ch4,1.276
Indonesia,Asia,2002,Land Use,Ch4,35.83
Russia,Europe,2022,Land Use,N2O,13.303
United Kingdom,Europe,2005,Waste,Ch4,7.109
Russia,Europe,2013,Industrial Processes,Sf6,3.083
United States,North America,2023,Agriculture,N2O,123.526
South Africa,Africa,2014,Waste,Co2,5.022
South Africa,Africa,2003,Agriculture,Hfcs,2.74
Japan,Asia,2011,Manufacturing,Co2,123.526
Japan,Asia,2009,Transport,N2O,19.04
Brazil,South America,2017,Buildings,Co2,5.951
United States,North America,2013,Waste,Co2,31.079
France,Europe,2023,Land Use,Co2,1.025
China,Asia,2016,Land Use,Co2,123.526
Australia,Oceania,2020,Land Use,Ch4,2.992
France,Europe,2011,Land Use,Hfcs,0.143
China,Asia,2022,Manufacturing,N2O,123.526
Russia,Europe,2010,Waste,Ch4,34.222
South Korea,Asia,2008,Waste,Ch4,13.409
Brazil,South America,2011,Industrial Processes,Sf6,1.567
,Europe,2000,Agriculture,Co2,7.128
Brazil,South America,2006,Energy,Hfcs,5.19
South Korea,Asia,2001,Manufacturing,Sf6,8.614
Indonesia,Asia,2017,Waste,Co2,12.145
United Kingdom,Europe,2023,Transport,Sf6,0.605
South Korea,Asia,2017,Industrial Processes,N2O,1.661
China,Asia,2000,Energy,N2O,123.526
Indonesia,Asia,2021,Transport,Hfcs,6.473
Brazil,South America,2007,Industrial Processes,Sf6,1.395
China,Asia,2013,Agriculture,Ch4,123.526
Mexico,North America,2001,Buildings,Hfcs,5.833
South Korea,Asia,2012,Buildings,Ch4,11.01
Mexico,North America,2002,Waste,Co2,4.711
Brazil,South America,2017,Industrial Processes,Ch4,0.517
Mexico,North America,2012,Manufacturing,Co2,50.863
South Africa,Africa,2005,Manufacturing,Hfcs,6.561
Australia,Oceania,2007,Energy,Hfcs,6.404
Russia,Europe,2013,Transport,Ch4,14.235
Brazil,South America,2005,Land Use,Ch4,47.144
Brazil,South America,2014,Transport,Hfcs,5.605
United Kingdom,Europe,2011,Waste,Ch4,6.309
India,Asia,2016,Transport,Co2,123.526
India,Asia,2016,Buildings,Ch4,87.026
Indonesia,Asia,2008,Industrial Processes,Co2,4.693
South Korea,Asia,2017,Waste,Co2,5.016
India,Asia,2017,Transport,N2O,84.79
South Africa,Africa,2022,Manufacturing,Co2,52.346
South Africa,Africa,2008,Buildings,Sf6,0.192
Australia,Oceania,2020,Transport,N2O,9.012
India,Asia,2004,Buildings,Sf6,3.784
South Africa,Africa,2004,Manufacturing,,7.128
United Kingdom,Europe,2019,Energy,Sf6,1.434
Mexico,North America,2020,Land Use,Hfcs,0.668
Japan,Asia,2004,Land Use,Sf6,0.1
France,Europe,2007,Industrial Processes,Co2,1.612
Japan,Asia,2006,Manufacturing,N2O,23.678
China,Asia,2016,Manufacturing,Hfcs,123.526
,Europe,2014,Land Use,Sf6,7.128
South Africa,Africa,2009,Manufacturing,N2O,6.594
Russia,Europe,2023,Manufacturing,Ch4,32.839
Canada,North America,2001,Agriculture,Hfcs,2.825
Indonesia,Asia,2019,Manufacturing,N2O,10.394
South Africa,Africa,2006,Industrial Processes,Sf6,0.693
Canada,North America,2013,Buildings,Co2,48.621
Germany,Europe,2001,Buildings,Sf6,1.158
Mexico,North America,2011,Land Use,Hfcs,0.621
Canada,North America,2002,Agriculture,Ch4,37.912
Australia,Oceania,2017,Industrial Processes,Sf6,1.508
Russia,Europe,2020,Buildings,Co2,74.876
France,Europe,2014,Buildings,Co2,36.678
United States,North America,2020,Waste,Hfcs,1.274
Indonesia,Asia,2020,Land Use,Sf6,2.453
Brazil,South America,2013,Land Use,Sf6,2.407
Russia,Europe,2019,Transport,Co2,123.526
United States,North America,2020,Manufacturing,Ch4,56.416
,Asia,2004,Land Use,N2O,7.128
Australia,Oceania,2009,Agriculture,N2O,21.44
United Kingdom,Europe,2008,Land Use,Sf6,0.1
Mexico,North America,2004,Land Use,Hfcs,0.556
South Africa,Africa,2011,Industrial Processes,Hfcs,1.354
Japan,Asia,2014,Waste,Hfcs,0.307
United Kingdom,Europe,2010,Energy,Co2,67.088
Japan,Asia,2003,Land Use,Ch4,0.1
India,Asia,2019,Transport,N2O,92.901
Germany,Europe,2013,Land Use,Co2,2.337
Japan,Asia,2003,Transport,N2O,22.135
Japan,Asia,2018,Land Use,N2O,0.1
France,Europe,2019,Land Use,Co2,1.169
China,Asia,2005,Industrial Processes,Hfcs,93.373
South Africa,Africa,2001,Energy,Hfcs,6.495
United Kingdom,Europe,2008,Land Use,Co2,1.473
Canada,North America,2004,Buildings,Ch4,12.596
France,Europe,2001,Waste,Sf6,0.124
Australia,Oceania,2012,Manufacturing,N2O,4.976
United Kingdom,Europe,2022,Land Use,Co2,0.969
Australia,Oceania,2000,Energy,Co2,123.526
Japan,Asia,2007,Manufacturing,N2O,23.338
France,Europe,2011,Land Use,Co2,1.326
France,Europe,2007,Transport,Co2,93.811
France,Europe,2021,Manufacturing,Hfcs,1.553
,Europe,2016,Land Use,N2O,7.128
Russia,Europe,2012,Energy,Co2,123.526
South Korea,Asia,2016,Transport,Hfcs,5.587
Japan,Asia,2020,Waste,Hfcs,0.265
South Korea,Asia,2001,Land Use,Ch4,1.359
Brazil,South America,2000,Buildings,Hfcs,1.181
Germany,Europe,2016,Waste,N2O,3.852
Indonesia,Asia,2019,Manufacturing,Ch4,10.217
China,Asia,2003,Waste,Ch4,123.526
South Africa,Africa,2016,Industrial Processes,Co2,2.273
India,Asia,2009,Agriculture,Sf6,8.258
Canada,North America,2011,Manufacturing,Hfcs,6.769
South Africa,Africa,2010,Land Use,N2O,3.613
Indonesia,Asia,2022,Industrial Processes,N2O,1.34
South Africa,Africa,2008,Land Use,Ch4,1.919
Indonesia,Asia,2013,Land Use,Hfcs,9.469
Australia,Oceania,2001,Agriculture,Co2,7.924
Canada,North America,2009,Energy,Ch4,49.174
Germany,Europe,2022,Agriculture,Hfcs,1.973
Australia,Oceania,2006,Land Use,N2O,5.63
Germany,Europe,2013,Buildings,Sf6,0.913
United Kingdom,Europe,2009,,Ch4,7.128
South Africa,Africa,2022,Manufacturing,Sf6,3.724
France,Europe,2016,Industrial Processes,Co2,1.416
Germany,Europe,2017,Waste,Co2,4.766
China,Asia,2014,Industrial Processes,Ch4,26.672
Mexico,North America,2018,Waste,Co2,5.497
Indonesia,Asia,2015,Land Use,N2O,76.407
Japan,Asia,2009,Energy,Sf6,7.639
Mexico,North America,2020,Buildings,Sf6,0.499
United States,North America,2017,Transport,N2O,123.526
Canada,North America,2002,Manufacturing,Co2,45.413
India,Asia,2019,Buildings,Co2,123.526
United States,North America,2018,Buildings,Co2,123.526
India,Asia,2021,Agriculture,Hfcs,59.584
Canada,North America,2006,Transport,Hfcs,7.465
South Korea,Asia,2011,Buildings,Hfcs,10.503
Brazil,South America,2011,Manufacturing,Sf6,3.247
China,Asia,2002,Transport,Ch4,84.1
Indonesia,Asia,2010,Buildings,Co2,5.742
Indonesia,Asia,2009,Agriculture,Co2,17.377
Mexico,North America,2006,Agriculture,N2O,21.84
India,Asia,2016,Land Use,Sf6,1.717
United States,North America,2001,Waste,Sf6,1.876
China,Asia,2003,Manufacturing,Ch4,123.526
Canada,North America,2006,Agriculture,N2O,20.299
France,Europe,2007,Waste,Hfcs,0.111
Canada,North America,2007,Buildings,Sf6,0.883
India,Asia,2023,Agriculture,Sf6,14.459
United States,North America,2006,Energy,Co2,123.526
Brazil,South America,2009,Energy,Ch4,30.698
United Kingdom,Europe,2004,Energy,Hfcs,3.661
Australia,Oceania,2002,Industrial Processes,Hfcs,2.394
France,Europe,2016,Energy,Ch4,14.809
Brazil,South America,2013,Manufacturing,Ch4,6.82
Germany,Europe,2002,Transport,N2O,15.759
Mexico,North America,2021,Energy,Ch4,35.962
South Korea,Asia,2019,Waste,Hfcs,0.25
Russia,Europe,2018,Transport,Ch4,13.954
Mexico,North America,2012,Transport,Sf6,1.244
India,Asia,2010,Agriculture,Co2,94.912
India,Asia,2006,Waste,N2O,48.444
China,Asia,2004,Industrial Processes,Co2,123.526
Japan,Asia,2006,Manufacturing,Sf6,10.925
China,Asia,2020,Energy,N2O,123.526
India,Asia,2018,Waste,Hfcs,4.05
China,Asia,2006,Energy,Ch4,123.526
India,Asia,2003,Waste,Hfcs,2.203
United Kingdom,Europe,2010,Transport,N2O,9.292
Mexico,North America,2006,Transport,Sf6,1.185
China,Asia,2016,Energy,Sf6,105.542
Australia,Oceania,2011,,Ch4,7.128
Japan,Asia,2007,Buildings,Hfcs,15.025
United States,North America,2016,Industrial Processes,N2O,4.825
Canada,North America,2020,Land Use,N2O,4.531
South Korea,Asia,2015,Land Use,N2O,2.63
Russia,Europe,2004,Land Use,Sf6,0.401
Australia,Oceania,2009,Agriculture,Sf6,0.735
Canada,North America,2014,Manufacturing,Ch4,6.61
Russia,Europe,2009,Industrial Processes,Hfcs,4.453
South Korea,Asia,2008,Energy,Hfcs,8.208
Japan,Asia,2004,Agriculture,Co2,4.555
United Kingdom,Europe,2018,Manufacturing,Hfcs,3.899
South Korea,Asia,2016,Transport,Ch4,6.204
Canada,North America,2004,Industrial Processes,Co2,6.27
United Kingdom,Europe,2013,Industrial Processes,Sf6,0.512
South Korea,Asia,2003,Waste,Sf6,0.191
China,Asia,2001,Buildings,N2O,87.576
France,Europe,2023,Waste,Sf6,0.1
Indonesia,Asia,2018,Waste,Hfcs,0.635
South Africa,Africa,2002,Agriculture,Co2,7.238
France,Europe,2001,Land Use,Co2,1.664
France,Europe,2012,Waste,Ch4,5.641
China,Asia,2016,Industrial Processes,Sf6,89.213
India,Asia,2003,Energy,Ch4,123.526
Australia,Oceania,2007,Agriculture,Hfcs,3.332
Japan,Asia,2012,Waste,N2O,5.507
France,Europe,2005,Industrial Processes,Ch4,0.189
Russia,Europe,2019,Energy,Ch4,123.526
Indonesia,Asia,2012,Transport,Co2,110.36
Indonesia,Asia,2008,Energy,N2O,18.113
Russia,Europe,2009,Manufacturing,Hfcs,32.367
United States,North America,2022,Land Use,Hfcs,4.058
Russia,Europe,2000,Land Use,N2O,14.514
Germany,Europe,2004,Waste,N2O,5.021
Japan,Asia,2017,Transport,Hfcs,7.956
Mexico,North America,2002,Energy,Ch4,28.198
South Korea,Asia,2008,Buildings,Sf6,0.701
South Korea,Asia,2002,Waste,Ch4,11.749
South Africa,Africa,2017,Land Use,Sf6,0.109
Canada,North America,2003,Buildings,Sf6,0.891
China,Asia,2012,Transport,Sf6,25.515
Australia,Oceania,2001,Transport,Co2,73.131
China,Asia,2017,Agriculture,Co2,123.526
China,Asia,2015,Energy,N2O,123.526
United States,North America,2001,Agriculture,Sf6,5.522
China,Asia,2021,Waste,Sf6,12.695
India,Asia,2001,Land Use,Hfcs,6.279
Canada,North America,2022,Agriculture,Co2,6.516
Japan,Asia,2012,Energy,Hfcs,13.238
Germany,Europe,2013,Agriculture,Co2,5.273
France,Europe,2010,Industrial Processes,Sf6,0.531
United States,North America,2010,Energy,Ch4,123.526
Indonesia,Asia,2013,Agriculture,Hfcs,8.267
United States,North America,2014,Transport,Ch4,70.463
Indonesia,Asia,2015,Transport,N2O,14.992
United States,North America,2016,Waste,Sf6,1.52
United States,North America,2014,Land Use,Ch4,21.189
United Kingdom,Europe,2019,Land Use,N2O,0.996
South Africa,Africa,2016,Manufacturing,Co2,48.968
United States,North America,2009,Manufacturing,N2O,63.61
Germany,Europe,2001,Buildings,Ch4,16.145
Japan,Asia,2006,Energy,Ch4,90.602
South Korea,Asia,2014,Agriculture,N2O,11.069
France,Europe,2001,Manufacturing,Sf6,0.977
Japan,Asia,2005,Industrial Processes,Sf6,1.809
India,Asia,2010,Waste,Ch4,123.526
South Africa,Africa,2001,Land Use,N2O,3.511
Japan,Asia,2017,Transport,Co2,123.526
Mexico,North America,2010,Buildings,Sf6,0.505
Japan,Asia,2022,Agriculture,Sf6,0.383
Japan,Asia,2007,Industrial Processes,Sf6,1.596
Japan,Asia,2009,Transport,Ch4,9.648
United States,North America,2004,Agriculture,Sf6,5.339
South Korea,Asia,2016,Buildings,N2O,7.826
Mexico,North America,2013,Buildings,Hfcs,7.076
Germany,Europe,2004,Manufacturing,N2O,15.692
Indonesia,Asia,2002,Buildings,Sf6,0.1
India,Asia,2012,Buildings,Sf6,4.599
Germany,Europe,2007,Manufacturing,Hfcs,14.257
China,Asia,2021,Manufacturing,Sf6,123.526
Russia,Europe,2002,Energy,N2O,43.554
South Korea,Asia,2010,Transport,Sf6,1.281
Indonesia,Asia,2007,Agriculture,Sf6,1.641
,North America,2018,Land Use,Co2,7.128
Indonesia,Asia,2023,Agriculture,Sf6,2.46
Mexico,North America,2013,Waste,N2O,4.681
United States,North America,2010,Energy,Sf6,34.536
Mexico,North America,2009,Manufacturing,Hfcs,6.873
United States,North America,2020,Manufacturing,Sf6,28.877
United Kingdom,Europe,2012,Transport,Sf6,0.826
India,Asia,2004,Buildings,Ch4,54.507
United States,North America,2021,Manufacturing,Hfcs,61.842
China,Asia,2009,Transport,Sf6,18.686
Japan,Asia,2003,Manufacturing,N2O,25.742
Japan,Asia,2012,Transport,Co2,123.526
South Korea,Asia,2017,Transport,N2O,14.017
Indonesia,Asia,2006,Buildings,Hfcs,1.346
Canada,North America,2008,Land Use,Ch4,2.851
India,Asia,2004,Agriculture,Hfcs,32.251
South Korea,Asia,2003,Manufacturing,N2O,20.373
India,Asia,2000,Energy,Co2,123.526
China,Asia,2002,Energy,N2O,123.526
Canada,North America,2015,Agriculture,Ch4,40.476
Canada,North America,2014,Buildings,Sf6,0.777
China,Asia,2020,Manufacturing,Ch4,123.526
,Europe,2017,Land Use,N2O,7.128
Germany,Europe,2013,Industrial Processes,Ch4,0.595
South Korea,Asia,2019,Industrial Processes,Co2,8.017
Brazil,South America,2009,Energy,Sf6,3.43
Germany,Europe,2007,Energy,Co2,123.526
Indonesia,Asia,2001,Agriculture,Sf6,1.542
Mexico,North America,2010,Waste,Co2,5.384
United States,North America,2021,Agriculture,Hfcs,19.144
United States,North America,2007,Land Use,Ch4,23.658
Australia,Oceania,2002,Land Use,Ch4,2.866
Russia,Europe,2002,Land Use,Sf6,0.374
France,Europe,2012,Industrial Processes,Co2,1.527
Brazil,South America,2016,Transport,Sf6,1.532
France,Europe,2017,Land Use,Hfcs,0.116
India,Asia,2018,Energy,N2O,95.121
Australia,Oceania,2016,Energy,Co2,123.526
United Kingdom,Europe,2012,Manufacturing,Co2,29.654
India,Asia,2009,Waste,Co2,52.921
France,Europe,2000,Land Use,Ch4,0.857
South Africa,Africa,2018,Waste,Hfcs,0.254
Germany,Europe,2008,Industrial Processes,Co2,5.818
Indonesia,Asia,2015,Waste,Ch4,32.136
Germany,Europe,2000,Transport,Sf6,1.49
South Africa,Africa,2022,Energy,Sf6,5.543
Indonesia,Asia,2019,Energy,Ch4,96.541
South Africa,Africa,2012,Transport,N2O,5.661
Russia,Europe,2016,Land Use,Sf6,0.36
India,Asia,2006,Industrial Processes,Co2,38.394
India,Asia,2017,Energy,Co2,123.526
Brazil,South America,2010,Energy,Hfcs,5.156
United States,North America,2013,Industrial Processes,Hfcs,12.623
Indonesia,Asia,2018,Transport,Ch4,6.927
France,Europe,2002,Manufacturing,Sf6,0.878
Brazil,South America,2013,Waste,Sf6,0.419
Japan,Asia,2023,Industrial Processes,Co2,4.014
Japan,Asia,2020,Land Use,Hfcs,0.1
South Korea,Asia,2017,Industrial Processes,Sf6,2.695
Canada,North America,2011,Energy,N2O,12.678
Indonesia,Asia,2009,Manufacturing,Sf6,3.529
France,Europe,2003,Transport,Ch4,4.959
India,Asia,2001,Waste,Hfcs,2.152
Australia,Oceania,2022,Agriculture,Hfcs,3.528
South Korea,Asia,2001,Manufacturing,N2O,17.612
China,Asia,2012,Industrial Processes,N2O,50.418
Brazil,South America,2010,Energy,Co2,116.023
France,Europe,2008,Agriculture,N2O,20.662
Mexico,North America,2018,Agriculture,N2O,22.917
Indonesia,Asia,2005,Agriculture,Sf6,1.616
United Kingdom,Europe,2022,Land Use,Ch4,0.52
United Kingdom,Europe,2000,Transport,N2O,11.688
Germany,Europe,2015,Manufacturing,Ch4,12.18
India,Asia,2021,Energy,Ch4,123.526
Brazil,South America,2018,Energy,Ch4,37.292
Brazil,South America,2003,Land Use,Ch4,49.234
Mexico,North America,2016,Agriculture,Sf6,0.807
Brazil,South America,2019,Waste,N2O,7.543
Japan,Asia,2001,Manufacturing,Co2,123.526
Canada,North America,2023,Energy,Sf6,4.427
Mexico,North America,2010,Agriculture,N2O,21.084
,Africa,2016,Agriculture,N2O,7.128
Brazil,South America,2014,Industrial Processes,Hfcs,2.695
United Kingdom,Europe,2003,Buildings,,7.128
India,Asia,2012,Industrial Processes,Hfcs,26.619
Russia,Europe,2022,Transport,Co2,123.526
Brazil,South America,2016,Land Use,N2O,94.92
Australia,Oceania,2000,Energy,Hfcs,5.774
South Korea,Asia,2004,Transport,Ch4,5.812
,Europe,2018,,Ch4,7.128
United Kingdom,Europe,2001,Waste,Co2,2.736
Mexico,North America,2014,Manufacturing,Ch4,7.446
Brazil,South America,2014,Buildings,Co2,5.793
Japan,Asia,2000,Buildings,Ch4,17.392
China,Asia,2000,Manufacturing,Hfcs,123.526
Russia,Europe,2017,Energy,Co2,123.526
Germany,Europe,2002,Land Use,Ch4,1.619
China,Asia,2001,Transport,Sf6,14.813
South Africa,Africa,2023,Industrial Processes,Hfcs,1.405
China,Asia,2022,Transport,N2O,123.526
Brazil,South America,2012,Buildings,Ch4,1.569
Canada,North America,2012,Industrial Processes,Ch4,0.719
Canada,North America,2006,,Sf6,7.128
Brazil,South America,2007,Energy,Hfcs,4.86
Australia,Oceania,2001,Waste,Hfcs,0.187
Russia,Europe,2007,Transport,Hfcs,11.431
Russia,Europe,2001,Waste,Sf6,0.64
United States,North America,2011,Buildings,Sf6,7.527
China,Asia,2003,Manufacturing,Sf6,123.526
Russia,Europe,2007,Industrial Processes,N2O,1.888
Japan,Asia,2008,Agriculture,Ch4,24.026
China,Asia,2002,Land Use,N2O,123.526
South Korea,Asia,2012,Energy,Co2,123.526
Mexico,North America,2020,Energy,,7.128
Germany,Europe,2017,Industrial Processes,Sf6,1.838
Germany,Europe,2018,Industrial Processes,Co2,5.121
Germany,Europe,2021,Agriculture,Co2,4.796
South Korea,Asia,2006,Land Use,Ch4,1.322
Indonesia,Asia,2009,Manufacturing,Ch4,6.993
Russia,Europe,2009,Industrial Processes,N2O,1.825
Germany,Europe,2005,Waste,Hfcs,0.297
Germany,Europe,2014,Transport,Hfcs,4.732
United Kingdom,Europe,2017,Buildings,Sf6,0.478
Mexico,North America,2000,Transport,Hfcs,4.406
United Kingdom,Europe,2003,Transport,Sf6,1.019
China,Asia,2011,Agriculture,Ch4,123.526
Canada,North America,2013,Buildings,N2O,8.662
Russia,Europe,2021,Agriculture,Ch4,115.449
Canada,North America,2013,Manufacturing,Ch4,6.521
Mexico,North America,2013,Buildings,Sf6,0.496
Japan,Asia,2004,Waste,Ch4,21.333
Russia,Europe,2019,Buildings,Hfcs,17.135
India,Asia,2021,Energy,Hfcs,62.442
Australia,Oceania,2005,Agriculture,Co2,8.623
France,Europe,2003,Manufacturing,Co2,13.566
United States,North America,2022,Manufacturing,Co2,123.526
United States,North America,2000,Industrial Processes,Sf6,8.922
China,Asia,2009,Waste,Sf6,7.018
Brazil,South America,2016,Waste,Ch4,26.294
United States,North America,2012,Industrial Processes,Ch4,2.79
India,Asia,2008,Energy,Co2,123.526
,North America,2020,Manufacturing,Sf6,7.128
South Korea,Asia,2010,Land Use,N2O,2.84
United States,North America,2000,Land Use,N2O,40.469
Canada,North America,2007,Land Use,N2O,5.139
Japan,Asia,2004,Industrial Processes,N2O,1.112
Germany,Europe,2002,Energy,N2O,12.047
Russia,Europe,2002,Agriculture,N2O,62.372
Canada,North America,2003,Land Use,Ch4,2.758
France,Europe,2015,Transport,Co2,77.177
Germany,Europe,2023,Transport,Sf6,0.981
United States,North America,2008,Agriculture,Hfcs,20.535
South Africa,Africa,2004,Waste,Ch4,14.684
Germany,Europe,2008,Agriculture,Hfcs,2.463
India,Asia,2015,Manufacturing,Co2,123.526
Mexico,North America,2020,Transport,Hfcs,5.055
United States,North America,2023,Waste,N2O,25.17
Mexico,North America,2009,Energy,Co2,109.498
South Africa,Africa,2009,Manufacturing,Co2,41.256
South Korea,Asia,2022,Energy,Co2,123.526
Brazil,South America,2006,Land Use,Hfcs,9.038
Canada,North America,2022,Manufacturing,Sf6,3.325
United States,North America,2004,Land Use,Ch4,24.297
United States,North America,2015,Transport,N2O,123.526
Russia,Europe,2007,Agriculture,Ch4,103.579
United Kingdom,Europe,2002,Transport,Sf6,1.172
Canada,North America,2009,Waste,Ch4,14.953
Germany,Europe,2008,Energy,Co2,123.526
Germany,Europe,2011,Transport,N2O,12.97
India,Asia,2007,Land Use,Co2,55.515
China,Asia,2004,Agriculture,Sf6,11.97
United States,North America,2023,Buildings,Hfcs,80.219
Australia,Oceania,2016,Agriculture,Ch4,45.784
Australia,Oceania,2002,Land Use,N2O,5.061
France,Europe,2002,Land Use,,7.128
Russia,Europe,2013,Transport,Hfcs,10.325
United States,North America,2014,Manufacturing,Hfcs,59.362
India,Asia,2009,Agriculture,N2O,123.526
Australia,Oceania,2022,Energy,Hfcs,6.442
United States,North America,2010,Energy,Hfcs,53.189
Germany,Europe,2012,Industrial Processes,N2O,1.281
Japan,Asia,2011,Buildings,Co2,60.06
Mexico,North America,2022,Manufacturing,Sf6,4.359
France,Europe,2011,Land Use,Sf6,0.1
China,Asia,2017,Energy,Co2,123.526
France,Europe,2023,Agriculture,Co2,5.329
Russia,Europe,2019,Buildings,Sf6,1.333
United States,North America,2017,Buildings,Ch4,98.872
China,Asia,2012,Waste,Hfcs,8.581
China,Asia,2004,Transport,Ch4,85.223
South Africa,Africa,2010,Energy,Co2,123.526
Australia,Oceania,2013,Industrial Processes,Hfcs,2.639
Indonesia,Asia,2015,Transport,Sf6,1.382
Canada,North America,2016,Transport,Co2,123.526
United States,North America,2023,Land Use,Sf6,0.945
Canada,North America,2013,Buildings,Hfcs,10.861
South Africa,Africa,2014,Buildings,Co2,12.985
South Africa,Africa,2018,Buildings,N2O,2.226
Canada,North America,2016,Energy,Ch4,48.096
United States,North America,2003,Buildings,Sf6,8.168
France,Europe,2020,Industrial Processes,Co2,1.174
United Kingdom,Europe,2008,Buildings,Sf6,0.604
Japan,Asia,2012,Land Use,Co2,0.1
Mexico,North America,2023,Waste,N2O,5.669
Japan,Asia,2023,Land Use,Sf6,0.1
China,Asia,2003,Land Use,N2O,123.526
Indonesia,Asia,2000,Buildings,Sf6,0.1
Japan,Asia,2021,Industrial Processes,Sf6,1.377
Mexico,North America,2020,Agriculture,Hfcs,2.807
Russia,Europe,2016,Land Use,Ch4,7.182
Russia,Europe,2021,Energy,N2O,47.0
France,Europe,2003,Waste,Sf6,0.112
Indonesia,Asia,2022,Land Use,N2O,102.37
Germany,Europe,2017,Manufacturing,Hfcs,10.589
Indonesia,Asia,2011,Buildings,Ch4,1.449
United Kingdom,Europe,2010,Agriculture,Sf6,0.35
South Korea,Asia,2019,Buildings,Hfcs,12.662
India,Asia,2001,Land Use,Ch4,20.549
Mexico,North America,2008,Agriculture,N2O,21.124
South Korea,Asia,2020,Buildings,Ch4,11.84
Japan,Asia,2008,Buildings,Ch4,15.365
Russia,Europe,2023,Agriculture,Ch4,101.964
Mexico,North America,2004,Buildings,Hfcs,6.45
Russia,Europe,2014,Agriculture,Co2,19.037
Germany,Europe,2018,Land Use,Ch4,1.06
Canada,North America,2015,Land Use,N2O,4.867
China,Asia,2005,Transport,Co2,123.526
Australia,Oceania,2017,Transport,N2O,8.876
Brazil,South America,2023,Energy,Co2,123.526
India,Asia,2020,Waste,Sf6,3.971
South Korea,Asia,2020,Manufacturing,N2O,23.0
United States,North America,2022,Transport,Sf6,13.782
Mexico,North America,2017,Land Use,Ch4,3.336
Russia,Europe,2009,Energy,Co2,123.526
Indonesia,Asia,2000,Buildings,Ch4,1.127
Russia,Europe,2005,Waste,Sf6,0.602
Brazil,South America,2004,Agriculture,Sf6,2.738
Indonesia,Asia,2009,Buildings,Ch4,1.516
Brazil,South America,2001,Agriculture,Co2,25.764
South Korea,Asia,2022,Manufacturing,Co2,123.526
Japan,Asia,2020,Land Use,Sf6,0.1
Germany,Europe,2011,Waste,N2O,4.708
Russia,Europe,2006,Industrial Processes,Ch4,1.051
Brazil,South America,2019,Agriculture,Sf6,2.928
Mexico,North America,2020,Buildings,Hfcs,7.231
Mexico,North America,2003,Industrial Processes,Hfcs,1.219
Indonesia,Asia,2013,Transport,Sf6,1.251
Australia,Oceania,2006,Agriculture,Ch4,46.895
Russia,Europe,2023,Land Use,N2O,13.742
,North America,2004,Land Use,N2O,7.128
Germany,Europe,2023,Manufacturing,Ch4,9.25
South Korea,Asia,2007,Industrial Processes,N2O,1.432
Germany,Europe,2010,Industrial Processes,Ch4,0.643
South Africa,Africa,2018,Buildings,Co2,11.784
Mexico,North America,2002,Transport,N2O,10.923
South Africa,Africa,2013,Energy,Hfcs,6.826
China,Asia,2006,Industrial Processes,Hfcs,97.966
Canada,North America,2001,Agriculture,Ch4,43.474
Canada,North America,2017,Manufacturing,Co2,45.079
Russia,Europe,2009,Agriculture,N2O,55.823
Indonesia,Asia,2007,Land Use,Co2,75.517
South Africa,Africa,2006,Energy,Ch4,50.135
China,Asia,2007,Transport,Sf6,20.026
Russia,Europe,2004,Industrial Processes,Co2,9.413
France,Europe,2001,Industrial Processes,Sf6,0.595
Australia,Oceania,2023,Buildings,N2O,3.456
United Kingdom,Europe,2017,Energy,N2O,4.375
China,Asia,2006,Land Use,Co2,123.526
Germany,Europe,2018,Agriculture,Co2,5.005
Mexico,North America,2007,Transport,N2O,13.211
Australia,Oceania,2023,Buildings,Hfcs,4.83
Brazil,South America,2023,Manufacturing,Ch4,7.763
Germany,Europe,2011,Industrial Processes,Ch4,0.663
Russia,Europe,2007,Buildings,Co2,77.125
United States,North America,2011,Buildings,N2O,64.714
South Korea,Asia,2014,Industrial Processes,Co2,7.485
Australia,Oceania,2010,Waste,Co2,4.057
France,Europe,2022,Industrial Processes,Hfcs,0.683
Germany,Europe,2017,Industrial Processes,N2O,1.167
South Korea,Asia,2003,Agriculture,N2O,9.548
Brazil,South America,2013,Manufacturing,N2O,6.522
Mexico,North America,2019,Transport,Hfcs,5.639
South Africa,Africa,2016,Buildings,Hfcs,2.82
United States,North America,2004,Agriculture,N2O,123.526
Brazil,South America,2012,Energy,N2O,8.976
France,Europe,2011,Waste,Co2,2.086
South Africa,Africa,2004,Land Use,Hfcs,0.402
Canada,North America,2017,Buildings,Hfcs,11.415
France,Europe,2000,Buildings,Co2,44.706
United Kingdom,Europe,2013,Land Use,N2O,1.093
United Kingdom,Europe,2021,Waste,Co2,1.615
Japan,Asia,2018,Energy,Co2,123.526
Australia,Oceania,2019,Transport,Hfcs,3.559
Mexico,North America,2004,Manufacturing,Sf6,3.661
South Africa,Africa,2015,,Hfcs,7.128
Australia,Oceania,2015,Manufacturing,Ch4,4.94
Russia,Europe,2022,Waste,Ch4,34.112
Mexico,North America,2019,Agriculture,Hfcs,3.14
South Korea,Asia,2016,Waste,Co2,5.149
India,Asia,2006,Energy,Ch4,123.526
Russia,Europe,2003,Transport,Hfcs,11.409
United States,North America,2003,Waste,Co2,33.108
France,Europe,2004,Energy,Ch4,17.941
China,Asia,2017,Agriculture,N2O,123.526
France,Europe,2020,Waste,Hfcs,0.109
Japan,Asia,2003,Industrial Processes,Ch4,0.565
South Korea,Asia,2015,Waste,N2O,4.274
Germany,Europe,2013,Transport,Sf6,1.168
India,Asia,2021,Transport,Co2,123.526
Germany,Europe,2002,Transport,Sf6,1.443
Mexico,North America,2011,Industrial Processes,N2O,0.569
South Africa,Africa,2021,Transport,Hfcs,2.779
South Korea,Asia,2002,Manufacturing,Hfcs,19.942
United Kingdom,Europe,2022,Manufacturing,Hfcs,3.493
China,Asia,2015,Waste,Hfcs,8.337
India,Asia,2013,Agriculture,Ch4,123.526
United Kingdom,Europe,2019,Manufacturing,Co2,25.287
Russia,Europe,2023,Buildings,Sf6,1.246
Mexico,North America,2014,Buildings,Hfcs,7.479
South Africa,Africa,2007,Manufacturing,Hfcs,6.584
Russia,Europe,2021,Buildings,Hfcs,17.777
India,Asia,2006,Manufacturing,Ch4,74.708
Brazil,South America,2023,Transport,Sf6,1.41
Australia,Oceania,2005,Manufacturing,Hfcs,5.11
Russia,Europe,2010,Industrial Processes,Hfcs,5.088
United Kingdom,Europe,2023,Waste,Co2,1.486
United Kingdom,Europe,2001,Agriculture,Hfcs,1.678
Canada,North America,2017,Land Use,N2O,4.585
India,Asia,2021,Waste,N2O,77.034
United States,North America,2005,Industrial Processes,Ch4,3.069
United States,North America,2017,Industrial Processes,Ch4,2.359
Germany,Europe,2002,Waste,N2O,5.623
Canada,North America,2022,Manufacturing,Hfcs,7.223
Germany,Europe,2015,Energy,Sf6,3.494
Japan,Asia,2023,Energy,N2O,20.41
France,Europe,2019,Agriculture,Ch4,27.75
Indonesia,Asia,2020,Agriculture,Ch4,123.526
India,Asia,2011,Transport,Sf6,7.416
Japan,Asia,2004,Transport,N2O,23.656
India,Asia,2007,Manufacturing,N2O,77.352
South Korea,Asia,2011,Waste,Hfcs,0.223
Russia,Europe,2011,Transport,Ch4,14.202
France,Europe,2005,Waste,Hfcs,0.119
Russia,Europe,2017,Buildings,Hfcs,19.696
South Africa,Africa,2019,Buildings,Ch4,3.413
South Africa,Africa,2021,Transport,Sf6,0.638
Russia,Europe,2018,Manufacturing,Sf6,16.166
Brazil,South America,2011,Manufacturing,N2O,6.676
India,Asia,2013,Waste,Hfcs,3.271
South Korea,Asia,2014,Industrial Processes,N2O,1.581
Brazil,South America,2005,Agriculture,Hfcs,11.869
Russia,Europe,2019,Waste,N2O,10.328
Japan,Asia,2008,Industrial Processes,Hfcs,2.713
Canada,North America,2021,Land Use,Sf6,0.132
Canada,North America,2006,Manufacturing,Ch4,7.567
United Kingdom,Europe,2015,Agriculture,Ch4,16.472
Russia,Europe,2013,Buildings,Hfcs,17.459
South Korea,Asia,2012,Industrial Processes,Sf6,2.17
India,Asia,2012,Transport,Sf6,7.416
Russia,Europe,2008,Agriculture,N2O,55.569
Indonesia,Asia,2023,Agriculture,N2O,70.321
Japan,Asia,2014,Transport,Ch4,10.314
France,Europe,2006,Agriculture,Sf6,0.7
Brazil,South America,2020,Land Use,Hfcs,10.373
Russia,Europe,2000,Manufacturing,Co2,123.526
Mexico,North America,2006,Transport,N2O,12.872
Mexico,North America,2023,Energy,Sf6,3.485
Russia,Europe,2019,Energy,N2O,42.286
France,Europe,2022,Transport,Hfcs,3.119
France,Europe,2003,Waste,Co2,2.42
Mexico,North America,2022,Buildings,Hfcs,7.445
Australia,Oceania,2020,Industrial Processes,Co2,4.575
United Kingdom,Europe,2014,Land Use,Hfcs,0.134
Mexico,North America,2001,Agriculture,Ch4,38.245
Australia,Oceania,2010,Buildings,Ch4,5.658
South Africa,Africa,2016,Manufacturing,Ch4,7.351
Mexico,North America,2014,Energy,Hfcs,5.236
South Korea,Asia,2021,Waste,Hfcs,0.272
Japan,Asia,2016,Agriculture,Ch4,20.853
Canada,North America,2011,Energy,Co2,123.526
South Korea,Asia,2004,Waste,Ch4,11.809
India,Asia,2020,Buildings,Hfcs,76.917
Russia,Europe,2019,Waste,Co2,11.476
United Kingdom,Europe,2012,Energy,N2O,4.765
United Kingdom,Europe,2004,Industrial Processes,N2O,0.416
Japan,Asia,2003,Industrial Processes,Hfcs,2.748
Indonesia,Asia,2010,Land Use,N2O,66.515
Brazil,South America,2017,Land Use,Sf6,2.665
South Korea,Asia,2005,Transport,Hfcs,4.35
Australia,Oceania,2004,Agriculture,Ch4,43.657
China,Asia,2012,Agriculture,N2O,123.526
United States,North America,2003,Industrial Processes,Ch4,2.721
Japan,Asia,2020,Industrial Processes,N2O,0.924
Mexico,North America,2007,Agriculture,Sf6,0.717
South Africa,Africa,2022,Industrial Processes,Sf6,0.848
France,Europe,2005,Transport,Co2,93.975
Mexico,North America,2001,Transport,Ch4,5.364
Brazil,South America,2020,Waste,Sf6,0.411
Mexico,North America,2017,Industrial Processes,N2O,0.569
Canada,North America,2020,Industrial Processes,N2O,1.264
,Oceania,2004,Agriculture,Co2,7.128
Japan,Asia,2011,Energy,Ch4,82.996
South Africa,Africa,2000,Transport,Hfcs,2.426
India,Asia,2021,Buildings,Hfcs,98.884
France,Europe,2003,Agriculture,N2O,23.041
United States,North America,2018,Manufacturing,Ch4,55.526
Japan,Asia,2022,Transport,Co2,123.526
India,Asia,2009,Manufacturing,Co2,123.526
Brazil,South America,2004,Manufacturing,Sf6,3.138
South Korea,Asia,2002,Energy,Hfcs,7.271
United Kingdom,Europe,2016,Energy,Sf6,1.618
United Kingdom,Europe,2009,Transport,Hfcs,3.643
Russia,Europe,2010,Land Use,Hfcs,1.431
Germany,Europe,2023,Buildings,Ch4,10.028
South Korea,Asia,2016,Land Use,Co2,3.474
France,Europe,2006,Waste,Co2,2.262
United Kingdom,Europe,2004,Buildings,Sf6,0.696
United Kingdom,Europe,2007,Industrial Processes,Co2,1.815
Canada,North America,2022,Transport,Co2,123.526
China,Asia,2005,Manufacturing,Co2,123.526
Brazil,South America,2023,Waste,N2O,7.84
Indonesia,Asia,2011,Manufacturing,Hfcs,8.354
Australia,Oceania,2001,Energy,N2O,9.501
Mexico,North America,2020,Agriculture,Ch4,39.353
Russia,Europe,2015,Energy,Hfcs,27.55
Canada,North America,2007,Transport,Ch4,9.1
Japan,Asia,2007,Buildings,N2O,11.153
Brazil,South America,2020,,Sf6,7.128
Russia,Europe,2022,Energy,Sf6,16.829
Indonesia,Asia,2000,Manufacturing,Sf6,3.307
Brazil,South America,2016,Agriculture,Co2,28.452
France,Europe,2011,Agriculture,Ch4,35.007
China,Asia,2000,Waste,Co2,104.563
Canada,North America,2023,Manufacturing,Sf6,3.418
Mexico,North America,2005,Energy,Ch4,31.469
United Kingdom,Europe,2003,Buildings,Sf6,0.682
Mexico,North America,2022,Land Use,N2O,6.004
Mexico,North America,2001,Manufacturing,Sf6,3.171
Brazil,South America,2023,Energy,Hfcs,5.659
Australia,Oceania,2013,Agriculture,Ch4,47.726
,Europe,2010,Industrial Processes,Sf6,7.128
Indonesia,Asia,2011,Energy,Co2,123.526
South Korea,Asia,2022,Buildings,Sf6,0.897
France,Europe,2016,Waste,N2O,1.816
Mexico,North America,2000,Buildings,Ch4,5.979
France,Europe,2014,Industrial Processes,Ch4,0.174
South Africa,Africa,2015,Energy,Co2,123.526
Indonesia,Asia,2012,Industrial Processes,Hfcs,2.714
United States,North America,2003,Buildings,N2O,80.331
Russia,Europe,2009,Industrial Processes,Ch4,0.965
Japan,Asia,2013,Waste,Co2,6.191
Mexico,North America,2018,Transport,Co2,117.583
Mexico,North America,2007,Industrial Processes,Sf6,0.764
South Korea,Asia,2017,Waste,Ch4,16.216
,Oceania,2004,Industrial Processes,Co2,7.128
United Kingdom,Europe,2023,Land Use,Co2,1.337
India,Asia,2007,Transport,N2O,65.916
Germany,Europe,2017,Land Use,N2O,1.876
Germany,Europe,2014,Energy,N2O,8.676
Canada,North America,2016,Industrial Processes,Co2,5.793
Russia,Europe,2020,Industrial Processes,Hfcs,4.339
United States,North America,2000,Agriculture,N2O,123.526
Germany,Europe,2018,Manufacturing,Sf6,5.691
Brazil,South America,2018,Industrial Processes,Ch4,0.548
China,Asia,2017,Industrial Processes,Sf6,90.893
Brazil,South America,2009,Industrial Processes,Co2,3.784
South Africa,Africa,2007,Agriculture,Ch4,37.159
,Asia,2022,Energy,Hfcs,7.128
India,Asia,2016,Transport,Ch4,40.664
Germany,Europe,2004,Waste,Co2,6.21
Brazil,South America,2010,Industrial Processes,Hfcs,2.323
South Korea,Asia,2013,Buildings,Sf6,0.77
Mexico,North America,2009,Agriculture,N2O,21.975
Germany,Europe,2005,Buildings,Hfcs,13.613
United Kingdom,Europe,2007,Transport,Sf6,0.948
India,Asia,2021,Land Use,N2O,79.587
India,Asia,2007,Buildings,N2O,37.49
Brazil,South America,2001,Manufacturing,Hfcs,6.786
Germany,Europe,2000,Waste,Ch4,18.933
United Kingdom,Europe,2022,Land Use,Hfcs,0.102
Mexico,North America,2003,Energy,Ch4,29.558
Mexico,North America,2018,Buildings,Sf6,0.512
Russia,Europe,2008,Waste,N2O,10.298
Germany,Europe,2009,Agriculture,Sf6,0.577
Germany,Europe,2002,Energy,Hfcs,6.656
France,Europe,2018,Agriculture,Hfcs,2.261
United States,North America,2011,Energy,Ch4,123.526
Australia,Oceania,2007,Agriculture,Ch4,42.674
South Korea,Asia,2000,Buildings,Hfcs,8.889
Japan,Asia,2004,Manufacturing,Sf6,11.651
Russia,Europe,2009,Agriculture,Hfcs,6.871
Mexico,North America,2001,Industrial Processes,Co2,2.192
India,Asia,2018,Buildings,Ch4,93.105
India,Asia,2005,Industrial Processes,Hfcs,20.619
South Korea,Asia,2022,Manufacturing,Hfcs,24.625
South Korea,Asia,2010,Transport,Hfcs,4.482
China,Asia,2016,Land Use,Sf6,7.385
France,Europe,2012,Manufacturing,Hfcs,1.599
Canada,North America,2007,Agriculture,Ch4,41.777
France,Europe,2002,Land Use,Hfcs,0.154
United Kingdom,Europe,2014,Industrial Processes,N2O,0.329
Germany,Europe,2000,Energy,Ch4,44.411
United States,North America,2021,Manufacturing,Co2,123.526
Indonesia,Asia,2014,Waste,Co2,11.932
South Africa,Africa,2021,Land Use,Ch4,2.18
India,Asia,2004,Buildings,Co2,123.526
Mexico,North America,2008,Buildings,Co2,26.482
Brazil,South America,2023,Waste,Hfcs,0.444
United States,North America,2017,Land Use,Hfcs,4.244
United Kingdom,Europe,2017,Agriculture,Hfcs,1.204
Germany,Europe,2009,Agriculture,Hfcs,2.161
France,Europe,2010,Energy,N2O,4.193
South Africa,Africa,2012,Energy,Co2,123.526
United States,North America,2014,Waste,Hfcs,1.45
United Kingdom,Europe,2022,Waste,Co2,1.53
South Korea,Asia,2021,Waste,N2O,4.889
Japan,Asia,2009,Buildings,Sf6,1.053
United States,North America,2012,Buildings,Ch4,106.216
South Africa,Africa,2005,Buildings,Ch4,2.834
Russia,Europe,2008,Buildings,Co2,82.201
Indonesia,Asia,2018,Waste,N2O,10.984
Mexico,North America,2021,Transport,Sf6,1.585
Canada,North America,2011,Agriculture,Co2,7.078
Canada,North America,2017,Land Use,Co2,5.321
South Africa,Africa,2021,Energy,Ch4,54.377
United States,North America,2019,Land Use,Ch4,18.925
Germany,Europe,2003,Manufacturing,Ch4,14.757
South Korea,Asia,2016,Land Use,Hfcs,0.332
United States,North America,2020,Agriculture,N2O,123.526
Australia,Oceania,2018,Waste,Hfcs,0.206
United Kingdom,Europe,2011,Land Use,Co2,1.458
India,Asia,2002,Manufacturing,,7.128
India,Asia,2002,,Co2,7.128
Germany,Europe,2001,Agriculture,Hfcs,2.79
Russia,Europe,2008,Industrial Processes,N2O,2.096
Germany,Europe,2014,Buildings,Sf6,0.819
United Kingdom,Europe,2016,Land Use,Co2,1.178
South Korea,Asia,2022,Waste,Hfcs,0.271
India,Asia,2008,Manufacturing,N2O,82.036
Germany,Europe,2005,Land Use,N2O,2.569
Japan,Asia,2019,Agriculture,Sf6,0.391
Australia,Oceania,2011,Energy,Hfcs,6.384
South Africa,Africa,2009,Land Use,Sf6,0.1
Japan,Asia,2013,Industrial Processes,Co2,4.546
South Korea,Asia,2018,Manufacturing,Hfcs,24.786
Brazil,South America,2008,Agriculture,Hfcs,11.628
South Korea,Asia,2006,Manufacturing,Co2,121.529
Indonesia,Asia,2006,,Co2,7.128
United States,North America,2013,Industrial Processes,Sf6,8.437
Indonesia,Asia,2009,Transport,Ch4,5.404
United States,North America,2010,Manufacturing,Hfcs,63.649
Japan,Asia,2021,Land Use,N2O,0.1
Australia,Oceania,2014,Manufacturing,Co2,32.51
India,Asia,2016,Waste,N2O,67.46
South Africa,Africa,2019,Transport,Ch4,3.145
Japan,Asia,2020,Buildings,Ch4,14.014
France,Europe,2023,Energy,Co2,47.234
Indonesia,Asia,2011,Manufacturing,Ch4,8.327
Brazil,South America,2002,Energy,N2O,7.695
Canada,North America,2010,Energy,N2O,12.551
Brazil,South America,2001,Land Use,N2O,83.394
United Kingdom,Europe,2005,Buildings,Ch4,10.517
Japan,Asia,2002,Transport,Hfcs,8.659
Brazil,South America,2003,Buildings,Sf6,0.1
China,Asia,2013,Energy,N2O,123.526
South Korea,Asia,2009,Energy,Hfcs,7.576
Russia,Europe,2018,Transport,N2O,25.616
Australia,Oceania,2012,Energy,Co2,123.526
China,Asia,2005,Land Use,Sf6,4.629
Russia,Europe,2022,Industrial Processes,Ch4,0.941
Brazil,South America,2013,Industrial Processes,Hfcs,2.555
Canada,North America,2009,Agriculture,Sf6,0.658
United Kingdom,Europe,2015,Energy,N2O,4.175
India,Asia,2000,Waste,Hfcs,2.042
Brazil,South America,2015,Energy,Ch4,34.816
South Africa,Africa,2006,Energy,N2O,12.523
,South America,2008,Agriculture,Ch4,7.128
Mexico,North America,2018,Buildings,Co2,30.642
India,Asia,2007,Buildings,Sf6,3.695
Australia,Oceania,2016,Manufacturing,Hfcs,5.529
Mexico,North America,2016,Industrial Processes,N2O,0.529
Australia,Oceania,2009,Agriculture,Co2,7.395
Japan,Asia,2019,Agriculture,Ch4,19.529
,Europe,2017,Energy,Hfcs,7.128
Brazil,South America,2000,Land Use,Hfcs,9.661
Mexico,North America,2007,Buildings,N2O,4.362
Japan,Asia,2023,Manufacturing,Hfcs,18.524
India,Asia,2017,Buildings,Sf6,5.542
Germany,Europe,2022,Transport,Hfcs,4.263
South Korea,Asia,2003,Manufacturing,Hfcs,20.267
Australia,Oceania,2005,Manufacturing,Sf6,2.574
Germany,Europe,2014,Buildings,N2O,8.575
Mexico,North America,2019,Waste,N2O,5.418
Australia,Oceania,2011,Energy,Co2,123.526
France,Europe,2006,Manufacturing,Co2,12.392
,Asia,2012,Industrial Processes,N2O,7.128
Brazil,South America,2007,Manufacturing,Ch4,6.631
Australia,Oceania,2009,Transport,Sf6,0.899
Brazil,South America,2014,Land Use,N2O,87.924
United Kingdom,Europe,2023,Agriculture,Hfcs,0.934
Russia,Europe,2007,Transport,N2O,25.686
United States,North America,2021,Transport,Sf6,13.238
Indonesia,Asia,2006,Manufacturing,Co2,46.746
Canada,North America,2011,Energy,Ch4,48.976
Australia,Oceania,2020,Manufacturing,Ch4,4.747
Japan,Asia,2007,Transport,Ch4,11.502
Indonesia,Asia,2004,Industrial Processes,Sf6,1.285
France,Europe,2019,Agriculture,Sf6,0.507
Japan,Asia,2003,Waste,Co2,7.434
Brazil,South America,2007,Transport,Ch4,6.241
Indonesia,Asia,2016,Manufacturing,Sf6,4.451
South Africa,Africa,2000,Land Use,Sf6,0.1
Canada,North America,2004,Industrial Processes,Sf6,2.174
Japan,Asia,2019,Land Use,Co2,0.1
Canada,North America,2012,Waste,Ch4,17.924
United States,North America,2006,Waste,Hfcs,1.826
France,Europe,2016,Transport,Ch4,4.92
Canada,North America,2003,Transport,Ch4,9.111
South Korea,Asia,2014,Energy,Sf6,5.455
South Africa,Africa,2012,Buildings,Sf6,0.195
Brazil,South America,2019,Industrial Processes,Co2,4.873
China,Asia,2003,Industrial Processes,Sf6,52.467
Australia,Oceania,2005,Agriculture,Ch4,44.231
United Kingdom,Europe,2004,Manufacturing,Sf6,2.899
United States,North America,2015,Waste,Sf6,1.602
South Africa,Africa,2021,Industrial Processes,Co2,2.582
South Africa,Africa,2009,Energy,Sf6,4.747
South Africa,Africa,2008,Buildings,Ch4,2.764
South Africa,Africa,2003,Buildings,N2O,1.857
Brazil,South America,2023,Transport,N2O,14.775
South Africa,Africa,2003,Industrial Processes,N2O,0.467
France,Europe,2009,Buildings,Co2,36.917
Indonesia,Asia,2000,Energy,Sf6,5.663
Canada,North America,2019,Energy,Co2,123.526
South Africa,Africa,2000,Industrial Processes,N2O,0.494
United States,North America,2014,Industrial Processes,Ch4,2.653
India,Asia,2022,Waste,Hfcs,4.425
China,Asia,2010,Industrial Processes,Ch4,20.686
Brazil,South America,2000,Waste,Sf6,0.343
Indonesia,Asia,2008,Buildings,Sf6,0.102
United States,North America,2015,Waste,Hfcs,1.53
Canada,North America,2016,Industrial Processes,Hfcs,35.64
India,Asia,2021,Buildings,Co2,123.526
Mexico,North America,2014,Waste,Hfcs,0.294
Australia,Oceania,2015,Energy,N2O,10.632
Japan,Asia,2022,Transport,Ch4,9.202
Germany,Europe,2003,Transport,Co2,123.526
Germany,Europe,2022,Transport,N2O,10.823
Australia,Oceania,2013,Transport,Co2,77.683
United States,North America,2006,Industrial Processes,Hfcs,15.18
Russia,Europe,2001,Land Use,Ch4,8.228
United Kingdom,Europe,2023,Agriculture,Sf6,0.255
France,Europe,2001,Transport,Ch4,6.334
France,Europe,2016,Industrial Processes,Sf6,0.454
South Africa,Africa,2000,Buildings,N2O,1.877
United States,North America,2013,Manufacturing,N2O,62.812
Brazil,South America,2017,Waste,Co2,7.658
Canada,North America,2015,Industrial Processes,Co2,6.522
South Korea,Asia,2003,Buildings,Hfcs,9.862
Canada,North America,2020,Waste,N2O,4.363
South Korea,Asia,2005,Land Use,Hfcs,0.26
Indonesia,Asia,2023,Manufacturing,Co2,69.293
Japan,Asia,2009,Waste,Co2,6.5
Japan,Asia,2021,Transport,N2O,20.1
,Africa,2005,Land Use,Sf6,7.128
Japan,Asia,2011,Energy,N2O,21.022
India,Asia,2005,Agriculture,Co2,78.645
India,Asia,2004,Agriculture,N2O,123.526
Japan,Asia,2015,Transport,Sf6,2.011
United Kingdom,Europe,2015,Transport,N2O,7.577
China,Asia,2004,Waste,N2O,106.217
France,Europe,2008,Transport,N2O,10.52
South Korea,Asia,2006,Manufacturing,Hfcs,19.453
Russia,Europe,2019,Manufacturing,Co2,123.526
Russia,Europe,2013,Waste,Ch4,34.972
Indonesia,Asia,2020,Manufacturing,Co2,59.394
United States,North America,2010,Buildings,Ch4,103.969
France,Europe,2019,Land Use,Hfcs,0.121
South Korea,Asia,2023,Transport,Co2,115.453
Canada,North America,2017,Waste,N2O,4.808
Japan,Asia,2005,Industrial Processes,N2O,1.215
Japan,Asia,2002,Manufacturing,N2O,24.937
Russia,Europe,2007,Manufacturing,Co2,123.526
Indonesia,Asia,2021,Buildings,Ch4,2.121
Indonesia,Asia,2001,Industrial Processes,Sf6,1.261
South Korea,Asia,2019,Transport,Hfcs,5.182
Indonesia,Asia,2000,Energy,Hfcs,7.821
India,Asia,2007,Industrial Processes,Co2,40.675
South Korea,Asia,2009,Waste,Hfcs,0.208
United Kingdom,Europe,2008,Industrial Processes,Sf6,0.528
Germany,Europe,2009,Industrial Processes,Ch4,0.583
France,Europe,2005,Buildings,Sf6,0.715
France,Europe,2014,Energy,Sf6,1.443
United Kingdom,Europe,2004,Energy,Sf6,2.417
China,Asia,2000,Buildings,Sf6,7.944
Russia,Europe,2012,Energy,Hfcs,25.061
United States,North America,2003,Transport,Hfcs,70.328
Australia,Oceania,2002,Agriculture,Hfcs,3.189
South Africa,Africa,2005,Industrial Processes,Sf6,0.716
India,Asia,2023,Energy,Ch4,123.526
United Kingdom,Europe,2022,Buildings,Hfcs,5.957
Canada,North America,2020,Manufacturing,N2O,6.159
Canada,North America,2018,Land Use,Co2,5.761
South Africa,Africa,2003,Energy,Ch4,45.7
Germany,Europe,2007,Land Use,N2O,2.513
Australia,Oceania,2021,Buildings,Ch4,5.909
China,Asia,2017,Manufacturing,Co2,123.526
Mexico,North America,2021,Industrial Processes,Ch4,0.285
Brazil,South America,2014,Manufacturing,N2O,6.694
United States,North America,2006,Waste,N2O,29.402
India,Asia,2001,Industrial Processes,Sf6,10.489
China,Asia,2006,Industrial Processes,Ch4,19.886
France,Europe,2012,Agriculture,Co2,5.615
Brazil,South America,2004,Transport,Sf6,1.382
Russia,Europe,2001,Land Use,Hfcs,1.585
Russia,Europe,2018,Industrial Processes,N2O,1.755
Germany,Europe,2001,Waste,Ch4,18.858
Germany,Europe,2023,Manufacturing,Hfcs,9.637
Brazil,South America,2002,Transport,Co2,98.101
South Africa,Africa,2016,Waste,Hfcs,0.273
,Europe,2006,Industrial Processes,N2O,7.128
United States,North America,2004,Manufacturing,N2O,69.109
India,Asia,2021,Transport,N2O,100.615
South Korea,Asia,2012,Buildings,N2O,7.236
Indonesia,Asia,2009,Transport,N2O,10.905
Indonesia,Asia,2000,Manufacturing,Co2,43.939
Canada,North America,2023,Buildings,Ch4,12.264
Australia,Oceania,2012,Agriculture,Sf6,0.856
France,Europe,2006,Transport,N2O,11.068
India,Asia,2014,Agriculture,Co2,109.425
South Africa,Africa,2016,Transport,Ch4,3.243
South Korea,Asia,2001,Buildings,N2O,6.847
Germany,Europe,2002,Manufacturing,Co2,100.624
India,Asia,2011,Buildings,Sf6,4.466
South Korea,Asia,2008,Manufacturing,Ch4,20.414
Canada,North America,2009,Energy,Sf6,4.829
China,Asia,2002,Industrial Processes,Co2,123.526
United States,North America,2022,Buildings,Hfcs,88.169
Russia,Europe,2005,Industrial Processes,Sf6,2.82
Germany,Europe,2010,Manufacturing,Hfcs,12.769
Mexico,North America,2023,Land Use,Co2,6.787
Indonesia,Asia,2019,Waste,Ch4,38.399
India,Asia,2022,Manufacturing,Sf6,65.607
France,Europe,2013,Energy,Sf6,1.648
France,Europe,2008,Land Use,Hfcs,0.154
Mexico,North America,2018,Buildings,Ch4,8.349
Germany,Europe,2021,Manufacturing,Sf6,5.864
Russia,Europe,2023,Energy,N2O,44.137
Brazil,South America,2007,Waste,Hfcs,0.357
Russia,Europe,2016,Manufacturing,Ch4,32.973
Russia,Europe,2023,Waste,Co2,10.455
Brazil,South America,2022,Energy,N2O,9.644
Mexico,North America,2002,Manufacturing,Ch4,6.345
India,Asia,2000,Waste,Ch4,123.526
Mexico,North America,2005,Manufacturing,Sf6,3.326
France,Europe,2013,Manufacturing,Co2,10.459
Indonesia,Asia,2015,Energy,Sf6,7.887
United Kingdom,Europe,2005,Energy,N2O,5.223
Canada,North America,2013,Waste,Sf6,0.275
France,Europe,2019,Waste,Ch4,5.736
South Korea,Asia,2006,Transport,Sf6,1.077
Canada,North America,2011,Transport,Ch4,9.383
Canada,North America,2006,Energy,,7.128
Brazil,South America,2002,Waste,N2O,6.303
Germany,Europe,2023,Energy,Ch4,32.51
United Kingdom,Europe,2019,Waste,Ch4,4.711
China,Asia,2022,Energy,N2O,123.526
China,Asia,2013,Industrial Processes,N2O,46.186
Indonesia,Asia,2010,Agriculture,Sf6,1.81
United States,North America,2006,Transport,N2O,123.526
Indonesia,Asia,2009,Land Use,Co2,80.259
South Korea,Asia,2000,Energy,Sf6,4.254
Indonesia,Asia,2010,Energy,Co2,123.526
United Kingdom,Europe,2002,Buildings,N2O,7.523
Brazil,South America,2019,Manufacturing,Hfcs,7.283
United Kingdom,Europe,2022,Transport,Co2,56.619
Russia,Europe,2008,Agriculture,Ch4,110.371
Russia,Europe,2018,Land Use,Co2,15.765
United States,North America,2018,Waste,Hfcs,1.531
Indonesia,Asia,2011,Industrial Processes,Hfcs,2.808
South Korea,Asia,2019,Manufacturing,Hfcs,25.916
United States,North America,2004,Buildings,Co2,123.526
Russia,Europe,2007,Energy,N2O,42.661
Brazil,South America,2011,Transport,N2O,13.396
Russia,Europe,2021,Agriculture,Co2,18.436
United Kingdom,Europe,2012,Buildings,Ch4,8.628
France,Europe,2016,Industrial Processes,Ch4,0.158
India,Asia,2018,Buildings,Co2,123.526
Australia,Oceania,2005,Transport,Hfcs,3.601
United States,North America,2008,Waste,N2O,31.34
India,Asia,2016,Transport,N2O,81.988
Australia,Oceania,2013,Land Use,Co2,6.556
India,Asia,2022,Land Use,Sf6,2.202
South Africa,Africa,2012,Energy,Sf6,4.938
Australia,Oceania,2019,Waste,Sf6,0.219
India,Asia,2005,Land Use,Ch4,23.64
France,Europe,2019,Buildings,Hfcs,8.624
Russia,Europe,2023,Industrial Processes,Co2,8.135
South Africa,Africa,2016,Buildings,Sf6,0.217
France,Europe,2014,Buildings,Sf6,0.541
Indonesia,Asia,2010,Waste,N2O,9.784
United Kingdom,Europe,2019,Manufacturing,Hfcs,4.09
Australia,Oceania,2017,Transport,Ch4,4.845
Japan,Asia,2005,Energy,Sf6,9.572
Brazil,South America,2021,Waste,Ch4,27.864
Australia,Oceania,2021,Manufacturing,Co2,35.047
United States,North America,2016,Waste,N2O,27.745
Indonesia,Asia,2003,Energy,Sf6,5.808
United Kingdom,Europe,2002,Land Use,Sf6,0.1
South Africa,Africa,2020,Waste,Ch4,15.859
China,Asia,2008,Industrial Processes,Hfcs,109.873
China,Asia,2003,Manufacturing,Hfcs,123.526
South Korea,Asia,2020,Agriculture,Ch4,21.082
United Kingdom,Europe,2003,Waste,Hfcs,0.116
China,Asia,2009,Buildings,N2O,109.241
Mexico,North America,2021,Agriculture,Ch4,45.941
Japan,Asia,2001,Manufacturing,N2O,27.911
South Africa,Africa,2002,Transport,Co2,49.233
United States,North America,2011,Industrial Processes,Sf6,8.282
Australia,Oceania,2023,Transport,Sf6,0.991
China,Asia,2023,Waste,Ch4,123.526
Indonesia,Asia,2013,Agriculture,Co2,19.145
Japan,Asia,2017,Manufacturing,Hfcs,21.74
Japan,Asia,2002,Industrial Processes,Ch4,0.497
South Korea,Asia,2021,Industrial Processes,Ch4,0.86
India,Asia,2000,Agriculture,N2O,123.526
India,Asia,2010,Land Use,N2O,52.773
Russia,Europe,2008,Industrial Processes,Ch4,0.932
Australia,Oceania,2021,Agriculture,Hfcs,3.292
Indonesia,Asia,2012,Waste,Sf6,0.522
Russia,Europe,2023,Transport,N2O,25.493
Mexico,North America,2022,Land Use,Ch4,3.487
India,Asia,2000,Manufacturing,Ch4,60.68
Mexico,North America,2011,Industrial Processes,Sf6,0.867
Germany,Europe,2007,,Sf6,7.128
Australia,Oceania,2008,Waste,Hfcs,0.214
India,Asia,2012,Manufacturing,Ch4,123.526
France,Europe,2014,Transport,Ch4,4.959
Brazil,South America,2009,Manufacturing,Sf6,3.335
China,Asia,2019,Waste,Co2,123.526
Canada,North America,2001,Waste,Sf6,0.301
South Korea,Asia,2008,Industrial Processes,Ch4,0.705
South Korea,Asia,2015,Industrial Processes,Co2,7.078
South Africa,Africa,2008,Agriculture,N2O,21.881
Japan,Asia,2021,Waste,Hfcs,0.27
India,Asia,2006,Agriculture,N2O,123.526
India,Asia,2006,Transport,Sf6,5.855
Brazil,South America,2021,Waste,Hfcs,0.447
Germany,Europe,2004,Transport,Sf6,1.371
Germany,Europe,2012,Buildings,Co2,52.248
China,Asia,2022,Land Use,Co2,123.526
Brazil,South America,2012,Waste,Hfcs,0.384
India,Asia,2009,Waste,Sf6,2.624
United Kingdom,Europe,2010,Land Use,Hfcs,0.149
Australia,Oceania,2020,Transport,Sf6,0.846
Brazil,South America,2020,Land Use,Ch4,47.523
Germany,Europe,2015,Manufacturing,Hfcs,11.658
Canada,North America,2021,Industrial Processes,N2O,1.294
Australia,Oceania,2018,Agriculture,Co2,8.666
France,Europe,2015,Manufacturing,Ch4,1.625
South Africa,Africa,2003,Buildings,Hfcs,2.845
Germany,Europe,2020,Agriculture,N2O,13.358
Brazil,South America,2011,Manufacturing,Hfcs,6.738
China,Asia,2011,Energy,N2O,123.526
Russia,Europe,2013,Manufacturing,Co2,123.526
Australia,Oceania,2023,Land Use,Ch4,2.954
Mexico,North America,2006,Energy,Co2,108.033
France,Europe,2014,Buildings,Hfcs,8.564
United Kingdom,Europe,2001,Transport,Sf6,1.086
Japan,Asia,2023,Buildings,Sf6,0.86
United States,North America,2002,Agriculture,Sf6,5.714
Mexico,North America,2005,Transport,N2O,11.474
Russia,Europe,2020,Manufacturing,Sf6,15.172
China,Asia,2023,Transport,Sf6,35.539
Brazil,South America,2017,Waste,Hfcs,0.441
Australia,Oceania,2003,Transport,N2O,8.514
United States,North America,2021,Waste,Sf6,1.466
France,Europe,2017,Transport,Co2,77.258
Indonesia,Asia,2007,Land Use,N2O,69.46
India,Asia,2002,Agriculture,Ch4,123.526
China,Asia,2022,Land Use,Hfcs,37.369
Canada,North America,2022,Agriculture,Ch4,35.045
Indonesia,Asia,2017,Land Use,N2O,79.911
France,Europe,2016,Energy,N2O,3.833
India,Asia,2017,Transport,Ch4,40.782
Japan,Asia,2003,Transport,Hfcs,8.348
United Kingdom,Europe,2004,Buildings,Hfcs,10.357
Brazil,South America,2020,Energy,Sf6,3.339
Mexico,North America,2019,Waste,Hfcs,0.311
China,Asia,2000,Transport,Ch4,69.697
South Korea,Asia,2003,Industrial Processes,Co2,6.074
Brazil,South America,2020,Buildings,Hfcs,1.283
Russia,Europe,2012,Energy,Ch4,123.526
United Kingdom,Europe,2013,Manufacturing,Co2,27.176
South Africa,Africa,2010,Buildings,Sf6,0.209
United States,North America,2016,Industrial Processes,Co2,22.013
United States,North America,2004,Buildings,Ch4,109.653
Mexico,North America,2005,Agriculture,Sf6,0.731
China,Asia,2008,Industrial Processes,Sf6,62.329
India,Asia,2003,Land Use,Co2,48.479
Russia,Europe,2006,Agriculture,Sf6,1.87
Japan,Asia,2009,Energy,Co2,123.526
Canada,North America,2006,Land Use,Co2,6.239
Russia,Europe,2009,Energy,Hfcs,25.479
India,Asia,2008,Energy,N2O,65.379
United States,North America,2012,Land Use,Sf6,1.034
Mexico,North America,2000,Agriculture,Ch4,35.228
United Kingdom,Europe,2012,Energy,Ch4,18.767
Russia,Europe,2009,Manufacturing,Sf6,17.511
United Kingdom,Europe,2015,Agriculture,Hfcs,1.245
Germany,Europe,2004,Buildings,Co2,50.079
South Africa,Africa,2021,Manufacturing,Co2,52.508
South Korea,Asia,2022,Transport,Ch4,7.699
Russia,Europe,2015,Buildings,Co2,77.556
India,Asia,2018,Manufacturing,Hfcs,111.629
Indonesia,Asia,2019,Agriculture,Co2,22.753
United States,North America,2004,Agriculture,Co2,53.726
Mexico,North America,2022,Transport,Ch4,6.784
United States,North America,2021,Manufacturing,Sf6,29.744
Canada,North America,2018,Buildings,Ch4,12.073
France,Europe,2021,Transport,Ch4,4.254
France,Europe,2020,Transport,Ch4,4.022
Indonesia,Asia,2008,Land Use,Co2,84.053
Canada,North America,2008,Buildings,Sf6,0.814
Germany,Europe,2011,Industrial Processes,Hfcs,3.154
Australia,Oceania,2017,Buildings,N2O,3.82
Germany,Europe,2020,Waste,Sf6,0.205
Australia,Oceania,2019,Waste,Hfcs,0.205
Japan,Asia,2016,Industrial Processes,Ch4,0.481
South Africa,Africa,2021,Waste,N2O,4.738
Mexico,North America,2007,Energy,Co2,102.032
United States,North America,2022,Manufacturing,Ch4,60.073
India,Asia,2009,Energy,N2O,62.499
Germany,Europe,2004,Transport,Hfcs,6.073
Brazil,South America,2016,Energy,Ch4,39.058
South Africa,Africa,2001,Agriculture,Sf6,0.698
China,Asia,2009,Waste,Ch4,123.526
United States,North America,2016,Waste,Hfcs,1.434
Mexico,North America,2016,Waste,Co2,5.833
Indonesia,Asia,2018,Agriculture,N2O,55.75
South Africa,Africa,2003,Transport,Sf6,0.617
South Korea,Asia,2000,Industrial Processes,Hfcs,3.211
France,Europe,2015,Agriculture,Co2,6.073
Australia,Oceania,2011,Buildings,Ch4,5.617
Mexico,North America,2002,Industrial Processes,Ch4,0.252
United Kingdom,Europe,2011,Manufacturing,Hfcs,4.789
United States,North America,2022,Energy,N2O,76.21
India,Asia,2014,Manufacturing,N2O,107.943
China,Asia,2005,Energy,Ch4,123.526
Indonesia,Asia,2003,Industrial Processes,Sf6,1.234
Germany,Europe,2000,Waste,Hfcs,0.328
Japan,Asia,2006,Agriculture,Sf6,0.442
Brazil,South America,2003,Transport,Sf6,1.28
India,Asia,2019,Buildings,N2O,56.931
South Korea,Asia,2006,Energy,N2O,11.798
China,Asia,2008,Agriculture,Ch4,123.526
Russia,Europe,2023,,Hfcs,7.128
China,Asia,2023,Manufacturing,Co2,123.526
France,Europe,2002,Agriculture,Ch4,42.194
United States,North America,2020,Agriculture,Sf6,4.296
France,Europe,2022,Transport,Ch4,4.492
South Korea,Asia,2023,Agriculture,Ch4,26.83
France,Europe,2007,Industrial Processes,Hfcs,0.865
Mexico,North America,2020,Land Use,Co2,6.333
United States,North America,2000,Waste,Sf6,1.892
Japan,Asia,2016,Energy,Hfcs,12.732
Indonesia,Asia,2015,Energy,N2O,20.584
Canada,North America,2006,Land Use,Hfcs,0.543
Indonesia,Asia,2022,Land Use,Sf6,2.645
Brazil,South America,2001,Transport,Ch4,6.19
Mexico,North America,2005,Land Use,Hfcs,0.61
Mexico,North America,2004,Buildings,N2O,4.617
Brazil,South America,2020,Agriculture,Sf6,2.746
Russia,Europe,2004,Agriculture,N2O,57.088
Mexico,North America,2002,Agriculture,Co2,7.368
South Korea,Asia,2017,Transport,Co2,111.683
Germany,Europe,2019,Manufacturing,Co2,68.773
Russia,Europe,2011,Energy,Ch4,123.526
France,Europe,2012,Energy,N2O,4.328
Brazil,South America,2012,Transport,Ch4,6.563
Brazil,South America,2007,Transport,Hfcs,5.597
Russia,Europe,2010,Land Use,Ch4,7.958
France,Europe,2018,Land Use,Hfcs,0.13
France,Europe,2022,Energy,Co2,45.774
South Africa,Africa,2005,Agriculture,Co2,6.834
South Korea,Asia,2013,Agriculture,Co2,3.738
Russia,Europe,2018,Waste,Hfcs,0.595
Mexico,North America,2010,Manufacturing,Co2,45.215
United Kingdom,Europe,2019,Transport,Ch4,3.8
United States,North America,2009,Industrial Processes,Ch4,2.741
Japan,Asia,2005,Energy,N2O,23.876
France,Europe,2018,Agriculture,Sf6,0.505
Brazil,South America,2001,Buildings,Hfcs,1.317
South Africa,Africa,2009,Waste,N2O,3.958
Japan,Asia,2021,Land Use,Co2,0.1
Russia,Europe,2005,Land Use,N2O,14.264
China,Asia,2004,Buildings,N2O,99.948
Mexico,North America,2010,Transport,Sf6,1.33
United Kingdom,Europe,2010,Energy,Sf6,1.949
China,Asia,2021,Manufacturing,Co2,123.526
South Africa,Africa,2018,Energy,Sf6,4.839
Japan,Asia,2002,Land Use,N2O,0.1
Indonesia,Asia,2022,Buildings,Sf6,0.142
United States,North America,2021,Energy,Co2,123.526
South Africa,Africa,2000,Waste,Hfcs,0.23
France,Europe,2001,Buildings,Ch4,10.763
Japan,Asia,2017,Energy,N2O,19.379
Indonesia,Asia,2018,Transport,N2O,14.025
India,Asia,2001,Transport,Hfcs,19.749
Indonesia,Asia,2014,Land Use,Ch4,46.827
Indonesia,Asia,2008,Energy,Hfcs,10.514
Germany,Europe,2021,Manufacturing,N2O,10.9
Japan,Asia,2004,Waste,N2O,6.274
Germany,Europe,2020,Agriculture,Co2,4.151
United States,North America,2004,Industrial Processes,Sf6,7.994
Australia,Oceania,2019,,Co2,7.128
South Africa,Africa,2017,Transport,Hfcs,2.571
United States,North America,2009,Transport,Co2,123.526
United Kingdom,Europe,2017,Transport,Hfcs,3.101
France,Europe,2021,Industrial Processes,N2O,0.319
Germany,Europe,2023,Industrial Processes,Ch4,0.476
Canada,North America,2001,Industrial Processes,Ch4,0.801
Brazil,South America,2001,Transport,Hfcs,5.186
United States,North America,2012,Manufacturing,Co2,123.526
Japan,Asia,2015,Agriculture,Co2,4.125
South Korea,Asia,2016,Agriculture,Hfcs,1.632
India,Asia,2022,Energy,Co2,123.526
United Kingdom,Europe,2005,Industrial Processes,Ch4,0.211
United Kingdom,Europe,2018,Agriculture,N2O,7.996
Canada,North America,2022,Manufacturing,Ch4,6.524
Mexico,North America,2013,Buildings,Ch4,7.808
South Korea,Asia,2003,Manufacturing,Co2,123.526
Germany,Europe,2013,Manufacturing,Hfcs,11.606
Australia,Oceania,2007,Energy,Ch4,37.566
Indonesia,Asia,2001,Energy,Sf6,6.023
Brazil,South America,2023,Industrial Processes,Ch4,0.505
United Kingdom,Europe,2013,Transport,Hfcs,3.422
Russia,Europe,2021,Manufacturing,Ch4,36.061
India,Asia,2008,Buildings,Ch4,63.234
Germany,Europe,2004,Transport,Co2,113.684
Australia,Oceania,2016,Buildings,N2O,3.814
Mexico,North America,2014,Buildings,N2O,4.723
India,Asia,2011,Land Use,Sf6,1.629
United States,North America,2005,Waste,Co2,36.631
India,Asia,2002,Transport,N2O,54.814
China,Asia,2004,Land Use,Hfcs,19.116
Australia,Oceania,2003,Agriculture,Co2,7.732
Japan,Asia,2018,Transport,Co2,123.526
China,Asia,2019,Agriculture,Ch4,123.526
France,Europe,2000,Waste,N2O,2.412
United States,North America,2012,Industrial Processes,Hfcs,13.929
United States,North America,2022,Transport,Ch4,63.259
Russia,Europe,2021,Buildings,Co2,87.325
Indonesia,Asia,2002,Buildings,Co2,5.085
South Korea,Asia,2007,Waste,Ch4,13.575
China,Asia,2010,Transport,Co2,123.526
South Africa,Africa,2010,Industrial Processes,Ch4,0.253
United Kingdom,Europe,2016,Waste,Co2,1.669
United Kingdom,Europe,2012,Transport,Hfcs,3.596
Indonesia,Asia,2022,Industrial Processes,Sf6,1.981
Brazil,South America,2013,Industrial Processes,N2O,1.011
Brazil,South America,2020,Buildings,Ch4,1.577
France,Europe,2000,Agriculture,Ch4,43.878
United States,North America,2012,Transport,N2O,123.526
China,Asia,2008,Buildings,N2O,103.761
Canada,North America,2018,Waste,Hfcs,0.279
France,Europe,2003,Industrial Processes,Sf6,0.572
China,Asia,2018,Transport,N2O,123.526
Germany,Europe,2018,Manufacturing,N2O,10.606
Australia,Oceania,2013,Transport,Hfcs,3.559
Australia,Oceania,2015,Agriculture,Co2,7.64
Russia,Europe,2015,Industrial Processes,Ch4,0.892
Mexico,North America,2011,Manufacturing,N2O,6.965
Indonesia,Asia,2005,Agriculture,N2O,47.366
Canada,North America,2010,Industrial Processes,Ch4,0.715
South Korea,Asia,2004,Agriculture,Ch4,19.573
United Kingdom,Europe,2014,Manufacturing,Hfcs,4.509
Australia,Oceania,2021,Agriculture,Ch4,44.235
United States,North America,2009,Waste,Hfcs,1.612
China,Asia,2016,Buildings,Co2,123.526
United States,North America,2013,Agriculture,N2O,123.526
Indonesia,Asia,2009,Waste,N2O,8.422
Indonesia,Asia,2022,Transport,Co2,123.156
Japan,Asia,2008,Land Use,Sf6,0.1
United Kingdom,Europe,2022,Waste,N2O,1.395
United Kingdom,Europe,2007,Transport,Co2,80.574
South Africa,Africa,2012,Manufacturing,Hfcs,7.054
Australia,Oceania,2015,Industrial Processes,N2O,1.037
India,Asia,2015,Energy,Sf6,34.436
France,Europe,2015,Industrial Processes,Sf6,0.514
South Africa,Africa,2015,Agriculture,Ch4,39.094
Japan,Asia,2014,Agriculture,Sf6,0.404
Russia,Europe,2007,Industrial Processes,Hfcs,4.585
Japan,Asia,2022,Industrial Processes,N2O,0.891
France,Europe,2012,Land Use,Ch4,0.72
Mexico,North America,2019,Energy,Co2,116.613
Indonesia,Asia,2010,Industrial Processes,Co2,4.864
South Korea,Asia,2014,Manufacturing,Sf6,11.735
Indonesia,Asia,2004,Agriculture,Ch4,88.412
China,Asia,2001,Energy,Co2,123.526
United Kingdom,Europe,2021,Buildings,Ch4,7.041
Indonesia,Asia,2016,Land Use,Sf6,2.303
Mexico,North America,2009,Buildings,Ch4,7.152
Canada,North America,2002,Manufacturing,Ch4,7.111
United Kingdom,Europe,2023,Industrial Processes,Sf6,0.405
France,Europe,2015,Agriculture,Hfcs,2.374
Indonesia,Asia,2008,Buildings,Hfcs,1.46
France,Europe,2003,Buildings,Sf6,0.67
India,Asia,2020,Energy,Hfcs,54.039
Mexico,North America,2022,,Hfcs,7.128
Indonesia,Asia,2023,Land Use,N2O,95.535
Australia,Oceania,2017,Manufacturing,Co2,32.07
South Africa,Africa,2018,Energy,Co2,123.526
Canada,North America,2010,Industrial Processes,Co2,6.752
France,Europe,2016,Manufacturing,Co2,9.797
Mexico,North America,2023,Manufacturing,Sf6,4.396
France,Europe,2021,Buildings,N2O,5.749
Canada,North America,2012,Land Use,Co2,5.206
United Kingdom,Europe,2020,Agriculture,N2O,7.249
Japan,Asia,2006,Industrial Processes,Co2,5.037
United Kingdom,Europe,2023,Energy,Hfcs,2.089
South Korea,Asia,2005,Energy,Co2,123.526
Japan,Asia,2014,Land Use,Sf6,0.1
United Kingdom,Europe,2001,Energy,Ch4,24.574
Indonesia,Asia,2023,Energy,Ch4,100.627
South Korea,Asia,2002,Waste,Sf6,0.204
South Africa,Africa,2003,Land Use,N2O,3.64
Germany,Europe,2006,Transport,Hfcs,5.986
India,Asia,2001,Transport,N2O,49.597
Mexico,North America,2014,,Hfcs,7.128
Mexico,North America,2008,Agriculture,Co2,7.029
South Africa,Africa,2012,Industrial Processes,Hfcs,1.304
Canada,North America,2006,Industrial Processes,Sf6,2.226
China,Asia,2010,Buildings,Hfcs,123.526
South Africa,Africa,2001,Transport,Hfcs,2.218
United Kingdom,Europe,2012,Manufacturing,Ch4,4.716
South Africa,Africa,2009,Land Use,Co2,3.714
Indonesia,Asia,2023,Industrial Processes,Co2,6.2
Brazil,South America,2009,Buildings,N2O,0.852
Japan,Asia,2021,Buildings,Ch4,13.611
Australia,Oceania,2009,Land Use,Ch4,2.968
Germany,Europe,2018,Industrial Processes,Ch4,0.578
India,Asia,2018,Manufacturing,Sf6,59.984
China,Asia,2003,Buildings,Ch4,123.526
India,Asia,2016,Industrial Processes,N2O,12.131
Brazil,South America,2023,Buildings,Ch4,1.685
United States,North America,2010,Manufacturing,N2O,65.27
Russia,Europe,2019,Land Use,Sf6,0.384
United Kingdom,Europe,2001,Manufacturing,Hfcs,6.282
South Africa,Africa,2023,Industrial Processes,Co2,2.433
Brazil,South America,2015,Energy,N2O,8.749
South Africa,Africa,2004,Land Use,Co2,3.718
Germany,Europe,2022,Buildings,Ch4,10.101
,North America,2004,Manufacturing,Hfcs,7.128
United Kingdom,Europe,2021,Transport,Sf6,0.772
Canada,North America,2016,Agriculture,Sf6,0.65
United States,North America,2020,,N2O,7.128
Indonesia,Asia,2003,Industrial Processes,Ch4,0.418
Germany,Europe,2020,Transport,Ch4,5.108
,North America,2021,Transport,Hfcs,7.128
China,Asia,2011,Manufacturing,Sf6,123.526
Brazil,South America,2008,Industrial Processes,Co2,4.456
South Korea,Asia,2012,Manufacturing,Sf6,10.175
China,Asia,2023,Waste,Hfcs,13.061
Australia,Oceania,2022,Transport,Hfcs,4.056
Brazil,South America,2015,Agriculture,Co2,31.226
Germany,Europe,2019,Waste,Hfcs,0.223
Canada,North America,2015,Industrial Processes,Hfcs,3.31
Brazil,South America,2004,Transport,Co2,107.687
Brazil,South America,2007,Energy,Co2,121.7
China,Asia,2011,Energy,Ch4,123.526
Brazil,South America,2022,Manufacturing,Sf6,3.631
United Kingdom,Europe,2004,Land Use,Sf6,0.1
United Kingdom,Europe,2020,Land Use,Co2,0.953
Australia,Oceania,2004,Land Use,Ch4,2.981
Australia,Oceania,2010,Transport,Ch4,4.515
Russia,Europe,2023,Land Use,Co2,14.647
South Africa,Africa,2005,Industrial Processes,Co2,2.235
Brazil,South America,2009,Buildings,Sf6,0.1
Mexico,North America,2017,Agriculture,Ch4,43.311
Brazil,South America,2014,Buildings,Sf6,0.1
Indonesia,Asia,2013,Buildings,Hfcs,1.58
India,Asia,2000,Industrial Processes,Hfcs,17.881
Australia,Oceania,2015,Buildings,N2O,3.715
China,Asia,2003,Industrial Processes,Co2,123.526
United Kingdom,Europe,2022,Transport,N2O,7.172
Indonesia,Asia,2001,Buildings,Sf6,0.1
Germany,Europe,2018,Manufacturing,Hfcs,11.97
United States,North America,2003,Transport,Sf6,15.601
Brazil,South America,2007,Transport,Sf6,1.425
France,Europe,2014,Agriculture,N2O,17.092
Mexico,North America,2021,Transport,Ch4,7.375
Australia,Oceania,2012,Energy,N2O,10.501
South Korea,Asia,2006,Land Use,Co2,3.048
France,Europe,2013,Buildings,Ch4,9.366
United States,North America,2017,Land Use,Sf6,1.058
Canada,North America,2001,Energy,Hfcs,7.566
Mexico,North America,2007,Land Use,N2O,5.656
Brazil,South America,2016,Manufacturing,Ch4,7.026
South Africa,Africa,2011,Land Use,Ch4,1.911
India,Asia,2010,Transport,Ch4,36.336
Canada,North America,2009,Manufacturing,Ch4,7.101
Mexico,North America,2000,Agriculture,Hfcs,2.531
France,Europe,2021,Industrial Processes,Hfcs,0.792
Brazil,South America,2017,Agriculture,Co2,32.604
South Africa,Africa,2001,Land Use,Ch4,2.067
United States,North America,2018,Industrial Processes,Co2,24.316
United Kingdom,Europe,2007,Agriculture,,7.128
Australia,Oceania,2013,Agriculture,N2O,22.787
South Korea,Asia,2017,Buildings,Ch4,11.896
Australia,Oceania,2019,Land Use,Hfcs,0.602
Russia,Europe,2023,Land Use,Ch4,7.834
Brazil,South America,2013,Manufacturing,Sf6,3.388
Russia,Europe,2011,Waste,Hfcs,0.563
South Africa,Africa,2010,Transport,Sf6,0.571
Australia,Oceania,2013,Manufacturing,N2O,5.376
United Kingdom,Europe,2010,Agriculture,Hfcs,1.36
China,Asia,2014,Waste,N2O,123.526
Australia,Oceania,2017,Waste,Ch4,12.916
France,Europe,2010,Energy,Sf6,1.786
South Africa,Africa,2010,Agriculture,Hfcs,2.643
United Kingdom,Europe,2012,Agriculture,Ch4,17.276
Russia,Europe,2002,Land Use,Co2,15.088
South Africa,Africa,2001,Waste,Sf6,0.245
France,Europe,2023,Transport,Hfcs,3.458
Mexico,North America,2010,Waste,N2O,5.011
Australia,Oceania,2023,Waste,N2O,3.713
China,Asia,2006,Buildings,Sf6,10.734
Mexico,North America,2011,Waste,Co2,5.192
Canada,North America,2001,Waste,Hfcs,0.315
Indonesia,Asia,2021,Buildings,Sf6,0.139
United Kingdom,Europe,2013,Agriculture,Ch4,17.046
Germany,Europe,2000,Buildings,Sf6,1.049
United Kingdom,Europe,2020,Industrial Processes,Co2,1.11
France,Europe,2000,Land Use,N2O,1.449
Brazil,South America,2012,Land Use,Sf6,2.512
Mexico,North America,2003,Waste,Co2,4.74
South Africa,Africa,2020,Manufacturing,N2O,7.402
Russia,Europe,2020,Land Use,Ch4,7.248
South Korea,Asia,2018,Industrial Processes,Hfcs,4.345
United Kingdom,Europe,2004,Waste,Ch4,6.839
United States,North America,2014,Transport,Sf6,14.686
Indonesia,Asia,2010,Agriculture,Ch4,102.446
China,Asia,2023,Energy,Hfcs,123.526
France,Europe,2021,Manufacturing,Ch4,1.593
Canada,North America,2015,Transport,Sf6,1.76
Germany,Europe,2013,Energy,Sf6,3.53
China,Asia,2016,Waste,Sf6,9.043
Russia,Europe,2018,Energy,Sf6,16.285
Japan,Asia,2007,Waste,Hfcs,0.345
United Kingdom,Europe,2012,Buildings,N2O,6.081
Mexico,North America,2015,Waste,Co2,5.693
Japan,Asia,2011,Transport,Hfcs,8.348
Canada,North America,2011,Buildings,Hfcs,12.442
France,Europe,2008,Transport,Hfcs,4.581
India,Asia,2016,Land Use,Ch4,38.185
Brazil,South America,2003,Waste,Ch4,21.935
United Kingdom,Europe,2009,Agriculture,Hfcs,1.252
Brazil,South America,2018,Waste,Sf6,0.428
Canada,North America,2010,Agriculture,Hfcs,2.699
India,Asia,2009,Waste,N2O,49.334
Australia,Oceania,2004,Energy,Sf6,4.153
Russia,Europe,2020,Agriculture,Co2,19.1
China,Asia,2017,Transport,N2O,123.526
China,Asia,2015,Agriculture,N2O,123.526
Canada,North America,2011,Transport,N2O,17.626
Indonesia,Asia,2002,Manufacturing,Hfcs,7.173
Russia,Europe,2008,Energy,Co2,123.526
United Kingdom,Europe,2021,Manufacturing,Sf6,1.932
France,Europe,2015,Transport,Hfcs,3.829
Brazil,South America,2021,Waste,Sf6,0.457
Germany,Europe,2007,Manufacturing,Co2,83.297
United States,North America,2023,Manufacturing,Hfcs,55.818
China,Asia,2007,Energy,N2O,123.526
China,Asia,2006,Manufacturing,Hfcs,123.526
France,Europe,2013,Industrial Processes,Ch4,0.177
South Africa,Africa,2007,Energy,N2O,11.398
Japan,Asia,2003,Buildings,Hfcs,15.848
India,Asia,2022,Buildings,N2O,68.586
Russia,Europe,2016,Transport,Co2,123.526
South Africa,Africa,2015,Manufacturing,Co2,49.688
Japan,Asia,2010,Buildings,Hfcs,14.544
India,Asia,2009,Transport,Co2,123.526
Brazil,South America,2007,Buildings,Hfcs,1.348
South Korea,Asia,2009,Industrial Processes,Hfcs,3.42
Germany,Europe,2020,Agriculture,Sf6,0.439
Japan,Asia,2005,Energy,Co2,123.526
Brazil,South America,2023,Land Use,Co2,101.159
South Africa,Africa,2003,Manufacturing,Co2,46.33
Australia,Oceania,2000,Industrial Processes,Ch4,0.471
United Kingdom,Europe,2020,Energy,Hfcs,2.016
Japan,Asia,2015,Manufacturing,Ch4,21.511
China,Asia,2011,Industrial Processes,Co2,123.526
India,Asia,2015,Industrial Processes,Co2,43.501
South Korea,Asia,2010,Transport,N2O,12.513
China,Asia,2000,Transport,N2O,123.526
Brazil,South America,2016,Agriculture,Ch4,123.526
Mexico,North America,2021,Manufacturing,Ch4,9.104
South Africa,Africa,2006,Waste,N2O,4.271
Japan,Asia,2018,Waste,Ch4,16.303
India,Asia,2012,Waste,Ch4,123.526
Canada,North America,2000,Buildings,Sf6,0.897
United Kingdom,Europe,2010,Transport,Ch4,4.202
South Africa,Africa,2014,Agriculture,Co2,7.588
India,Asia,2008,Land Use,Sf6,1.482
Australia,Oceania,2014,Energy,Hfcs,6.147
United States,North America,2015,Manufacturing,N2O,63.331
Canada,North America,2013,Buildings,Sf6,0.884
Australia,Oceania,2015,Manufacturing,Sf6,2.423
United Kingdom,Europe,2014,Buildings,Hfcs,7.365
Germany,Europe,2003,Agriculture,Co2,5.369
Brazil,South America,2002,Industrial Processes,Sf6,1.369
Mexico,North America,2022,Waste,Co2,5.792
South Africa,Africa,2003,Buildings,Co2,11.046
Canada,North America,2011,Land Use,Hfcs,0.538
Germany,Europe,2000,Waste,N2O,5.922
South Africa,Africa,2006,Waste,Sf6,0.259
Canada,North America,2002,Buildings,Hfcs,13.404
France,Europe,2017,Energy,Co2,49.584
Canada,North America,2020,Waste,Hfcs,0.266
China,Asia,2019,Buildings,Ch4,123.526
South Africa,Africa,2022,Energy,Ch4,47.492
United States,North America,2019,Waste,Sf6,1.401
France,Europe,2010,Buildings,Hfcs,8.624
Brazil,South America,2018,Industrial Processes,Sf6,1.472
Brazil,South America,2000,Agriculture,Sf6,2.496
Australia,Oceania,2016,Energy,Hfcs,5.787
Australia,Oceania,2018,Transport,Sf6,0.945
India,Asia,2010,Energy,Sf6,29.08
United Kingdom,Europe,2016,Land Use,Ch4,0.594
Japan,Asia,2006,Manufacturing,Co2,123.526
France,Europe,2006,Energy,Co2,61.768
Mexico,North America,2015,Industrial Processes,Sf6,0.796
United Kingdom,Europe,2022,Energy,N2O,3.765
United States,North America,2019,Transport,N2O,123.526
China,Asia,2015,Agriculture,Co2,123.526
Germany,Europe,2020,Waste,Ch4,11.168
Japan,Asia,2015,Agriculture,,7.128
South Korea,Asia,2010,Buildings,Hfcs,9.796
South Korea,Asia,2012,Agriculture,Sf6,0.397
South Korea,Asia,2021,Manufacturing,Co2,123.526
Russia,Europe,2021,Land Use,Co2,16.611
China,Asia,2002,Manufacturing,N2O,123.526
Canada,North America,2006,Waste,Co2,5.639
Russia,Europe,2006,Manufacturing,N2O,36.703
United States,North America,2014,Manufacturing,N2O,64.362
Russia,Europe,2019,Transport,Hfcs,10.743
Mexico,North America,2011,Transport,Hfcs,5.25
United States,North America,2013,Industrial Processes,N2O,5.6
South Africa,Africa,2004,Agriculture,Ch4,40.049
Germany,Europe,2019,Buildings,Sf6,0.817
Brazil,South America,2020,Transport,Ch4,6.792
India,Asia,2004,Agriculture,Co2,83.869
Canada,North America,2009,Manufacturing,N2O,6.247
Brazil,South America,2010,Agriculture,Ch4,123.526
Canada,North America,2020,Energy,Ch4,44.209
China,Asia,2014,Agriculture,N2O,123.526
South Africa,Africa,2010,Energy,Sf6,4.787
Mexico,North America,2018,Energy,Co2,111.019
Russia,Europe,2004,Buildings,N2O,14.052
China,Asia,2014,Industrial Processes,N2O,49.227
Brazil,South America,2021,Land Use,Hfcs,11.109
South Africa,Africa,2007,Transport,Ch4,3.216
South Korea,Asia,2004,Industrial Processes,Co2,6.252
Canada,North America,2015,Waste,Co2,5.359
Brazil,South America,2013,Buildings,Sf6,0.1
Indonesia,Asia,2003,Industrial Processes,Co2,3.703
South Africa,Africa,2007,Waste,Co2,5.022
Indonesia,Asia,2008,Industrial Processes,Ch4,0.511
Brazil,South America,2005,Manufacturing,Ch4,6.084
South Korea,Asia,2022,Energy,N2O,16.178
India,Asia,2000,Manufacturing,Hfcs,62.982
Indonesia,Asia,2017,Transport,N2O,14.798
South Korea,Asia,2010,Buildings,Co2,47.551
United States,North America,2019,Land Use,Hfcs,3.801
Russia,Europe,2019,Land Use,Co2,14.477
Indonesia,Asia,2004,Energy,N2O,15.46
India,Asia,2011,Energy,Ch4,123.526
Germany,Europe,2010,Buildings,Co2,51.526
Japan,Asia,2015,Land Use,N2O,0.1
Brazil,South America,2013,Transport,Co2,113.032
France,Europe,2022,Agriculture,Co2,4.805
South Africa,Africa,2008,Manufacturing,Sf6,3.607
Indonesia,Asia,2006,Agriculture,Hfcs,6.382
Indonesia,Asia,2023,Transport,Hfcs,6.987
Indonesia,Asia,2013,Agriculture,Ch4,106.205
Japan,Asia,2019,Land Use,Ch4,0.1
United States,North America,2005,Agriculture,Ch4,123.526
South Korea,Asia,2006,Transport,N2O,12.658
South Africa,Africa,2006,Manufacturing,Co2,42.023
United Kingdom,Europe,2000,Agriculture,Sf6,0.342
France,Europe,2019,Agriculture,Hfcs,2.22
South Africa,Africa,2004,Agriculture,N2O,19.994
,Asia,2006,Energy,N2O,7.128
Mexico,North America,2021,Agriculture,Sf6,0.85
China,Asia,2021,Land Use,Sf6,8.76
India,Asia,2009,Manufacturing,N2O,74.728
South Africa,Africa,2002,Buildings,Ch4,3.083
India,Asia,2018,Energy,Hfcs,55.87
South Africa,Africa,2001,Transport,Sf6,0.573
Japan,Asia,2013,Waste,N2O,5.61
Australia,Oceania,2009,Land Use,N2O,4.915
Indonesia,Asia,2013,Agriculture,N2O,60.984
China,Asia,2014,Buildings,Ch4,123.526
China,Asia,2005,Energy,Sf6,74.242
South Korea,Asia,2005,Manufacturing,Ch4,20.253
United Kingdom,Europe,2005,Land Use,Hfcs,0.171
India,Asia,2002,Agriculture,Sf6,7.537
,Asia,2022,Waste,Co2,7.128
China,Asia,2015,Land Use,Ch4,123.526
South Korea,Asia,2019,Buildings,Ch4,13.769
Indonesia,Asia,2015,Energy,Hfcs,13.088
India,Asia,2001,Agriculture,Sf6,7.012
China,Asia,2004,Energy,N2O,123.526
Japan,Asia,2004,Industrial Processes,Hfcs,3.003
Indonesia,Asia,2011,Waste,Hfcs,0.548
Australia,Oceania,2022,Industrial Processes,N2O,1.046
Mexico,North America,2006,Manufacturing,N2O,7.235
Germany,Europe,2021,Land Use,Hfcs,0.227
Australia,Oceania,2010,Waste,N2O,3.676
Canada,North America,2003,Waste,Hfcs,0.299
Mexico,North America,2020,Manufacturing,N2O,7.903
South Korea,Asia,2000,Land Use,Co2,2.406
South Korea,Asia,2001,Manufacturing,Ch4,19.698
Germany,Europe,2011,Energy,Hfcs,5.358
Canada,North America,2020,Agriculture,Ch4,32.589
Indonesia,Asia,2001,Agriculture,Ch4,80.448
France,Europe,2012,Transport,Hfcs,3.992
United Kingdom,Europe,2011,Agriculture,Hfcs,1.343
Russia,Europe,2012,Buildings,Sf6,1.25
South Africa,Africa,2011,Industrial Processes,Co2,2.372
Indonesia,Asia,2007,Transport,Sf6,1.069
Indonesia,Asia,2015,Energy,Ch4,80.506
Canada,North America,2018,Buildings,N2O,8.768
Russia,Europe,2011,Agriculture,Ch4,110.549
South Africa,Africa,2010,Industrial Processes,Co2,2.113
France,Europe,2000,Industrial Processes,Co2,1.951
Brazil,South America,2016,Energy,Sf6,3.421
India,Asia,2004,Manufacturing,Ch4,73.191
United Kingdom,Europe,2014,Industrial Processes,Co2,1.518
Indonesia,Asia,2017,Agriculture,Ch4,120.686
South Korea,Asia,2007,Industrial Processes,Sf6,2.027
Japan,Asia,2005,Manufacturing,N2O,24.146
Australia,Oceania,2002,Manufacturing,Hfcs,4.691
Canada,North America,2004,Buildings,Co2,50.639
India,Asia,2017,Agriculture,Co2,123.526
United States,North America,2023,Buildings,Co2,123.526
South Korea,Asia,2012,Waste,Ch4,13.409
Germany,Europe,2002,Energy,Co2,123.526
India,Asia,2020,Industrial Processes,N2O,13.762
Brazil,South America,2015,Industrial Processes,N2O,0.987
United Kingdom,Europe,2011,Industrial Processes,N2O,0.337
Mexico,North America,2003,Transport,Hfcs,5.026
India,Asia,2004,Manufacturing,N2O,73.851
South Korea,Asia,2016,Transport,Sf6,1.312
,Africa,2007,Industrial Processes,N2O,7.128
Japan,Asia,2020,Buildings,Sf6,0.813
Australia,Oceania,2009,Waste,Hfcs,0.207
Russia,Europe,2014,Land Use,Ch4,8.013
South Korea,Asia,2014,Waste,Ch4,14.774
India,Asia,2006,Agriculture,Ch4,123.526
Mexico,North America,2023,Land Use,N2O,6.124
South Africa,Africa,2014,Manufacturing,Sf6,3.498
South Korea,Asia,2022,Land Use,Co2,3.808
India,Asia,2002,Agriculture,Co2,69.39
South Africa,Africa,2020,Energy,N2O,12.503
United States,North America,2008,Energy,Hfcs,48.981
Indonesia,Asia,2022,Energy,Ch4,96.841
United Kingdom,Europe,2010,Waste,Hfcs,0.107
South Africa,Africa,2013,Agriculture,Sf6,0.75
United States,North America,2001,Manufacturing,Sf6,32.982
Australia,Oceania,2021,Industrial Processes,Hfcs,2.724
France,Europe,2011,Energy,N2O,4.187
Australia,Oceania,2000,Waste,N2O,3.414
India,Asia,2022,Agriculture,Co2,123.526
South Africa,Africa,2014,Energy,Ch4,46.167
United States,North America,2017,Agriculture,Ch4,123.526
South Africa,Africa,2013,Land Use,Hfcs,0.401
United States,North America,2005,Transport,Sf6,15.432
France,Europe,2004,Energy,Co2,67.492
Australia,Oceania,2018,Industrial Processes,Hfcs,2.587
Brazil,South America,2012,Manufacturing,Ch4,7.065
Japan,Asia,2016,Waste,Sf6,0.29
Mexico,North America,2005,Buildings,Hfcs,6.582
United Kingdom,Europe,2016,Manufacturing,Hfcs,4.453
China,Asia,2021,Waste,N2O,123.526
France,Europe,2015,Transport,Ch4,4.461
Japan,Asia,2007,Agriculture,Hfcs,1.657
Japan,Asia,2015,Land Use,Hfcs,0.1
China,Asia,2013,Buildings,Ch4,123.526
Australia,Oceania,2017,Energy,Sf6,3.928
South Africa,Africa,2021,Waste,Hfcs,0.264
Brazil,South America,2014,Land Use,Sf6,2.685
South Africa,Africa,2003,Waste,Hfcs,0.225
Russia,Europe,2012,Land Use,Co2,14.996
France,Europe,2014,,Sf6,7.128
Indonesia,Asia,2004,Transport,Hfcs,4.123
France,Europe,2005,Manufacturing,Co2,11.479
France,Europe,2011,Transport,Co2,80.389
Germany,Europe,2002,Industrial Processes,Sf6,2.135
South Africa,Africa,2001,Agriculture,Co2,7.138
Brazil,South America,2022,Energy,Hfcs,6.157
Canada,North America,2003,Energy,Ch4,48.961
Indonesia,Asia,2013,Energy,Ch4,75.439
Russia,Europe,2017,Waste,Ch4,33.956
Indonesia,Asia,2005,Buildings,N2O,0.877
India,Asia,2016,Energy,Hfcs,47.495
France,Europe,2006,Buildings,N2O,7.273
Mexico,North America,2012,Transport,Ch4,6.414
Indonesia,Asia,2001,Waste,Co2,8.415
Japan,Asia,2005,Industrial Processes,Ch4,0.575
United States,North America,2003,Energy,Co2,123.526
Brazil,South America,2003,Agriculture,Ch4,123.526
United Kingdom,Europe,2016,Industrial Processes,N2O,0.316
France,Europe,2002,Energy,Sf6,1.855
Japan,Asia,2004,Transport,Ch4,10.868
India,Asia,2002,Buildings,Hfcs,43.857
Mexico,North America,2014,Industrial Processes,Co2,2.533
South Korea,Asia,2005,Waste,Sf6,0.21
Mexico,North America,2009,Waste,Hfcs,0.25
Canada,North America,2015,Energy,Ch4,48.947
China,Asia,2005,Waste,Ch4,123.526
United States,North America,2001,Agriculture,Hfcs,19.808
India,Asia,2000,Transport,Sf6,4.559
Mexico,North America,2000,Waste,Hfcs,0.229
Japan,Asia,2011,Agriculture,Ch4,24.843
Australia,Oceania,2023,Industrial Processes,Ch4,0.523
India,Asia,2006,Manufacturing,Sf6,38.8
China,Asia,2017,Manufacturing,N2O,123.526
United States,North America,2004,Energy,Sf6,37.803
Canada,North America,2016,Manufacturing,Hfcs,7.02
South Africa,Africa,2012,Energy,Hfcs,6.919
Japan,Asia,2007,Land Use,Co2,0.1
South Korea,Asia,2005,Buildings,N2O,6.744
United States,North America,2020,Manufacturing,Hfcs,52.617
Indonesia,Asia,2001,Land Use,Co2,65.315
India,Asia,2017,Land Use,Sf6,1.949
Canada,North America,2020,Buildings,Sf6,0.717
Canada,North America,2022,Energy,Sf6,4.567
Russia,Europe,2015,Transport,Sf6,2.644
United States,North America,2001,Industrial Processes,N2O,6.154
United Kingdom,Europe,2021,Transport,Hfcs,2.849
Indonesia,Asia,2008,Industrial Processes,N2O,1.098
Germany,Europe,2010,,Ch4,7.128
South Korea,Asia,2020,Waste,Co2,5.067
India,Asia,2018,Transport,Sf6,9.04
United Kingdom,Europe,2021,Land Use,Hfcs,0.104
Russia,Europe,2002,Manufacturing,Sf6,19.238
India,Asia,2015,Waste,N2O,62.391
,Asia,2008,Agriculture,N2O,7.128
India,Asia,2005,Industrial Processes,Sf6,15.326
France,Europe,2019,Transport,Sf6,0.825
Australia,Oceania,2011,Land Use,Sf6,0.149
Brazil,South America,2017,Transport,Co2,111.701
Germany,Europe,2003,Transport,N2O,13.951
United States,North America,2011,Waste,Hfcs,1.647
Indonesia,Asia,2017,Land Use,Hfcs,9.29
India,Asia,2015,Energy,Co2,123.526
South Korea,Asia,2008,Land Use,Hfcs,0.275
South Africa,Africa,2016,Waste,Ch4,15.753
Mexico,North America,2001,Industrial Processes,Sf6,0.737
South Africa,Africa,2023,Energy,Co2,123.526
China,Asia,2011,Transport,Hfcs,90.539
Indonesia,Asia,2020,Buildings,Hfcs,1.751
Australia,Oceania,2020,Industrial Processes,Ch4,0.521
Brazil,South America,2005,Industrial Processes,Co2,4.339
Indonesia,Asia,2003,Land Use,Sf6,1.595
Russia,Europe,2021,Transport,N2O,25.556
Canada,North America,2015,Land Use,Hfcs,0.548
South Korea,Asia,2021,Land Use,Hfcs,0.365
Brazil,South America,2012,Industrial Processes,Sf6,1.413
Mexico,North America,2013,Transport,Ch4,7.059
Canada,North America,2014,Manufacturing,Co2,45.958
Australia,Oceania,2021,Manufacturing,Ch4,5.419
Brazil,South America,2012,Agriculture,Ch4,123.526
Brazil,South America,2004,Transport,Ch4,6.792
India,Asia,2013,Buildings,Co2,123.526
China,Asia,2000,Buildings,N2O,77.339
India,Asia,2003,Waste,Ch4,123.526
United States,North America,2017,Agriculture,Hfcs,17.8
Australia,Oceania,2006,Agriculture,Sf6,0.82
Australia,Oceania,2001,Waste,Ch4,12.494
France,Europe,2009,Manufacturing,Co2,10.359
United States,North America,2010,Manufacturing,Ch4,64.546
United States,North America,2019,Energy,Sf6,32.7
France,Europe,2002,Buildings,Co2,43.535
Russia,Europe,2021,Land Use,Sf6,0.383
United Kingdom,Europe,2022,Industrial Processes,N2O,0.26
Australia,Oceania,2000,Agriculture,N2O,22.955
Germany,Europe,2008,Buildings,Hfcs,12.946
Germany,Europe,2006,Energy,N2O,10.843
United Kingdom,Europe,2001,Industrial Processes,Hfcs,1.098
South Korea,Asia,2019,Land Use,Sf6,0.1
Brazil,South America,2020,Manufacturing,Sf6,3.473
Germany,Europe,2017,Industrial Processes,Hfcs,3.033
Russia,Europe,2016,Manufacturing,N2O,33.516
Canada,North America,2007,Energy,Hfcs,7.928
France,Europe,2005,Agriculture,Hfcs,2.63
Australia,Oceania,2023,Energy,Co2,123.526
South Africa,Africa,2008,Waste,Ch4,15.488
Indonesia,Asia,2010,Industrial Processes,Sf6,1.638
Australia,Oceania,2003,Waste,Sf6,0.207
United Kingdom,Europe,2008,Land Use,Ch4,7.55
China,Asia,2016,Transport,Ch4,123.526
Brazil,South America,2015,Buildings,Ch4,1.529
Canada,North America,2020,Transport,N2O,15.894
South Africa,Africa,2016,Waste,N2O,4.491
Mexico,North America,2001,Waste,Sf6,0.256
Canada,North America,2011,Transport,Co2,123.526
Indonesia,Asia,2002,Energy,Co2,123.526
South Korea,Asia,2000,Manufacturing,N2O,18.752
France,Europe,2015,Buildings,N2O,6.029
South Africa,Africa,2006,Agriculture,Hfcs,2.623
Japan,Asia,2001,Industrial Processes,Co2,5.457
France,Europe,2004,Manufacturing,Ch4,2.039
Mexico,North America,2000,Manufacturing,Hfcs,7.53
Japan,Asia,2013,Buildings,Ch4,16.489
Indonesia,Asia,2022,Agriculture,N2O,70.968
Canada,North America,2007,Land Use,Ch4,2.797
India,Asia,2006,Energy,Co2,123.526
China,Asia,2017,Transport,Co2,123.526
Indonesia,Asia,2001,Waste,Hfcs,0.429
France,Europe,2021,Industrial Processes,Co2,1.344
India,Asia,2013,Buildings,Ch4,78.394
France,Europe,2011,Waste,Sf6,0.1
Canada,North America,2010,Transport,Hfcs,6.93
Brazil,South America,2012,Waste,N2O,6.671
Japan,Asia,2003,Buildings,Ch4,17.176
Brazil,South America,2004,Waste,Ch4,21.723
Germany,Europe,2018,Buildings,Hfcs,11.363
Brazil,South America,2000,Buildings,Sf6,0.1
United Kingdom,Europe,2020,Buildings,N2O,4.357
Canada,North America,2021,Transport,Sf6,1.625
Indonesia,Asia,2021,Land Use,Hfcs,11.843
United Kingdom,Europe,2022,Land Use,N2O,0.877
China,Asia,2013,Energy,Ch4,123.526
Australia,Oceania,2001,Land Use,Sf6,0.16
Mexico,North America,2007,Industrial Processes,Ch4,0.271
Mexico,North America,2015,Energy,,7.128
Germany,Europe,2003,Buildings,Hfcs,14.111
South Africa,Africa,2011,Land Use,Co2,4.283
Mexico,North America,2002,Buildings,Sf6,0.421
China,Asia,2019,Buildings,Co2,123.526
France,Europe,2001,Agriculture,Hfcs,2.897
Indonesia,Asia,2010,Buildings,Hfcs,1.516
Japan,Asia,2020,Transport,N2O,18.628
Brazil,South America,2005,Manufacturing,Hfcs,6.595
Australia,Oceania,2005,Energy,Hfcs,6.425
Russia,Europe,2021,Waste,N2O,10.395
India,Asia,2006,Industrial Processes,Ch4,4.275
South Korea,Asia,2022,Energy,Ch4,67.149
South Africa,Africa,2023,Manufacturing,Hfcs,7.301
Germany,Europe,2011,Transport,Co2,104.055
South Korea,Asia,2022,Transport,Sf6,1.391
United Kingdom,Europe,2020,Transport,Hfcs,2.669
United Kingdom,Europe,2005,Land Use,N2O,1.313
United Kingdom,Europe,2005,Transport,Co2,86.293
Canada,North America,2006,Manufacturing,Sf6,3.37
United States,North America,2021,Waste,N2O,29.33
Australia,Oceania,2012,Land Use,Sf6,0.146
South Africa,Africa,2008,Agriculture,Co2,7.07
,Africa,2015,Industrial Processes,N2O,7.128
India,Asia,2011,Manufacturing,Ch4,89.128
South Korea,Asia,2021,Land Use,Ch4,1.727
Russia,Europe,2023,Industrial Processes,Sf6,2.905
United States,North America,2007,Transport,Ch4,73.674
Canada,North America,2019,Buildings,Sf6,0.826
France,Europe,2023,Energy,Hfcs,2.016
Brazil,South America,2018,Land Use,Ch4,54.291
Mexico,North America,2020,Industrial Processes,Ch4,0.259
Japan,Asia,2015,Industrial Processes,Sf6,1.584
France,Europe,2004,Industrial Processes,Sf6,0.606
Indonesia,Asia,2002,Manufacturing,Co2,45.704
United Kingdom,Europe,2015,Waste,Sf6,0.1
South Africa,Africa,2000,Agriculture,N2O,21.429
Australia,Oceania,2008,Energy,Sf6,4.101
France,Europe,2003,Energy,Ch4,20.479
South Africa,Africa,2017,Manufacturing,Hfcs,7.533
South Africa,Africa,2011,Energy,Hfcs,6.839
Japan,Asia,2017,Land Use,Co2,0.1
Japan,Asia,2013,Agriculture,Co2,3.944
Germany,Europe,2017,Agriculture,Ch4,26.735
United Kingdom,Europe,2006,Waste,Ch4,6.878
China,Asia,2009,Transport,Co2,123.526
Mexico,North America,2008,Industrial Processes,Sf6,0.751
China,Asia,2003,Waste,N2O,101.281
United States,North America,2017,Waste,Hfcs,1.424
France,Europe,2018,Energy,Co2,48.948
Mexico,North America,2009,Land Use,Co2,6.123
Canada,North America,2023,Agriculture,Co2,6.226
South Korea,Asia,2022,Industrial Processes,Sf6,2.773
South Korea,Asia,2002,Waste,Hfcs,0.186
Russia,Europe,2014,Manufacturing,Ch4,34.519
Russia,Europe,2009,Land Use,Ch4,6.746
Japan,Asia,2003,Buildings,Co2,67.682
Australia,Oceania,2014,Buildings,Hfcs,4.851
Indonesia,Asia,2005,Waste,Ch4,25.006
Brazil,South America,2011,Land Use,Co2,99.479
Mexico,North America,2012,Energy,Ch4,30.0
Indonesia,Asia,2006,Waste,Co2,9.828
Australia,Oceania,2010,Transport,N2O,9.286
Germany,Europe,2002,Transport,Ch4,7.81
Indonesia,Asia,2022,Waste,Sf6,0.705
South Korea,Asia,2010,Energy,Co2,123.526
China,Asia,2001,Industrial Processes,Hfcs,76.234
Canada,North America,2009,Transport,Hfcs,6.534
India,Asia,2008,Transport,N2O,67.945
Indonesia,Asia,2011,Waste,Sf6,0.562
South Africa,Africa,2013,Manufacturing,N2O,6.978
Indonesia,Asia,2012,Industrial Processes,Co2,4.875
Canada,North America,2018,Agriculture,Ch4,37.312
Australia,Oceania,2008,Buildings,Co2,22.209
India,Asia,2008,Industrial Processes,Sf6,12.877
South Korea,Asia,2011,Energy,Hfcs,8.239
Germany,Europe,2001,Manufacturing,N2O,16.515
Indonesia,Asia,2004,Waste,Hfcs,0.433
Canada,North America,2011,Manufacturing,N2O,7.405
Australia,Oceania,2016,Land Use,N2O,5.601
South Africa,Africa,2008,Transport,Co2,47.88
Russia,Europe,2018,Land Use,Ch4,7.157
Mexico,North America,2001,Buildings,Sf6,0.419
Brazil,South America,2012,Land Use,N2O,80.629
South Korea,Asia,2023,Manufacturing,Ch4,27.512
China,Asia,2009,Land Use,N2O,123.526
Russia,Europe,2007,Land Use,Ch4,8.352
China,Asia,2000,Manufacturing,Ch4,123.526
Germany,Europe,2009,Energy,Co2,123.526
India,Asia,2018,Land Use,N2O,70.591
South Africa,Africa,2011,Transport,Hfcs,2.434
Brazil,South America,2010,Energy,Sf6,3.371
Indonesia,Asia,2010,Agriculture,Co2,18.993
Russia,Europe,2015,Agriculture,Hfcs,8.116
United Kingdom,Europe,2001,Agriculture,Ch4,22.826
Canada,North America,2016,Land Use,Sf6,0.134
Japan,Asia,2000,Industrial Processes,Sf6,1.735
China,Asia,2014,Land Use,Hfcs,27.023
South Africa,Africa,2002,Industrial Processes,N2O,0.505
Australia,Oceania,2002,Manufacturing,N2O,5.082
Brazil,South America,2001,Waste,N2O,6.083
France,Europe,2004,Waste,Sf6,0.108
South Korea,Asia,2007,Energy,Ch4,49.003
Brazil,South America,2003,Transport,N2O,13.765
India,Asia,2010,Industrial Processes,Co2,41.736
Brazil,South America,2006,Industrial Processes,Ch4,0.488
Germany,Europe,2023,Industrial Processes,Hfcs,2.362
France,Europe,2001,Land Use,Sf6,0.1
Mexico,North America,2002,Buildings,Co2,27.718
Germany,Europe,2018,Land Use,N2O,1.948
France,Europe,2016,Land Use,Sf6,0.1
Australia,Oceania,2000,Manufacturing,Ch4,5.03
China,Asia,2004,Energy,Hfcs,105.89
South Africa,Africa,2001,Energy,N2O,11.794
South Africa,Africa,2007,Manufacturing,Co2,42.959
South Africa,Africa,2019,Waste,Co2,5.31
Canada,North America,2016,Buildings,Co2,49.288
United Kingdom,Europe,2015,Energy,Ch4,16.333
Brazil,South America,2014,Industrial Processes,Ch4,0.506
France,Europe,2017,Industrial Processes,Ch4,0.149
Australia,Oceania,2011,Agriculture,N2O,24.486
Japan,Asia,2018,Buildings,N2O,10.225
Brazil,South America,2006,Transport,N2O,12.314
South Korea,Asia,2007,Land Use,Hfcs,0.28
Canada,North America,2022,Industrial Processes,Hfcs,3.12
Canada,North America,2001,Land Use,Hfcs,0.58
France,Europe,2008,Buildings,Co2,39.315
South Korea,Asia,2001,Industrial Processes,Hfcs,3.506
Japan,Asia,2000,Industrial Processes,N2O,1.183
India,Asia,2009,Agriculture,Hfcs,35.967
Brazil,South America,2019,Waste,Hfcs,0.395
South Korea,Asia,2005,Manufacturing,Hfcs,18.846
Germany,Europe,2016,Energy,Ch4,34.585
Russia,Europe,2020,Industrial Processes,Ch4,0.853
France,Europe,2006,Industrial Processes,N2O,0.4
Brazil,South America,2009,Buildings,Co2,5.424
United Kingdom,Europe,2008,Industrial Processes,Ch4,0.191
United States,North America,2014,Waste,Sf6,1.597
France,Europe,2016,Buildings,Ch4,8.346
United Kingdom,Europe,2018,Agriculture,Ch4,15.892
India,Asia,2003,Energy,Sf6,22.983
China,Asia,2019,Transport,N2O,123.526
Japan,Asia,2022,Agriculture,Hfcs,1.494
South Korea,Asia,2004,Land Use,Co2,2.909
United Kingdom,Europe,2002,Buildings,Co2,45.594
South Korea,Asia,2004,Manufacturing,N2O,18.486
Russia,Europe,2010,Buildings,N2O,13.714
Germany,Europe,2016,Industrial Processes,N2O,1.232
Mexico,North America,2018,Transport,Ch4,7.031
Indonesia,Asia,2005,Buildings,Hfcs,1.365
Russia,Europe,2010,Agriculture,N2O,57.194
Australia,Oceania,2009,Agriculture,Ch4,41.214
United States,North America,2011,Energy,Hfcs,53.522
,North America,2010,Buildings,N2O,7.128
United Kingdom,Europe,2018,Buildings,Co2,27.361
Canada,North America,2005,Transport,Hfcs,7.546
Japan,Asia,2021,Land Use,Ch4,0.1
United States,North America,2016,Industrial Processes,Hfcs,13.778
South Africa,Africa,2020,Transport,Sf6,0.607
Canada,North America,2004,Waste,N2O,5.548
South Korea,Asia,2022,Land Use,Ch4,1.662
Brazil,South America,2016,Transport,Ch4,6.961
Australia,Oceania,2010,Land Use,Sf6,0.15
United States,North America,2005,Manufacturing,Sf6,34.462
Japan,Asia,2016,Transport,Hfcs,7.97
United Kingdom,Europe,2018,Energy,N2O,4.285
Japan,Asia,2006,,Hfcs,7.128
Australia,Oceania,2000,Transport,Hfcs,3.726
Japan,Asia,2009,Manufacturing,Co2,123.526
United Kingdom,Europe,2013,Buildings,N2O,5.879
China,Asia,2017,Transport,Sf6,21.553
Mexico,North America,2010,Energy,Hfcs,4.763
Brazil,South America,2019,Transport,Co2,123.526
South Africa,Africa,2021,,N2O,7.128
Brazil,South America,2018,Transport,Hfcs,5.747
United Kingdom,Europe,2013,Waste,Co2,2.03
Canada,North America,2010,Land Use,Sf6,0.137
Indonesia,Asia,2017,Industrial Processes,Co2,5.889
Brazil,South America,2021,Agriculture,Co2,35.157
France,Europe,2008,Buildings,N2O,6.841
Indonesia,Asia,2023,Manufacturing,Hfcs,11.158
South Africa,Africa,2006,Manufacturing,,7.128
Germany,Europe,2012,Waste,Sf6,0.256
United States,North America,2023,Energy,Sf6,34.536
Mexico,North America,2002,Agriculture,Hfcs,2.576
India,Asia,2014,Agriculture,Sf6,11.351
Brazil,South America,2004,Waste,N2O,6.162
Russia,Europe,2003,Industrial Processes,Ch4,0.98
Brazil,South America,2000,Manufacturing,N2O,5.943
China,Asia,2021,Transport,Co2,123.526
Australia,Oceania,2002,Agriculture,Sf6,0.789
South Korea,Asia,2007,,N2O,7.128
South Africa,Africa,2003,Waste,Ch4,15.656
Canada,North America,2015,Buildings,Co2,53.647
Mexico,North America,2015,Buildings,Sf6,0.519
Indonesia,Asia,2012,Land Use,Co2,86.106
Canada,North America,2010,Manufacturing,N2O,7.277
Russia,Europe,2002,Energy,Sf6,18.913
India,Asia,2015,Transport,Sf6,8.863
Brazil,South America,2000,Agriculture,N2O,77.853
United States,North America,2002,Transport,Hfcs,58.941
Canada,North America,2008,Transport,Co2,123.526
India,Asia,2001,Energy,Co2,123.526
India,Asia,2015,Agriculture,Co2,120.592
France,Europe,2014,Manufacturing,Hfcs,1.678
South Korea,Asia,2018,Waste,Sf6,0.24
Japan,Asia,2002,Industrial Processes,N2O,1.147
Australia,Oceania,2017,Transport,Co2,79.759
Brazil,South America,2003,Buildings,Ch4,1.392
South Korea,Asia,2015,Transport,Ch4,6.44
Germany,Europe,2010,Manufacturing,Sf6,6.433
Indonesia,Asia,2023,Waste,Ch4,40.438
Mexico,North America,2002,Energy,Co2,107.41
Japan,Asia,2021,Manufacturing,Ch4,21.908
Brazil,South America,2008,Manufacturing,N2O,7.093
Brazil,South America,2003,Waste,N2O,6.932
Canada,North America,2016,Agriculture,Hfcs,2.815
Russia,Europe,2002,Manufacturing,Hfcs,36.951
Mexico,North America,2010,Agriculture,Sf6,0.727
South Africa,Africa,2002,Manufacturing,Hfcs,7.15
Canada,North America,2000,Energy,Ch4,48.934
South Korea,Asia,2004,Energy,N2O,11.237
South Korea,Asia,2014,Buildings,Sf6,0.841
Mexico,North America,2007,Transport,Co2,99.531
Russia,Europe,2006,Manufacturing,Hfcs,35.478
South Korea,Asia,2016,Transport,Co2,111.075
Mexico,North America,2023,Land Use,Ch4,3.873
France,Europe,2021,Buildings,Ch4,9.366
United States,North America,2021,Waste,Ch4,84.283
Japan,Asia,2018,Waste,Hfcs,0.278
Australia,Oceania,2003,Waste,Co2,4.006
China,Asia,2014,Energy,Co2,123.526
Mexico,North America,2021,Energy,Sf6,3.785
South Korea,Asia,2018,Industrial Processes,Co2,7.338
Japan,Asia,2015,Industrial Processes,Co2,4.678
Germany,Europe,2014,Industrial Processes,N2O,1.26
United Kingdom,Europe,2019,Buildings,N2O,4.543
South Korea,Asia,2022,Industrial Processes,N2O,1.76
United States,North America,2012,Energy,N2O,87.443
South Korea,Asia,2019,Agriculture,Hfcs,1.709
Germany,Europe,2014,Transport,Ch4,6.462
South Africa,Africa,2010,Waste,Sf6,0.251
United States,North America,2018,Transport,Sf6,14.614
South Africa,Africa,2022,Industrial Processes,Hfcs,1.42
United Kingdom,Europe,2007,Industrial Processes,N2O,0.36
Mexico,North America,2015,Transport,Co2,98.506
Brazil,South America,2005,Energy,N2O,8.303
India,Asia,2014,Manufacturing,Ch4,103.239
Indonesia,Asia,2009,Manufacturing,N2O,7.989
China,Asia,2008,Buildings,Co2,123.526
India,Asia,2012,Transport,Hfcs,31.93
United Kingdom,Europe,2004,Land Use,Hfcs,0.157
Indonesia,Asia,2015,Manufacturing,N2O,9.429
Brazil,South America,2000,Buildings,N2O,0.914
Germany,Europe,2018,Manufacturing,Ch4,10.963
Russia,Europe,2021,Transport,Co2,123.526
India,Asia,2021,Waste,Co2,86.242
United Kingdom,Europe,2002,Industrial Processes,Co2,1.925
Mexico,North America,2000,Land Use,Sf6,0.151
South Africa,Africa,2005,Industrial Processes,Ch4,0.241
United States,North America,2001,Agriculture,N2O,123.526
Japan,Asia,2012,Energy,Co2,123.526
Japan,Asia,2002,Manufacturing,Co2,123.526
United Kingdom,Europe,2008,Industrial Processes,Hfcs,0.943
Canada,North America,2010,Energy,Ch4,46.917
Brazil,South America,2019,Waste,Sf6,0.415
Germany,Europe,2004,Industrial Processes,N2O,1.545
China,Asia,2003,Waste,Hfcs,5.221
China,Asia,2007,Transport,Co2,123.526
South Africa,Africa,2015,Transport,Hfcs,2.646
South Korea,Asia,2021,Industrial Processes,Co2,8.556
,Asia,2017,Industrial Processes,Hfcs,7.128
United Kingdom,Europe,2003,Agriculture,N2O,12.452
Canada,North America,2001,Agriculture,Co2,6.927
Germany,Europe,2015,Energy,Hfcs,5.232
Canada,North America,2018,Transport,Ch4,8.645
China,Asia,2005,Industrial Processes,Ch4,17.61
South Africa,Africa,2012,Industrial Processes,N2O,0.502
France,Europe,2004,Land Use,Sf6,0.1
Canada,North America,2010,Energy,Hfcs,7.945
Indonesia,Asia,2015,Manufacturing,Co2,58.781
South Africa,Africa,2011,Waste,Ch4,16.239
Russia,Europe,2005,Energy,Hfcs,26.97
South Africa,Africa,2012,Buildings,Ch4,2.949
United Kingdom,Europe,2017,Agriculture,Sf6,0.292
China,Asia,2015,Land Use,N2O,123.526
Canada,North America,2002,Agriculture,Hfcs,3.111
India,Asia,2014,Agriculture,Hfcs,44.501
India,Asia,2018,Waste,Co2,75.459
Mexico,North America,2014,Industrial Processes,Sf6,0.886
Indonesia,Asia,2022,Land Use,Co2,118.748
Indonesia,Asia,2021,Waste,N2O,12.479
United Kingdom,Europe,2023,Transport,Ch4,3.311
United Kingdom,Europe,2011,Buildings,Co2,33.398
Indonesia,Asia,2007,Agriculture,Ch4,100.785
Mexico,North America,2006,Agriculture,Co2,6.811
Germany,Europe,2009,Agriculture,Ch4,31.46
United Kingdom,Europe,2002,Transport,Ch4,5.37
France,Europe,2000,Land Use,Hfcs,0.161
Germany,Europe,2000,Land Use,Sf6,0.1
Australia,Oceania,2019,Buildings,Sf6,0.39
France,Europe,2007,Agriculture,Hfcs,2.788
India,Asia,2022,Manufacturing,N2O,123.526
South Africa,Africa,2007,Manufacturing,N2O,7.324
South Africa,Africa,2011,Energy,Co2,123.526
South Africa,Africa,2020,Land Use,Hfcs,0.414
South Africa,Africa,2023,Industrial Processes,Sf6,0.75
Canada,North America,2017,Waste,Ch4,15.473
Mexico,North America,2000,Industrial Processes,Co2,2.137
Indonesia,Asia,2020,Energy,Co2,123.526
France,Europe,2017,Agriculture,Hfcs,2.363
Mexico,North America,2022,Land Use,Hfcs,0.762
United Kingdom,Europe,2004,Manufacturing,N2O,6.144
United States,North America,2019,Manufacturing,Co2,123.526
Canada,North America,2016,Industrial Processes,N2O,1.472
France,Europe,2011,Manufacturing,Co2,11.936
Germany,Europe,2010,Manufacturing,Co2,87.125
Indonesia,Asia,2012,Waste,Co2,10.002
India,Asia,2013,Industrial Processes,Co2,52.181
France,Europe,2004,Industrial Processes,Ch4,0.185
Russia,Europe,2020,Land Use,Hfcs,1.429
Mexico,North America,2014,Buildings,Sf6,0.486
United States,North America,2021,Energy,Sf6,31.56
China,Asia,2017,Waste,N2O,123.526
France,Europe,2016,Industrial Processes,Hfcs,0.78
Mexico,North America,2022,Buildings,Co2,30.115
Japan,Asia,2009,Waste,Sf6,0.293
Mexico,North America,2004,Manufacturing,N2O,6.442
Japan,Asia,2016,Land Use,N2O,0.1
China,Asia,2001,Land Use,N2O,123.526
South Korea,Asia,2004,,Hfcs,7.128
Japan,Asia,2007,Buildings,Ch4,16.747
Canada,North America,2001,Energy,Sf6,5.469
Australia,Oceania,2018,Buildings,N2O,3.673
France,Europe,2005,Land Use,Hfcs,0.144
United States,North America,2004,Transport,Co2,123.526
United States,North America,2007,Energy,Ch4,123.526
Indonesia,Asia,2011,Manufacturing,Co2,57.732
India,Asia,2010,Waste,Sf6,2.73
Indonesia,Asia,2000,Buildings,Hfcs,1.117
Brazil,South America,2021,Energy,N2O,9.745
,North America,2001,Buildings,Co2,7.128
United Kingdom,Europe,2004,Transport,Sf6,1.003
Indonesia,Asia,2010,Energy,Ch4,68.599
Germany,Europe,2012,Industrial Processes,Hfcs,3.175
United States,North America,2009,Buildings,,7.128
Mexico,North America,2003,Land Use,Co2,5.925
South Africa,Africa,2012,Agriculture,Hfcs,3.073
South Korea,Asia,2023,Land Use,N2O,2.966
Brazil,South America,2022,Agriculture,N2O,93.75
United States,North America,2003,Buildings,Co2,123.526
France,Europe,2006,Waste,Sf6,0.113
Australia,Oceania,2013,Energy,Co2,123.526
Australia,Oceania,2005,Energy,Ch4,42.688
United Kingdom,Europe,2003,Manufacturing,Hfcs,5.663
Canada,North America,2015,Transport,N2O,18.055
Canada,North America,2022,Buildings,N2O,7.618
United States,North America,2000,Waste,N2O,32.062
France,Europe,2002,Manufacturing,Hfcs,2.008
India,Asia,2023,Agriculture,N2O,123.526
Indonesia,Asia,2004,Manufacturing,Co2,44.705
Australia,Oceania,2005,Agriculture,Hfcs,3.33
China,Asia,2015,Land Use,Co2,123.526
United States,North America,2007,Transport,Sf6,15.951
Russia,Europe,2007,Manufacturing,Sf6,18.147
China,Asia,2012,Energy,N2O,123.526
United Kingdom,Europe,2004,Manufacturing,Ch4,5.727
United Kingdom,Europe,2001,Agriculture,Sf6,0.44
Russia,Europe,2004,Energy,Co2,123.526
Japan,Asia,2005,Agriculture,Co2,4.277
Canada,North America,2007,Energy,Co2,123.526
Russia,Europe,2009,Land Use,Hfcs,1.472
Canada,North America,2012,Waste,N2O,4.767
Russia,Europe,2020,Energy,Hfcs,22.65
Brazil,South America,2022,Land Use,Sf6,2.523
Canada,North America,2002,Transport,N2O,18.344
South Africa,Africa,2018,Energy,N2O,13.031
United States,North America,2008,Industrial Processes,Ch4,2.78
Russia,Europe,2008,Waste,Co2,12.448
United States,North America,2002,Land Use,N2O,38.148
Japan,Asia,2000,Manufacturing,Co2,123.526
Indonesia,Asia,2019,Agriculture,Hfcs,9.164
France,Europe,2006,Buildings,Hfcs,8.927
United Kingdom,Europe,2006,Agriculture,N2O,10.773
Japan,Asia,2023,Land Use,N2O,0.1
France,Europe,2001,Manufacturing,N2O,2.186
Mexico,North America,2020,Waste,Ch4,16.448
Germany,Europe,2019,Manufacturing,Ch4,11.438
Russia,Europe,2005,Manufacturing,N2O,33.204
South Africa,Africa,2007,Agriculture,N2O,22.401
Canada,North America,2003,Waste,,7.128
United States,North America,2008,Buildings,Co2,123.526
Canada,North America,2014,Transport,Co2,123.526
Brazil,South America,2013,Energy,Sf6,3.425
Indonesia,Asia,2018,Transport,Hfcs,5.711
Mexico,North America,2010,Buildings,Ch4,6.896
Japan,Asia,2017,Manufacturing,Co2,123.526
Japan,Asia,2012,,Ch4,7.128
United Kingdom,Europe,2000,,Co2,7.128
United Kingdom,Europe,2010,Industrial Processes,N2O,0.338
,North America,2020,Industrial Processes,Hfcs,7.128
United Kingdom,Europe,2001,Waste,N2O,2.263
Japan,Asia,2010,Energy,Hfcs,13.207
South Korea,Asia,2013,Waste,N2O,4.005
Japan,Asia,2006,Transport,N2O,22.425
Brazil,South America,2017,Energy,Ch4,34.257
South Korea,Asia,2023,Industrial Processes,Ch4,0.959
South Korea,Asia,2010,Waste,Co2,4.602
India,Asia,2010,Industrial Processes,Sf6,13.963
South Africa,Africa,2005,Agriculture,Sf6,0.699
Russia,Europe,2019,Agriculture,Sf6,1.747
Canada,North America,2008,Agriculture,N2O,23.102
France,Europe,2020,Agriculture,Ch4,25.78
United States,North America,2008,Transport,Ch4,72.399
Mexico,North America,2019,Industrial Processes,N2O,0.598
Germany,Europe,2015,Transport,Co2,101.77
Indonesia,Asia,2002,Transport,Hfcs,3.733
India,Asia,2005,Manufacturing,N2O,77.596
Canada,North America,2001,Waste,N2O,5.635
France,Europe,2006,Waste,Hfcs,0.119
United Kingdom,Europe,2006,Land Use,,7.128
South Africa,Africa,2018,Buildings,Sf6,0.2
Indonesia,Asia,2021,Manufacturing,Co2,75.583
Mexico,North America,2014,Transport,Co2,108.388
Canada,North America,2004,Agriculture,Sf6,0.734
United Kingdom,Europe,2007,Energy,Sf6,1.96
Indonesia,Asia,2023,Buildings,Co2,8.026
France,Europe,2004,Agriculture,Hfcs,2.862
Indonesia,Asia,2007,Waste,N2O,9.156
South Korea,Asia,2022,Energy,Sf6,6.299
Canada,North America,2010,Land Use,Ch4,2.673
United States,North America,2000,Energy,Hfcs,56.58
Brazil,South America,2006,Agriculture,N2O,91.478
Japan,Asia,2002,Energy,N2O,24.555
China,Asia,2003,Buildings,Co2,123.526
Mexico,North America,2016,Manufacturing,Co2,55.275
Australia,Oceania,2006,Waste,Ch4,12.413
Canada,North America,2005,Manufacturing,Ch4,7.101
Brazil,South America,2019,Buildings,N2O,1.125
Japan,Asia,2011,Energy,Hfcs,13.436
France,Europe,2020,Buildings,Co2,28.985
United Kingdom,Europe,2010,Land Use,Co2,1.287
Germany,Europe,2014,Land Use,Ch4,1.215
Indonesia,Asia,2015,Waste,Sf6,0.556
China,Asia,2010,Transport,Ch4,109.05
South Korea,Asia,2013,Agriculture,N2O,10.916
Australia,Oceania,2013,Industrial Processes,Ch4,0.533
Indonesia,Asia,2016,Transport,Co2,116.09
France,Europe,2001,Energy,Hfcs,3.165
France,Europe,2004,Manufacturing,N2O,1.949
Mexico,North America,2001,Land Use,Ch4,3.247
France,Europe,2000,Buildings,N2O,7.526
Australia,Oceania,2012,Manufacturing,Co2,33.567
South Korea,Asia,2013,Land Use,Sf6,0.1
France,Europe,2011,Buildings,N2O,6.594
Indonesia,Asia,2001,Energy,Hfcs,8.516
France,Europe,2016,Agriculture,Sf6,0.596
Indonesia,Asia,2000,Industrial Processes,Ch4,0.423
Germany,Europe,2013,Industrial Processes,Sf6,1.735
Japan,Asia,2011,Agriculture,N2O,13.007
China,Asia,2000,Agriculture,Ch4,123.526
Germany,Europe,2023,Energy,Co2,105.279
United States,North America,2005,Manufacturing,N2O,64.166
United Kingdom,Europe,2013,Manufacturing,Sf6,2.286
France,Europe,2003,Agriculture,Hfcs,2.723
India,Asia,2023,Buildings,Hfcs,98.56
Brazil,South America,2017,Land Use,Ch4,54.198
Indonesia,Asia,2013,Manufacturing,N2O,8.734
Brazil,South America,2011,Waste,Hfcs,0.411
Australia,Oceania,2014,Manufacturing,Hfcs,5.427
Indonesia,Asia,2013,Energy,Co2,123.526
Russia,Europe,2002,Waste,Sf6,0.631
Australia,Oceania,2012,Land Use,Hfcs,0.614
France,Europe,2013,Energy,Ch4,15.486
Canada,North America,2009,Industrial Processes,N2O,1.254
France,Europe,2016,Transport,N2O,9.013
Canada,North America,2007,Agriculture,Co2,6.952
Indonesia,Asia,2000,Agriculture,Co2,15.486
Indonesia,Asia,2023,Transport,Ch4,8.481
Indonesia,Asia,2006,Energy,Co2,123.526
Australia,Oceania,2007,Transport,N2O,8.636
United States,North America,2012,Energy,Co2,123.526
South Africa,Africa,2018,Manufacturing,N2O,7.453
India,Asia,2023,Industrial Processes,Co2,69.229
Australia,Oceania,2011,Waste,Hfcs,0.195
Mexico,North America,2018,Industrial Processes,Co2,2.762
Mexico,North America,2007,Land Use,Sf6,0.152
France,Europe,2019,Manufacturing,Sf6,0.732
Canada,North America,2012,Land Use,N2O,4.584
Russia,Europe,2021,Transport,Ch4,12.711
India,Asia,2021,Agriculture,N2O,123.526
United Kingdom,Europe,2005,Manufacturing,Ch4,5.636
China,Asia,2011,Agriculture,Sf6,14.437
Australia,Oceania,2009,Agriculture,Hfcs,2.843
South Korea,Asia,2012,Waste,Sf6,0.228
United States,North America,2010,Transport,N2O,123.526
Russia,Europe,2020,Land Use,N2O,12.665
South Africa,Africa,2022,Agriculture,Sf6,0.727
United States,North America,2010,Waste,Hfcs,1.75
,Oceania,2010,Energy,N2O,7.128
United States,North America,2001,,Co2,7.128
South Korea,Asia,2002,Energy,Ch4,43.783
Russia,Europe,2016,Land Use,Hfcs,1.526
Germany,Europe,2006,Land Use,Sf6,0.1
United Kingdom,Europe,2005,Waste,Sf6,0.122
United States,North America,2017,Waste,N2O,29.193
Russia,Europe,2007,Agriculture,Hfcs,7.408
Mexico,North America,2003,Industrial Processes,N2O,0.519
Australia,Oceania,2022,Manufacturing,Sf6,2.651
South Africa,Africa,2006,Energy,Co2,123.526
China,Asia,2012,Transport,Hfcs,102.985
Russia,Europe,2008,Land Use,Co2,15.668
Russia,Europe,2023,Waste,Hfcs,0.59
France,Europe,2006,Buildings,Sf6,0.699
Mexico,North America,2002,Waste,N2O,4.594
Japan,Asia,2010,Transport,Hfcs,9.011
South Korea,Asia,2004,Transport,Hfcs,4.146
France,Europe,2021,Buildings,Sf6,0.565
Japan,Asia,2022,Buildings,Sf6,0.981
South Africa,Africa,2014,Waste,Sf6,0.241
South Korea,Asia,2011,Agriculture,Hfcs,1.5
China,Asia,2017,Buildings,Hfcs,123.526
Japan,Asia,2007,Waste,Co2,6.2
Mexico,North America,2020,Industrial Processes,Hfcs,1.446
Russia,Europe,2010,Agriculture,Ch4,113.189
South Korea,Asia,2011,Transport,Co2,90.169
Indonesia,Asia,2008,,Co2,7.128
France,Europe,2001,Energy,Co2,65.894
Australia,Oceania,2021,Industrial Processes,Sf6,1.6
South Africa,Africa,2014,Manufacturing,Ch4,7.718
Mexico,North America,2016,Energy,Co2,121.124
Japan,Asia,2002,Waste,Sf6,0.354
Germany,Europe,2015,,Co2,7.128
Mexico,North America,2019,Transport,Ch4,6.776
United States,North America,2000,Waste,Ch4,111.256
South Africa,Africa,2013,Transport,Sf6,0.617
South Korea,Asia,2000,Waste,Co2,3.607
Brazil,South America,2012,Manufacturing,N2O,7.113
Indonesia,Asia,2003,Industrial Processes,N2O,0.878
Brazil,South America,2008,Transport,Sf6,1.24
France,Europe,2002,Waste,Ch4,6.711
Japan,Asia,2010,Industrial Processes,Hfcs,2.462
Indonesia,Asia,2013,Waste,Co2,10.902
United Kingdom,Europe,2002,Land Use,Co2,1.626
Mexico,North America,2017,Industrial Processes,Co2,2.701
Canada,North America,2019,Industrial Processes,Sf6,1.9
Canada,North America,2002,Agriculture,N2O,20.539
United Kingdom,Europe,2009,Land Use,Ch4,0.655
Australia,Oceania,2014,Transport,Ch4,4.628
South Korea,Asia,2016,Energy,Co2,123.526
Australia,Oceania,2022,Industrial Processes,Ch4,0.49
United Kingdom,Europe,2015,Waste,Co2,1.86
Canada,North America,2011,Manufacturing,Co2,45.958
Germany,Europe,2015,Land Use,Co2,2.517
,Asia,2022,Agriculture,Ch4,7.128
France,Europe,2010,Waste,Co2,2.005
India,Asia,2001,Transport,Sf6,4.687
Japan,Asia,2023,Industrial Processes,N2O,0.899
Brazil,South America,2019,Transport,N2O,15.446
Brazil,South America,2013,Agriculture,Sf6,3.171
South Africa,Africa,2018,Buildings,Ch4,3.057
Canada,North America,2021,Industrial Processes,Co2,6.814
Australia,Oceania,2011,Land Use,Co2,6.568
Russia,Europe,2009,Transport,Sf6,2.616
Brazil,South America,2020,Agriculture,Co2,29.741
Brazil,South America,2021,Industrial Processes,Hfcs,2.583
Canada,North America,2015,Land Use,Ch4,2.579
Mexico,North America,2021,Waste,Ch4,18.574
Australia,Oceania,2019,Energy,Co2,123.526
Indonesia,Asia,2013,Buildings,Co2,7.096
Canada,North America,2018,Land Use,Hfcs,0.549
Mexico,North America,2023,Energy,Ch4,37.126
Mexico,North America,2003,Manufacturing,Hfcs,6.542
United States,North America,2006,Industrial Processes,Sf6,8.047
India,Asia,2009,Transport,Sf6,5.972
India,Asia,2020,Buildings,Co2,123.526
South Korea,Asia,2019,Waste,N2O,4.673
Germany,Europe,2018,Waste,Co2,4.78
Australia,Oceania,2014,Waste,N2O,3.933
United States,North America,2006,Waste,Sf6,1.67
Australia,Oceania,2014,Energy,Co2,123.526
Canada,North America,2006,Buildings,Co2,49.836
Japan,Asia,2009,Manufacturing,Hfcs,22.398
Indonesia,Asia,2012,Buildings,Co2,6.352
France,Europe,2004,Energy,Sf6,1.933
Germany,Europe,2011,Agriculture,Hfcs,2.457
United States,North America,2002,Manufacturing,Hfcs,70.34
Brazil,South America,2012,Buildings,N2O,0.973
France,Europe,2011,Industrial Processes,Ch4,0.175
China,Asia,2007,Energy,Ch4,123.526
Australia,Oceania,2014,Industrial Processes,Co2,4.529
Australia,Oceania,2021,Waste,Hfcs,0.21
United States,North America,2000,Transport,Hfcs,67.914
France,Europe,2000,Agriculture,Hfcs,2.953
Germany,Europe,2002,Land Use,Hfcs,0.289
India,Asia,2000,Manufacturing,Sf6,29.368
Indonesia,Asia,2019,Buildings,Ch4,1.946
United States,North America,2007,Land Use,Sf6,1.115
China,Asia,2015,Manufacturing,Sf6,123.526
Indonesia,Asia,2021,Transport,N2O,16.381
United States,North America,2019,Buildings,N2O,67.218
United States,North America,2010,Land Use,Co2,41.577
India,Asia,2007,Energy,Hfcs,34.664
United Kingdom,Europe,2004,Agriculture,Ch4,21.789
United Kingdom,Europe,2006,Transport,N2O,9.838
Russia,Europe,2017,Transport,Hfcs,11.114
United Kingdom,Europe,2023,Buildings,Sf6,0.455
United Kingdom,Europe,2020,Energy,Sf6,1.519
Brazil,South America,2008,Industrial Processes,Ch4,0.492
Brazil,South America,2007,Agriculture,N2O,86.135
Russia,Europe,2007,Manufacturing,Hfcs,37.022
Russia,Europe,2007,Land Use,N2O,14.702
Australia,Oceania,2021,Manufacturing,Sf6,2.588
Brazil,South America,2008,Manufacturing,Sf6,3.558
Canada,North America,2007,Waste,Sf6,0.274
China,Asia,2014,Manufacturing,Co2,123.526
United Kingdom,Europe,2023,Land Use,N2O,0.89
Brazil,South America,2022,Manufacturing,,7.128
Canada,North America,2009,Industrial Processes,Co2,6.461
Mexico,North America,2008,Agriculture,Sf6,0.67
Brazil,South America,2012,Industrial Processes,Ch4,0.476
Australia,Oceania,2020,Land Use,N2O,5.394
Mexico,North America,2014,Land Use,Ch4,3.502
France,Europe,2013,Energy,Hfcs,2.433
Brazil,South America,2003,Manufacturing,N2O,6.282
Japan,Asia,2023,Energy,Sf6,68.42
United Kingdom,Europe,2014,Waste,Co2,1.893
France,Europe,2006,Land Use,Ch4,0.708
China,Asia,2006,,Sf6,7.128
China,Asia,2015,Waste,Sf6,8.648
Indonesia,Asia,2011,Agriculture,Co2,17.67
Russia,Europe,2005,Energy,Ch4,123.526
Russia,Europe,2014,Waste,Ch4,34.27
Brazil,South America,2016,Land Use,Co2,105.86
South Africa,Africa,2002,Industrial Processes,Co2,2.147
Canada,North America,2008,Buildings,N2O,8.891
Indonesia,Asia,2017,Manufacturing,Co2,62.721
South Africa,Africa,2017,Waste,N2O,4.543
Japan,Asia,2018,Buildings,Hfcs,14.229
United Kingdom,Europe,2015,Industrial Processes,Hfcs,0.81
Germany,Europe,2012,Industrial Processes,Ch4,0.6
Mexico,North America,2019,Buildings,N2O,5.36
India,Asia,2004,Land Use,Hfcs,5.123
South Korea,Asia,2013,Manufacturing,Sf6,11.456
United Kingdom,Europe,2015,Land Use,N2O,1.139
Indonesia,Asia,2015,Energy,Co2,123.526
South Africa,Africa,2009,Transport,Ch4,2.784
Russia,Europe,2008,Manufacturing,Ch4,33.263
Russia,Europe,2023,Agriculture,Sf6,1.793
South Korea,Asia,2016,Energy,Ch4,59.552
Mexico,North America,2000,Transport,Sf6,1.273
India,Asia,2008,Industrial Processes,Hfcs,26.146
Germany,Europe,2018,Industrial Processes,Sf6,1.607
China,Asia,2000,Agriculture,Hfcs,38.159
Mexico,North America,2023,Buildings,Sf6,0.575
United States,North America,2014,Transport,Co2,123.526
India,Asia,2011,Transport,Co2,123.526
Germany,Europe,2020,Transport,Hfcs,4.211
France,Europe,2017,Energy,Sf6,1.406
United Kingdom,Europe,2023,Agriculture,N2O,8.088
China,Asia,2009,Agriculture,Sf6,12.461
Indonesia,Asia,2021,Land Use,Co2,115.062
Brazil,South America,2017,Industrial Processes,N2O,0.967
China,Asia,2013,Transport,Co2,123.526
Australia,Oceania,2012,Agriculture,Ch4,46.843
South Africa,Africa,2019,Manufacturing,Ch4,6.892
Canada,North America,2004,Manufacturing,Co2,50.812
United Kingdom,Europe,2018,Manufacturing,Sf6,2.112
Russia,Europe,2017,Land Use,Ch4,7.207
France,Europe,2013,Waste,Ch4,6.246
South Korea,Asia,2005,Buildings,Sf6,0.649
Russia,Europe,2001,Industrial Processes,Hfcs,4.805
Indonesia,Asia,2007,Manufacturing,Co2,49.572
China,Asia,2013,Transport,Sf6,26.434
Russia,Europe,2020,Land Use,Sf6,0.378
Germany,Europe,2022,Agriculture,N2O,14.346
Australia,Oceania,2020,Buildings,Ch4,4.691
United States,North America,2010,Land Use,Sf6,1.057
Indonesia,Asia,2017,Energy,Ch4,89.199
United Kingdom,Europe,2009,Waste,Sf6,0.1
France,Europe,2015,Agriculture,Ch4,32.768
United Kingdom,Europe,2000,Land Use,Hfcs,0.185
France,Europe,2000,Agriculture,Sf6,0.805
South Africa,Africa,2022,Waste,Co2,4.967
Indonesia,Asia,2012,Energy,Hfcs,11.792
Japan,Asia,2020,Land Use,Ch4,0.1
Australia,Oceania,2020,Waste,Co2,4.153
Brazil,South America,2020,Energy,Hfcs,5.366
Germany,Europe,2021,Buildings,Hfcs,10.832
United States,North America,2018,Land Use,N2O,36.624
South Africa,Africa,2018,Land Use,N2O,3.669
China,Asia,2023,Industrial Processes,Co2,123.526
Brazil,South America,2022,Industrial Processes,Co2,5.103
Russia,Europe,2014,Agriculture,Hfcs,7.515
Australia,Oceania,2023,Manufacturing,Sf6,2.489
South Africa,Africa,2005,Buildings,Co2,12.326
South Korea,Asia,2022,Industrial Processes,Co2,8.173
India,Asia,2003,Land Use,Ch4,23.355
South Africa,Africa,2018,Transport,Ch4,3.055
United Kingdom,Europe,2014,Transport,Sf6,0.815
China,Asia,2003,Industrial Processes,Hfcs,80.823
Canada,North America,2007,Transport,Co2,123.526
Indonesia,Asia,2014,Energy,Co2,123.526
Australia,Oceania,2011,Agriculture,Sf6,0.82
China,Asia,2008,Land Use,N2O,123.526
Brazil,South America,2007,Industrial Processes,Hfcs,2.399
Brazil,South America,2011,Industrial Processes,Ch4,0.503
Australia,Oceania,2007,Waste,Ch4,12.717
France,Europe,2015,Energy,Hfcs,2.399
Russia,Europe,2001,Energy,Co2,123.526
South Korea,Asia,2020,,Hfcs,7.128
Germany,Europe,2020,Energy,Sf6,3.078
China,Asia,2016,Buildings,Ch4,123.526
Canada,North America,2008,Manufacturing,N2O,6.913
United Kingdom,Europe,2014,Buildings,Ch4,8.012
South Korea,Asia,2007,Manufacturing,Sf6,10.438
China,Asia,2007,Waste,Ch4,123.526
United Kingdom,Europe,2023,Transport,N2O,6.087
Germany,Europe,2023,Land Use,Co2,1.884
India,Asia,2010,Industrial Processes,Ch4,5.255
Indonesia,Asia,2009,Agriculture,Sf6,1.646
Indonesia,Asia,2011,Industrial Processes,Ch4,0.556
India,Asia,2000,Transport,N2O,48.851
South Africa,Africa,2003,Waste,Co2,4.499
Russia,Europe,2013,Waste,N2O,10.593
Australia,Oceania,2007,Buildings,Ch4,5.23
Russia,Europe,2018,Industrial Processes,Hfcs,4.579
South Africa,Africa,2005,Waste,Co2,5.218
United States,North America,2007,Waste,Ch4,98.932
United States,North America,2015,Energy,Co2,123.526
South Africa,Africa,2005,Transport,Co2,48.097
Indonesia,Asia,2006,Waste,N2O,8.455
United Kingdom,Europe,2018,Transport,Ch4,3.658
Canada,North America,2011,Manufacturing,Sf6,3.55
Germany,Europe,2006,Waste,Sf6,0.287
South Korea,Asia,2004,Waste,N2O,3.633
Japan,Asia,2002,Buildings,Sf6,1.251
Canada,North America,2014,Agriculture,Sf6,0.661
China,Asia,2012,Land Use,Sf6,5.938
China,Asia,2022,Agriculture,Sf6,24.337
South Korea,Asia,2023,Energy,Ch4,66.277
China,Asia,2000,Buildings,Ch4,113.078
Indonesia,Asia,2001,Manufacturing,N2O,6.998
China,Asia,2022,Manufacturing,Sf6,123.526
China,Asia,2005,Transport,N2O,123.526
China,Asia,2011,Manufacturing,Hfcs,123.526
United Kingdom,Europe,2016,Transport,Ch4,3.689
India,Asia,2012,Land Use,Co2,64.51
South Korea,Asia,2019,Energy,N2O,15.466
Australia,Oceania,2016,Manufacturing,Sf6,2.415
Russia,Europe,2012,Waste,Sf6,0.594
United Kingdom,Europe,2007,Waste,Co2,2.222
Germany,Europe,2001,Land Use,Ch4,1.511
Japan,Asia,2014,Buildings,Hfcs,13.073
Australia,Oceania,2006,Waste,N2O,3.718
China,Asia,2013,Land Use,N2O,123.526
United Kingdom,Europe,2000,Land Use,Ch4,0.928
United Kingdom,Europe,2021,Buildings,N2O,5.03
Russia,Europe,2006,Buildings,Sf6,1.324
Canada,North America,2004,Industrial Processes,N2O,1.567
India,Asia,2003,Manufacturing,Ch4,69.428
India,Asia,2000,Transport,Co2,123.526
China,Asia,2015,Land Use,Sf6,6.751
Brazil,South America,2008,Energy,N2O,8.757
South Korea,Asia,2020,Waste,Hfcs,0.261
South Africa,Africa,2001,Manufacturing,Ch4,7.216
South Africa,Africa,2016,Transport,Co2,49.548
South Korea,Asia,2023,Manufacturing,Sf6,12.121
Mexico,North America,2000,Manufacturing,Ch4,6.887
China,Asia,2002,Waste,Co2,103.821
Russia,Europe,2004,Energy,Ch4,123.526
United Kingdom,Europe,2019,Energy,Ch4,16.544
United States,North America,2018,Waste,Sf6,1.538
China,Asia,2002,Transport,Sf6,16.152
Canada,North America,2007,Agriculture,Sf6,0.725
United Kingdom,Europe,2020,Land Use,Hfcs,0.1
Russia,Europe,2007,Agriculture,Sf6,1.824
China,Asia,2022,Industrial Processes,N2O,76.199
South Korea,Asia,2003,Land Use,Hfcs,0.288
Canada,North America,2000,Agriculture,N2O,24.06
India,Asia,2000,Waste,Sf6,2.078
Indonesia,Asia,2017,Industrial Processes,Ch4,0.635
France,Europe,2012,Energy,Co2,57.417
Brazil,South America,2015,Transport,Hfcs,5.683
China,Asia,2000,Energy,Ch4,123.526
South Korea,Asia,2008,Land Use,N2O,2.458
Brazil,South America,2007,Transport,N2O,13.336
Australia,Oceania,2012,Transport,N2O,9.367
South Africa,Africa,2013,Manufacturing,Ch4,7.285
India,Asia,2020,Energy,Co2,123.526
Australia,Oceania,2003,Buildings,Hfcs,5.055
South Africa,Africa,2020,Waste,Sf6,0.239
Russia,Europe,2005,Industrial Processes,N2O,1.817
France,Europe,2014,Transport,Hfcs,3.876
South Africa,Africa,2008,Buildings,N2O,1.952
France,Europe,2002,Energy,Co2,68.825
United Kingdom,Europe,2004,Transport,Hfcs,4.558
Russia,Europe,2022,Energy,N2O,42.334
China,Asia,2005,Agriculture,Hfcs,46.519
China,Asia,2019,Manufacturing,Hfcs,123.526
Russia,Europe,2015,Manufacturing,Ch4,36.412
Mexico,North America,2008,Land Use,Hfcs,0.615
India,Asia,2003,Energy,Hfcs,30.587
Australia,Oceania,2007,Energy,Co2,123.526
Japan,Asia,2015,Buildings,Co2,57.116
Brazil,South America,2009,Land Use,Sf6,2.159
United Kingdom,Europe,2003,Industrial Processes,Sf6,0.633
South Korea,Asia,2016,Industrial Processes,N2O,1.658
Indonesia,Asia,2005,Industrial Processes,Hfcs,2.411
Mexico,North America,2005,Industrial Processes,Co2,2.13
United Kingdom,Europe,2015,Transport,Co2,71.447
South Korea,Asia,2019,Waste,Co2,4.97
Germany,Europe,2008,Transport,N2O,12.73
France,Europe,2010,Energy,Co2,57.099
Russia,Europe,2022,Waste,Hfcs,0.527
South Korea,Asia,2022,Waste,Ch4,17.205
China,Asia,2014,Buildings,Hfcs,123.526
China,Asia,2002,Industrial Processes,Ch4,17.012
Brazil,South America,2022,Energy,Sf6,3.717
Mexico,North America,2016,Manufacturing,Ch4,8.432
South Africa,Africa,2019,Agriculture,Co2,6.858
Mexico,North America,2013,Land Use,N2O,56.63
Australia,Oceania,2001,Land Use,N2O,5.399
United States,North America,2020,Energy,Hfcs,43.731
United States,North America,2022,Industrial Processes,Co2,21.79
Indonesia,Asia,2015,Industrial Processes,N2O,1.08
Indonesia,Asia,2000,Manufacturing,Ch4,6.816
United Kingdom,Europe,2021,Transport,,7.128
Russia,Europe,2008,Buildings,Sf6,1.294
China,Asia,2013,Transport,Ch4,123.179
South Korea,Asia,2001,Transport,Co2,79.58
Russia,Europe,2001,Waste,Ch4,35.972
,Europe,2015,Land Use,Hfcs,7.128
Indonesia,Asia,2014,Agriculture,Ch4,107.333
Japan,Asia,2021,Manufacturing,Co2,123.526
Australia,Oceania,2006,Energy,Sf6,4.249
Brazil,South America,2007,Manufacturing,Sf6,3.508
China,Asia,2023,Industrial Processes,Sf6,115.136
Brazil,South America,2014,Buildings,N2O,1.031
Russia,Europe,2018,Land Use,Hfcs,1.48
United States,North America,2002,Agriculture,Co2,56.098
Australia,Oceania,2003,Buildings,N2O,3.413
Australia,Oceania,2001,Land Use,Ch4,2.905
Russia,Europe,2012,Buildings,Co2,79.319
Russia,Europe,2019,Industrial Processes,Ch4,0.895
Brazil,South America,2000,Manufacturing,Ch4,6.428
Mexico,North America,2016,Land Use,Hfcs,0.659
Brazil,South America,2020,Agriculture,Hfcs,12.498
Japan,Asia,2009,Manufacturing,Sf6,11.866
United States,North America,2016,Transport,N2O,123.526
Russia,Europe,2018,Agriculture,Co2,19.163
South Africa,Africa,2018,Industrial Processes,Co2,2.2
,South America,2021,Industrial Processes,Co2,7.128
United Kingdom,Europe,2010,Energy,Ch4,19.04
China,Asia,2019,Land Use,Ch4,123.526
Australia,Oceania,2008,Buildings,Sf6,0.328
Russia,Europe,2004,Manufacturing,Ch4,36.16
United Kingdom,Europe,2011,Transport,N2O,8.149
India,Asia,2001,Buildings,Co2,123.526
France,Europe,2021,Waste,Co2,1.751
Russia,Europe,2017,Industrial Processes,Hfcs,4.654
China,Asia,2023,Agriculture,Hfcs,98.994
Indonesia,Asia,2015,Industrial Processes,Co2,5.042
Canada,North America,2017,Buildings,Sf6,0.822
United States,North America,2018,Energy,N2O,81.92
Germany,Europe,2008,Manufacturing,Sf6,6.595
Indonesia,Asia,2017,Manufacturing,Hfcs,9.118
Brazil,South America,2017,Transport,Ch4,7.755
Germany,Europe,2006,,Ch4,7.128
United States,North America,2000,Waste,Hfcs,1.612
Indonesia,Asia,2004,Buildings,Hfcs,1.206
Indonesia,Asia,2003,Transport,Co2,77.414
Russia,Europe,2000,Manufacturing,Ch4,36.225
Russia,Europe,2022,Manufacturing,Hfcs,34.544
Japan,Asia,2021,Manufacturing,Hfcs,22.885
Indonesia,Asia,2005,Energy,N2O,15.823
Russia,Europe,2005,Agriculture,Hfcs,8.309
Russia,Europe,2006,Industrial Processes,Co2,9.05
France,Europe,2020,Land Use,Hfcs,0.111
United States,North America,2021,Buildings,Hfcs,96.0
South Africa,Africa,2014,Transport,N2O,6.272
United States,North America,2003,Manufacturing,Hfcs,72.987
United Kingdom,Europe,2019,Industrial Processes,Ch4,0.139
India,Asia,2023,Energy,Sf6,43.773
Australia,Oceania,2010,Industrial Processes,Hfcs,2.641
Russia,Europe,2011,Buildings,N2O,13.832
China,Asia,2000,Industrial Processes,Hfcs,77.211
Brazil,South America,2019,Buildings,Co2,5.97
South Africa,Africa,2004,Transport,Sf6,0.58
Australia,Oceania,2001,Waste,N2O,3.609
Russia,Europe,2011,Industrial Processes,Ch4,0.998
United Kingdom,Europe,2001,Transport,Co2,93.775
Indonesia,Asia,2005,Waste,Co2,8.566
Indonesia,Asia,2007,Energy,Ch4,65.114
France,Europe,2003,Manufacturing,Hfcs,2.061
France,Europe,2015,Waste,Ch4,5.38
Indonesia,Asia,2016,Land Use,Ch4,45.478
South Korea,Asia,2003,Agriculture,Hfcs,1.344
South Africa,Africa,2017,Waste,Sf6,0.247
Australia,Oceania,2011,Manufacturing,Hfcs,5.468
Mexico,North America,2023,Waste,Ch4,17.659
France,Europe,2003,Manufacturing,Sf6,0.974
India,Asia,2012,Waste,Hfcs,3.079
Japan,Asia,2006,Energy,Hfcs,13.751
Japan,Asia,2013,Waste,Ch4,17.028
Australia,Oceania,2007,Land Use,Sf6,0.148
Indonesia,Asia,2010,Manufacturing,Sf6,4.086
Japan,Asia,2000,Agriculture,Ch4,27.895
South Korea,Asia,2019,Industrial Processes,Ch4,0.805
China,Asia,2017,Transport,Ch4,123.526
Germany,Europe,2023,Industrial Processes,Sf6,1.541
Canada,North America,2017,Industrial Processes,N2O,1.317
India,Asia,2010,Land Use,Hfcs,6.279
Brazil,South America,2014,Land Use,Hfcs,10.174
Mexico,North America,2012,Industrial Processes,Ch4,0.279
Germany,Europe,2018,Transport,Sf6,1.176
South Korea,Asia,2013,Agriculture,Hfcs,1.592
India,Asia,2020,Land Use,N2O,65.394
Australia,Oceania,2010,Industrial Processes,N2O,1.063
South Korea,Asia,2009,Land Use,Hfcs,0.288
Australia,Oceania,2011,Waste,Sf6,0.212
United States,North America,2002,Energy,Co2,123.526
Canada,North America,2019,Agriculture,Ch4,36.886
United States,North America,2007,Waste,Co2,31.259
South Africa,Africa,2001,Transport,Ch4,2.909
Canada,North America,2008,Manufacturing,Sf6,3.839
China,Asia,2006,Industrial Processes,N2O,38.87
Japan,Asia,2007,Energy,Sf6,8.391
United Kingdom,Europe,2016,Industrial Processes,Ch4,0.153
Australia,Oceania,2019,Industrial Processes,N2O,0.994
India,Asia,2011,Buildings,N2O,49.055
China,Asia,2014,Agriculture,Ch4,123.526
United States,North America,2011,Industrial Processes,Co2,23.575
Indonesia,Asia,2014,Agriculture,Sf6,2.073
Australia,Oceania,2019,Industrial Processes,Sf6,1.612
Japan,Asia,2013,Land Use,N2O,0.1
Indonesia,Asia,2004,Industrial Processes,Hfcs,2.12
France,Europe,2003,Waste,Ch4,7.304
Japan,Asia,2016,Transport,Co2,123.526
United States,North America,2001,Transport,N2O,123.526
Germany,Europe,2017,Buildings,Hfcs,10.737
Mexico,North America,2008,Land Use,N2O,5.347
India,Asia,2003,Buildings,Sf6,4.678
United States,North America,2004,Manufacturing,Ch4,73.049
United Kingdom,Europe,2007,Energy,N2O,5.163
South Africa,Africa,2000,Waste,Co2,4.862
Japan,Asia,2013,Buildings,Hfcs,13.582
United Kingdom,Europe,2014,Manufacturing,N2O,4.369
China,Asia,2007,Agriculture,Sf6,12.374
United Kingdom,Europe,2003,Manufacturing,Sf6,2.984
United Kingdom,Europe,2015,Energy,Sf6,1.63
Australia,Oceania,2003,Buildings,Co2,19.92
Indonesia,Asia,2000,Energy,Ch4,51.68
India,Asia,2012,Energy,Hfcs,43.084
United Kingdom,Europe,2018,Energy,Ch4,15.346
Germany,Europe,2003,Industrial Processes,Hfcs,3.783
South Africa,Africa,2003,Agriculture,Sf6,0.686
Russia,Europe,2021,Buildings,Ch4,21.546
Indonesia,Asia,2004,Buildings,Co2,4.986
Mexico,North America,2023,Buildings,Ch4,7.782
India,Asia,2019,Industrial Processes,Sf6,18.648
Mexico,North America,2022,Land Use,Sf6,0.166
Japan,Asia,2008,Land Use,Co2,0.1
India,Asia,2022,Transport,Hfcs,41.623
Australia,Oceania,2009,Manufacturing,N2O,5.025
China,Asia,2013,Industrial Processes,Ch4,23.514
Mexico,North America,2012,Waste,Co2,5.762
Germany,Europe,2023,Industrial Processes,Co2,4.394
India,Asia,2013,Waste,,7.128
Russia,Europe,2021,Manufacturing,Hfcs,36.578
Germany,Europe,2011,Transport,Ch4,6.787
United Kingdom,Europe,2007,Waste,Hfcs,0.107
India,Asia,2017,Energy,Sf6,32.362
China,Asia,2009,Energy,N2O,123.526
Canada,North America,2005,Energy,Sf6,5.215
United States,North America,2018,Buildings,Sf6,6.446
India,Asia,2005,Manufacturing,Sf6,39.556
Russia,Europe,2008,Industrial Processes,Sf6,2.955
India,Asia,2011,Buildings,Hfcs,63.674
Canada,North America,2014,Land Use,Sf6,0.13
Germany,Europe,2011,Land Use,Ch4,1.372
Australia,Oceania,2020,Industrial Processes,N2O,1.027
South Africa,Africa,2007,Energy,Ch4,49.611
Germany,Europe,2002,Agriculture,Co2,7.4
Brazil,South America,2010,Buildings,Hfcs,1.467
Mexico,North America,2003,Transport,Ch4,6.033
United States,North America,2015,Land Use,Ch4,21.542
South Africa,Africa,2005,Buildings,Hfcs,2.839
India,Asia,2006,Energy,N2O,72.972
India,Asia,2011,Industrial Processes,Ch4,4.827
China,Asia,2007,Industrial Processes,N2O,37.414
,Oceania,2021,Industrial Processes,Ch4,7.128
France,Europe,2018,Buildings,Hfcs,7.163
Japan,Asia,2010,Land Use,Hfcs,0.1
Japan,Asia,2006,Waste,Hfcs,0.357
Germany,Europe,2004,Industrial Processes,Ch4,0.794
Australia,Oceania,2008,Waste,N2O,3.917
Russia,Europe,2003,Buildings,Co2,80.393
United Kingdom,Europe,2007,Buildings,Hfcs,9.054
Indonesia,Asia,2001,Manufacturing,Sf6,3.443
South Korea,Asia,2013,Waste,Hfcs,0.24
Australia,Oceania,2011,Waste,Co2,3.952
Japan,Asia,2012,Manufacturing,Co2,123.526
Germany,Europe,2003,Agriculture,N2O,19.599
Japan,Asia,2014,Agriculture,Co2,3.979
Germany,Europe,2007,Agriculture,Hfcs,2.554
United States,North America,2000,Agriculture,Sf6,4.995
Canada,North America,2014,Agriculture,Ch4,35.858
Australia,Oceania,2013,Manufacturing,Co2,31.753
China,Asia,2023,Land Use,Sf6,9.731
United Kingdom,Europe,2000,Agriculture,Co2,4.644
United Kingdom,Europe,2003,Land Use,N2O,1.458
Indonesia,Asia,2020,Transport,N2O,13.723
Indonesia,Asia,2023,Manufacturing,N2O,11.237
Australia,Oceania,2022,Waste,N2O,3.481
South Africa,Africa,2021,Land Use,Co2,4.241
Japan,Asia,2005,Manufacturing,Ch4,23.03
South Africa,Africa,2017,Land Use,N2O,3.563
Australia,Oceania,2013,Manufacturing,Sf6,2.363
France,Europe,2007,Land Use,Sf6,0.1
Canada,North America,2019,Agriculture,Co2,6.392
United States,North America,2017,Energy,Co2,123.526
United States,North America,2008,Agriculture,Co2,49.006
Indonesia,Asia,2008,Land Use,Hfcs,7.953
United States,North America,2010,Buildings,Co2,123.526
India,Asia,2000,Agriculture,Hfcs,28.464
Germany,Europe,2020,Industrial Processes,Co2,47.47
Mexico,North America,2020,Agriculture,Sf6,0.741
France,Europe,2019,Land Use,N2O,1.003
United Kingdom,Europe,2015,Buildings,N2O,5.622
China,Asia,2022,Agriculture,N2O,123.526
Canada,North America,2014,Transport,N2O,16.874
Japan,Asia,2001,,Ch4,7.128
Indonesia,Asia,2018,Buildings,Ch4,1.845
South Korea,Asia,2005,Waste,Ch4,11.859
Indonesia,Asia,2023,Transport,N2O,18.291
South Korea,Asia,2012,Land Use,Sf6,0.1
,Africa,2005,Agriculture,Hfcs,7.128
United Kingdom,Europe,2017,Buildings,Ch4,7.844
Australia,Oceania,2010,Energy,Ch4,39.608
France,Europe,2009,Transport,Sf6,1.066
Canada,North America,2023,Manufacturing,N2O,6.864
United Kingdom,Europe,2012,Waste,Ch4,5.749
United Kingdom,Europe,2004,Waste,Hfcs,0.122
United States,North America,2023,Land Use,Hfcs,3.729
France,Europe,2020,Energy,N2O,3.394
India,Asia,2020,Manufacturing,Ch4,123.526
China,Asia,2018,Transport,Ch4,123.526
Canada,North America,2012,Agriculture,Sf6,0.666
South Korea,Asia,2014,Transport,Co2,105.26
United States,North America,2020,Industrial Processes,Ch4,2.361
Germany,Europe,2000,Transport,Co2,123.526
Brazil,South America,2016,Energy,N2O,8.765
France,Europe,2004,,Co2,7.128
France,Europe,2010,Land Use,N2O,1.294
China,Asia,2023,Manufacturing,Ch4,123.526
India,Asia,2008,Waste,Co2,56.468
China,Asia,2020,Buildings,Sf6,16.399
Mexico,North America,2000,Land Use,Hfcs,0.578
Canada,North America,2013,Land Use,Sf6,0.139
Indonesia,Asia,2001,Land Use,Hfcs,6.344
United States,North America,2010,Waste,Sf6,1.616
Russia,Europe,2017,Energy,Sf6,16.99
Australia,Oceania,2010,Industrial Processes,Ch4,0.533
Japan,Asia,2015,Waste,Sf6,0.311
South Korea,Asia,2003,Waste,N2O,3.574
Japan,Asia,2022,Agriculture,Co2,3.523
South Korea,Asia,2004,Industrial Processes,Hfcs,3.531
United States,North America,2022,Waste,Hfcs,1.358
South Korea,Asia,2013,Energy,N2O,14.769
Indonesia,Asia,2002,Transport,N2O,9.549
Canada,North America,2019,Transport,Ch4,8.415
United Kingdom,Europe,2001,Manufacturing,Co2,29.284
China,Asia,2020,Transport,Ch4,123.526
Japan,Asia,2000,Transport,Co2,123.526
Mexico,North America,2009,Transport,Co2,91.388
Indonesia,Asia,2018,Buildings,Co2,8.063
United Kingdom,Europe,2017,Buildings,Co2,31.81
Mexico,North America,2020,Industrial Processes,Co2,2.296
United Kingdom,Europe,2020,Waste,Ch4,4.412
Australia,Oceania,2012,Industrial Processes,Co2,4.333
Canada,North America,2019,Land Use,Ch4,2.944
South Korea,Asia,2009,Manufacturing,Ch4,19.049
Germany,Europe,2016,Agriculture,Sf6,0.541
India,Asia,2017,Land Use,N2O,60.724
Mexico,North America,2015,Transport,Hfcs,5.517
Australia,Oceania,2006,Manufacturing,Ch4,4.916
South Korea,Asia,2023,Buildings,Hfcs,13.531
South Korea,Asia,2003,Land Use,N2O,2.267
Germany,Europe,2013,Waste,Hfcs,0.23
China,Asia,2003,Waste,Co2,104.151
Brazil,South America,2017,Waste,N2O,6.91
India,Asia,2002,Land Use,Hfcs,4.839
Mexico,North America,2019,Industrial Processes,Hfcs,1.431
United States,North America,2005,Transport,Co2,123.526
Indonesia,Asia,2004,Agriculture,N2O,49.761
India,Asia,2003,Agriculture,Co2,77.092
Russia,Europe,2022,Energy,Co2,123.526
France,Europe,2006,Manufacturing,Ch4,2.001
Mexico,North America,2004,Industrial Processes,Ch4,0.242
Germany,Europe,2014,Industrial Processes,Co2,5.236
Russia,Europe,2013,Land Use,Co2,15.586
South Korea,Asia,2012,Land Use,Co2,3.294
Mexico,North America,2006,Waste,Hfcs,0.242
Canada,North America,2008,Waste,Sf6,0.274
Germany,Europe,2013,Energy,Ch4,37.529
France,Europe,2001,Manufacturing,Ch4,2.204
Australia,Oceania,2020,Agriculture,Sf6,0.819
United States,North America,2020,Agriculture,Ch4,123.526
Russia,Europe,2015,Land Use,Ch4,7.118
China,Asia,2006,Land Use,Ch4,106.248
South Korea,Asia,2018,Industrial Processes,Ch4,0.843
Mexico,North America,2003,Transport,Co2,94.211
India,Asia,2002,Land Use,N2O,39.14
Indonesia,Asia,2019,Industrial Processes,Ch4,0.631
Australia,Oceania,2009,Transport,Co2,67.15
South Africa,Africa,2015,Waste,Co2,5.488
Russia,Europe,2023,Agriculture,Co2,19.238
Mexico,North America,2014,Buildings,Co2,31.208
United Kingdom,Europe,2009,Industrial Processes,Ch4,0.179
Germany,Europe,2012,Waste,Ch4,15.789
China,Asia,2013,Waste,Co2,123.526
Russia,Europe,2009,Energy,Ch4,123.526
Australia,Oceania,2007,Agriculture,Co2,7.975
South Korea,Asia,2020,Buildings,N2O,7.856
Indonesia,Asia,2004,Land Use,Hfcs,6.961
Australia,Oceania,2017,Energy,Hfcs,6.137
Indonesia,Asia,2019,Buildings,Hfcs,1.826
France,Europe,2010,Energy,Ch4,16.875
Canada,North America,2021,Energy,Sf6,4.915
China,Asia,2023,Energy,Co2,123.526
Mexico,North America,2019,Waste,Ch4,16.065
Indonesia,Asia,2006,Manufacturing,Sf6,3.817
Brazil,South America,2022,Energy,Co2,123.526
Indonesia,Asia,2015,Land Use,Ch4,46.252
South Korea,Asia,2000,Agriculture,Sf6,0.348
South Korea,Asia,2013,Land Use,Co2,3.005
Mexico,North America,2004,Agriculture,Ch4,36.491
Canada,North America,2010,Transport,Ch4,8.304
Germany,Europe,2010,Industrial Processes,Hfcs,3.073
Russia,Europe,2002,Buildings,Hfcs,20.471
China,Asia,2003,Agriculture,Co2,111.0
South Korea,Asia,2007,Buildings,Co2,41.209
India,Asia,2018,Waste,N2O,71.917
Canada,North America,2010,Manufacturing,Hfcs,7.326
Russia,Europe,2008,Buildings,Hfcs,17.662
Australia,Oceania,2018,Agriculture,Sf6,0.773
South Korea,Asia,2000,Agriculture,Hfcs,1.319
Japan,Asia,2014,Land Use,N2O,0.1
China,Asia,2015,Agriculture,Sf6,19.086
United States,North America,2012,Waste,Ch4,103.038
Germany,Europe,2016,Manufacturing,N2O,10.901
Russia,Europe,2004,Energy,N2O,41.711
Australia,Oceania,2012,Transport,Ch4,4.547
India,Asia,2012,Manufacturing,Sf6,46.746
Japan,Asia,2007,Transport,Co2,123.526
Russia,Europe,2010,Agriculture,Sf6,2.086
Canada,North America,2000,Manufacturing,N2O,6.905
United States,North America,2013,Buildings,Co2,123.526
Australia,Oceania,2009,Manufacturing,Hfcs,4.432
United States,North America,2014,Energy,Ch4,123.526
Mexico,North America,2019,Waste,Co2,6.225
France,Europe,2014,Energy,N2O,4.187
Germany,Europe,2009,Land Use,N2O,2.145
South Korea,Asia,2000,Transport,Ch4,5.406
Australia,Oceania,2004,Buildings,Co2,19.759
Germany,Europe,2014,Land Use,Co2,2.48
Indonesia,Asia,2013,Transport,Co2,99.018
China,Asia,2009,Land Use,Co2,123.526
Mexico,North America,2001,Manufacturing,N2O,7.027
South Africa,Africa,2022,Waste,N2O,4.762
Canada,North America,2010,Energy,Sf6,4.921
Brazil,South America,2003,Land Use,Hfcs,9.098
Indonesia,Asia,2016,Buildings,N2O,1.197
South Korea,Asia,2022,Land Use,N2O,3.108
Japan,Asia,2000,Transport,Ch4,11.189
Mexico,North America,2013,Waste,Co2,5.029
Indonesia,Asia,2000,Land Use,Ch4,33.148
South Korea,Asia,2013,Industrial Processes,Hfcs,4.026
South Korea,Asia,2009,Energy,Sf6,4.852
South Africa,Africa,2019,Land Use,Co2,3.953
Germany,Europe,2003,Land Use,Hfcs,0.28
Indonesia,Asia,2007,Land Use,Sf6,1.912
Indonesia,Asia,2009,Industrial Processes,Hfcs,2.252
South Africa,Africa,2011,Manufacturing,Ch4,7.209
Brazil,South America,2021,Transport,Sf6,1.502
Japan,Asia,2012,Industrial Processes,Sf6,1.577
South Africa,Africa,2021,Industrial Processes,Ch4,0.261
Canada,North America,2009,Industrial Processes,Sf6,2.045
India,Asia,2012,Buildings,Ch4,65.953
Japan,Asia,2020,Energy,Sf6,6.496
United States,North America,2019,Land Use,Co2,39.88
South Africa,Africa,2021,Transport,Ch4,3.097
Mexico,North America,2015,Land Use,Sf6,0.169
Indonesia,Asia,2018,Agriculture,Sf6,2.353
South Africa,Africa,2017,Manufacturing,Ch4,7.098
China,Asia,2008,Manufacturing,Hfcs,123.526
South Korea,Asia,2018,Transport,N2O,13.034
Indonesia,Asia,2008,Manufacturing,Co2,47.604
United States,North America,2009,Buildings,Ch4,99.868
South Africa,Africa,2011,Transport,N2O,5.611
South Korea,Asia,2007,Buildings,N2O,7.431
,Asia,2014,Transport,Ch4,7.128
China,Asia,2008,Transport,Sf6,19.7
Mexico,North America,2009,Transport,Sf6,1.187
Russia,Europe,2003,Energy,Sf6,18.043
Canada,North America,2006,Energy,Co2,123.526
Germany,Europe,2006,Agriculture,Co2,6.617
France,Europe,2018,Waste,N2O,1.542
United Kingdom,Europe,2005,Waste,Hfcs,0.124
India,Asia,2010,Energy,N2O,70.313
Brazil,South America,2022,Waste,N2O,8.024
Canada,North America,2007,Transport,Sf6,1.726
Germany,Europe,2008,Industrial Processes,N2O,1.314
Russia,Europe,2016,Waste,Sf6,0.578
United Kingdom,Europe,2001,Agriculture,Co2,4.238
South Korea,Asia,2017,Energy,Hfcs,8.208
Germany,Europe,2009,Energy,Hfcs,6.061
South Africa,Africa,2002,Land Use,Hfcs,0.37
Indonesia,Asia,2006,Energy,Ch4,60.909
Indonesia,Asia,2022,Manufacturing,Hfcs,11.513
Mexico,North America,2013,Energy,Co2,123.426
Mexico,North America,2015,Transport,N2O,14.378
Brazil,South America,2010,Waste,Co2,8.175
United States,North America,2016,Industrial Processes,Sf6,8.187
Australia,Oceania,2012,Agriculture,Co2,7.859
China,Asia,2001,Buildings,Co2,123.526
United States,North America,2007,Energy,Co2,123.526
,South America,2000,Energy,Co2,7.128
Japan,Asia,2008,Manufacturing,Ch4,24.365
India,Asia,2010,Buildings,Hfcs,60.762
India,Asia,2005,Energy,Co2,123.526
United States,North America,2014,Energy,Sf6,33.284
Canada,North America,2022,Manufacturing,N2O,6.98
China,Asia,2003,Land Use,Hfcs,17.967
China,Asia,2012,Energy,Ch4,123.526
Brazil,South America,2009,Energy,N2O,7.531
Mexico,North America,2004,Agriculture,N2O,20.257
Canada,North America,2023,Land Use,Sf6,0.134
Canada,North America,2009,Buildings,Ch4,11.551
Indonesia,Asia,2014,Land Use,N2O,76.183
United States,North America,2020,Energy,N2O,68.327
Australia,Oceania,2007,Buildings,N2O,3.756
South Korea,Asia,2000,Industrial Processes,Co2,6.275
United Kingdom,Europe,2009,Manufacturing,N2O,4.964
Mexico,North America,2018,Agriculture,Ch4,41.877
Canada,North America,2018,Industrial Processes,Sf6,2.038
Brazil,South America,2011,Agriculture,N2O,87.019
Mexico,North America,2005,Agriculture,Hfcs,2.967
Japan,Asia,2001,Agriculture,Hfcs,1.849
India,Asia,2019,Land Use,Ch4,40.489
Canada,North America,2001,Transport,Ch4,10.037
Germany,Europe,2007,Land Use,Co2,2.608
Indonesia,Asia,2021,Waste,Co2,13.316
United States,North America,2009,Agriculture,Hfcs,20.021
South Africa,Africa,2022,Transport,Ch4,3.168
France,Europe,2012,Transport,Ch4,4.694
South Korea,Asia,2017,Manufacturing,Hfcs,23.725
Australia,Oceania,2017,Transport,Hfcs,3.628
South Africa,Africa,2005,Waste,Ch4,14.631
South Africa,Africa,2017,Energy,Co2,123.526
United Kingdom,Europe,2016,Agriculture,Co2,3.097
Mexico,North America,2019,Land Use,Ch4,3.383
Germany,Europe,2000,Agriculture,Co2,7.105
South Korea,Asia,2016,Buildings,Co2,52.037
Germany,Europe,2007,Energy,Sf6,4.362
,North America,2014,Energy,Co2,7.128
Indonesia,Asia,2000,Industrial Processes,Co2,3.637
Germany,Europe,2023,Waste,Hfcs,0.201
India,Asia,2023,,Ch4,7.128
Indonesia,Asia,2011,Transport,,7.128
United States,North America,2010,Waste,Ch4,101.947
Brazil,South America,2004,Buildings,Ch4,1.334
Russia,Europe,2004,Waste,N2O,11.465
Mexico,North America,2017,Manufacturing,Sf6,3.961
Russia,Europe,2018,Waste,Sf6,0.58
South Africa,Africa,2008,Transport,Hfcs,2.497
Mexico,North America,2013,Manufacturing,Hfcs,7.543
Russia,Europe,2003,Waste,Hfcs,0.611
Russia,Europe,2002,Transport,Sf6,2.782
Indonesia,Asia,2003,Buildings,Sf6,0.1
United Kingdom,Europe,2007,Buildings,Co2,35.512
France,Europe,2014,Waste,Co2,2.008
Australia,Oceania,2000,Transport,Ch4,4.457
Brazil,South America,2009,Manufacturing,Ch4,6.271
,Oceania,2004,Energy,Ch4,7.128
Germany,Europe,2010,Buildings,Hfcs,12.729
China,Asia,2016,Transport,Co2,123.526
South Africa,Africa,2015,Agriculture,N2O,22.326
India,Asia,2003,Land Use,Sf6,1.235
Indonesia,Asia,2018,Energy,Sf6,8.162
China,Asia,2008,Buildings,Ch4,123.526
South Korea,Asia,2009,Energy,Ch4,47.09
United States,North America,2016,Buildings,N2O,67.076
Mexico,North America,2009,Industrial Processes,Co2,2.198
Canada,North America,2010,Buildings,Ch4,12.085
Brazil,South America,2000,Industrial Processes,Ch4,0.424
Canada,North America,2011,Buildings,Sf6,0.815
South Africa,Africa,2003,Manufacturing,N2O,6.802
South Korea,Asia,2013,Land Use,N2O,2.892
Japan,Asia,2016,Industrial Processes,,7.128
United Kingdom,Europe,2017,Energy,Ch4,16.058
Indonesia,Asia,2014,Industrial Processes,Ch4,0.563
United Kingdom,Europe,2019,Transport,N2O,7.077
South Africa,Africa,2000,Waste,Sf6,0.238
China,Asia,2001,Land Use,Sf6,4.298
South Africa,Africa,2023,Land Use,N2O,3.52
Australia,Oceania,2003,Industrial Processes,Co2,4.457
France,Europe,2007,Transport,Sf6,1.03
France,Europe,2020,Agriculture,N2O,15.367
United Kingdom,Europe,2016,Waste,Hfcs,0.1
South Korea,Asia,2023,Land Use,Hfcs,0.361
Mexico,North America,2023,Waste,Sf6,0.293
India,Asia,2003,Agriculture,Ch4,123.526
India,Asia,2015,Buildings,Ch4,82.531
United States,North America,2008,Buildings,Ch4,115.496
Brazil,South America,2002,Industrial Processes,N2O,0.939
Canada,North America,2016,Transport,Hfcs,6.578
Indonesia,Asia,2002,Buildings,N2O,0.782
United States,North America,2008,Buildings,Sf6,7.438
South Korea,Asia,2018,Waste,Hfcs,0.247
Mexico,North America,2018,Waste,Hfcs,0.269
India,Asia,2016,Industrial Processes,Sf6,17.14
Mexico,North America,2008,Transport,Hfcs,4.975
India,Asia,2016,Agriculture,Hfcs,48.369
France,Europe,2022,,N2O,7.128
Russia,Europe,2007,Waste,Ch4,34.444
Indonesia,Asia,2015,Waste,Co2,11.862
India,Asia,2021,Transport,Hfcs,41.984
Japan,Asia,2000,Land Use,Ch4,0.1
Germany,Europe,2009,Buildings,Hfcs,12.898
South Africa,Africa,2015,Transport,Co2,48.371
India,Asia,2004,Waste,Ch4,123.526
India,Asia,2018,Industrial Processes,Sf6,19.553
France,Europe,2009,Land Use,Hfcs,0.125
Mexico,North America,2010,Energy,Co2,115.891
United States,North America,2010,Waste,N2O,28.682
South Africa,Africa,2015,Industrial Processes,Sf6,0.784
South Africa,Africa,2009,Agriculture,Sf6,0.67
,North America,2012,Land Use,N2O,7.128
South Africa,Africa,2015,Buildings,Co2,12.952
Canada,North America,2009,Energy,Hfcs,7.058
United States,North America,2007,Industrial Processes,Sf6,8.387
China,Asia,2020,Energy,Sf6,120.78
United States,North America,2014,Industrial Processes,Co2,22.375
South Africa,Africa,2021,Manufacturing,N2O,7.145
France,Europe,2020,Buildings,N2O,4.971
Germany,Europe,2018,Transport,Ch4,5.344
South Africa,Africa,2015,Land Use,Hfcs,0.442
Japan,Asia,2001,Energy,Ch4,101.732
,Europe,2017,Land Use,Sf6,7.128
Brazil,South America,2006,,Co2,7.128
Canada,North America,2003,Agriculture,N2O,23.613
United Kingdom,Europe,2012,Land Use,N2O,1.2
Australia,Oceania,2001,Waste,Co2,4.011
Germany,Europe,2008,Manufacturing,N2O,14.293
United States,North America,2008,Waste,Hfcs,1.618
Australia,Oceania,2011,Waste,Ch4,11.569
Russia,Europe,2014,Agriculture,N2O,59.163
Russia,Europe,2020,Manufacturing,Co2,123.526
Germany,Europe,2010,Energy,N2O,10.207
France,Europe,2019,Waste,Hfcs,0.109
India,Asia,2006,Industrial Processes,Hfcs,21.673
Australia,Oceania,2008,Transport,Ch4,4.64
Germany,Europe,2014,Waste,Co2,4.741
Brazil,South America,2009,Land Use,Co2,92.05
China,Asia,2023,Buildings,Hfcs,123.526
China,Asia,2020,Buildings,N2O,123.526
Japan,Asia,2005,Transport,Co2,123.526
Brazil,South America,2021,Agriculture,N2O,95.566
Indonesia,Asia,2023,Waste,Sf6,0.718
South Korea,Asia,2016,Industrial Processes,Ch4,0.796
Japan,Asia,2020,Manufacturing,Sf6,9.168
Germany,Europe,2017,Waste,N2O,4.183
Indonesia,Asia,2016,Manufacturing,Co2,63.545
India,Asia,2015,Manufacturing,Hfcs,109.827
South Africa,Africa,2018,Land Use,Co2,4.147
Australia,Oceania,2021,Buildings,Hfcs,5.679
Japan,Asia,2010,Transport,N2O,21.048
South Africa,Africa,2010,Transport,Co2,45.577
Mexico,North America,2015,Waste,Ch4,16.416
Russia,Europe,2004,Agriculture,Sf6,2.026
Russia,Europe,2019,Industrial Processes,Co2,8.203
South Korea,Asia,2002,Manufacturing,Ch4,18.273
Canada,North America,2012,Manufacturing,Hfcs,7.557
Canada,North America,2000,Energy,N2O,13.813
Russia,Europe,2010,Buildings,Co2,80.646
Russia,Europe,2010,Land Use,Co2,16.08
Canada,North America,2012,Buildings,Ch4,12.193
South Korea,Asia,2020,Industrial Processes,Sf6,2.578
France,Europe,2003,Energy,N2O,4.58
Brazil,South America,2004,Land Use,Sf6,2.154
France,Europe,2010,Industrial Processes,Hfcs,0.842
Mexico,North America,2003,Energy,Co2,111.019
China,Asia,2020,Land Use,N2O,123.526
France,Europe,2017,Land Use,Ch4,0.576
Russia,Europe,2014,Buildings,N2O,13.715
South Africa,Africa,2003,Manufacturing,Hfcs,7.333
Canada,North America,2023,,Hfcs,7.128
China,Asia,2001,Agriculture,Sf6,10.563
Indonesia,Asia,2018,Manufacturing,Ch4,9.686
Russia,Europe,2014,Agriculture,Ch4,108.419
Brazil,South America,2013,Waste,Co2,7.913
United Kingdom,Europe,2012,Agriculture,Hfcs,1.402
United States,North America,2013,Energy,Ch4,123.526
Japan,Asia,2001,,Hfcs,7.128
South Korea,Asia,2008,Industrial Processes,Hfcs,3.571
Indonesia,Asia,2020,Buildings,N2O,1.188
Russia,Europe,2011,Manufacturing,Co2,123.526
Brazil,South America,2006,Manufacturing,Ch4,6.22
Japan,Asia,2003,Transport,Ch4,11.508
Australia,Oceania,2012,Manufacturing,Hfcs,5.106
Brazil,South America,2000,Industrial Processes,N2O,0.969
France,Europe,2023,Transport,Co2,65.345
United Kingdom,Europe,2018,Land Use,Hfcs,0.12
South Africa,Africa,2021,Manufacturing,Sf6,4.007
Japan,Asia,2007,Energy,Hfcs,12.682
Brazil,South America,2022,Transport,Co2,118.395
France,Europe,2017,Transport,Sf6,0.977
Japan,Asia,2017,Agriculture,Co2,3.694
China,Asia,2019,Transport,Hfcs,123.217
India,Asia,2003,Waste,Co2,48.699
South Africa,Africa,2009,Waste,Co2,5.022
Indonesia,Asia,2004,Transport,N2O,10.985
Canada,North America,2014,Land Use,Ch4,2.809
South Korea,Asia,2019,Industrial Processes,N2O,1.766
Russia,Europe,2004,Land Use,N2O,13.419
Germany,Europe,2017,Energy,Sf6,3.574
Indonesia,Asia,2001,Transport,Hfcs,3.684
United Kingdom,Europe,2023,Energy,Sf6,1.388
India,Asia,2019,Industrial Processes,N2O,14.479
India,Asia,2003,Industrial Processes,Sf6,12.148
Indonesia,Asia,2001,Buildings,Ch4,1.631
Australia,Oceania,2006,Land Use,Sf6,0.142
China,Asia,2023,Land Use,Ch4,123.526
South Korea,Asia,2009,Manufacturing,Hfcs,19.501
India,Asia,2014,Energy,N2O,84.951
United Kingdom,Europe,2021,Agriculture,Sf6,0.289
Australia,Oceania,2013,Buildings,Ch4,5.309
France,Europe,2021,Energy,Sf6,1.51
United States,North America,2019,Industrial Processes,Sf6,7.493
United Kingdom,Europe,2009,Buildings,Sf6,0.607
Brazil,South America,2023,Buildings,Sf6,0.107
United Kingdom,Europe,2007,,Ch4,7.128
Japan,Asia,2009,Buildings,N2O,9.526
South Korea,Asia,2021,Agriculture,Hfcs,1.933
Russia,Europe,2020,Buildings,Ch4,18.916
Germany,Europe,2010,Energy,Hfcs,5.84
China,Asia,2017,Transport,Hfcs,121.914
Russia,Europe,2013,Land Use,N2O,14.017
Japan,Asia,2003,Buildings,Sf6,1.212
United States,North America,2000,Transport,Ch4,86.944
South Africa,Africa,2017,Energy,Ch4,49.124
South Africa,Africa,2009,Transport,Co2,42.602
United Kingdom,Europe,2019,Industrial Processes,Co2,1.301
India,Asia,2019,Land Use,Hfcs,7.909
Germany,Europe,2022,Industrial Processes,N2O,1.072
Indonesia,Asia,2020,Land Use,Co2,99.967
South Africa,Africa,2011,Transport,Sf6,0.626
Brazil,South America,2014,Energy,Co2,123.526
Brazil,South America,2005,Manufacturing,Co2,45.698
Russia,Europe,2017,Agriculture,N2O,60.115
,North America,2012,Industrial Processes,N2O,7.128
Japan,Asia,2012,Manufacturing,Sf6,10.556
India,Asia,2001,Land Use,Co2,45.317
Indonesia,Asia,2019,Land Use,N2O,71.458
Mexico,North America,2011,Land Use,Ch4,3.393
United States,North America,2006,Transport,Co2,123.526
Mexico,North America,2014,Agriculture,Co2,8.253
Japan,Asia,2004,Agriculture,Ch4,26.757
South Africa,Africa,2017,Waste,Ch4,16.075
Canada,North America,2001,Buildings,Hfcs,12.168
Russia,Europe,2018,Energy,Co2,123.526
Brazil,South America,2018,Agriculture,Co2,31.682
South Korea,Asia,2023,Transport,Sf6,1.553
Mexico,North America,2016,Land Use,Sf6,0.162
South Korea,Asia,2009,Land Use,Co2,2.766
South Korea,Asia,2022,Manufacturing,N2O,23.932
South Korea,Asia,2007,Agriculture,Hfcs,1.536
South Africa,Africa,2002,Waste,Sf6,0.227
United States,North America,2016,Waste,Co2,31.584
China,Asia,2013,Manufacturing,Ch4,123.526
Australia,Oceania,2003,Transport,Ch4,4.739
South Korea,Asia,2007,Agriculture,Co2,3.886
Germany,Europe,2009,Agriculture,N2O,17.049
Brazil,South America,2017,Manufacturing,Ch4,7.347
Russia,Europe,2015,Waste,N2O,10.266
South Korea,Asia,2017,Land Use,Hfcs,0.346
Australia,Oceania,2022,Energy,Sf6,3.895
Canada,North America,2009,Land Use,N2O,4.648
Indonesia,Asia,2004,Agriculture,Sf6,1.529
India,Asia,2019,Waste,Hfcs,3.726
Japan,Asia,2005,Land Use,Ch4,0.1
Brazil,South America,2018,Land Use,Sf6,2.601
Germany,Europe,2020,Buildings,N2O,6.91
Germany,Europe,2004,Buildings,Ch4,14.852
United States,North America,2022,Agriculture,Sf6,4.619
South Africa,Africa,2007,Energy,Hfcs,6.837
India,Asia,2023,Land Use,N2O,86.167
Russia,Europe,2003,Land Use,Co2,15.093
Australia,Oceania,2018,Industrial Processes,N2O,1.03
United States,North America,2017,Transport,Co2,123.526
Russia,Europe,2013,Manufacturing,N2O,35.476
Russia,Europe,2014,Industrial Processes,Ch4,1.03
South Africa,Africa,2011,Manufacturing,N2O,6.67
France,Europe,2012,Agriculture,Hfcs,2.549
United States,North America,2020,Land Use,N2O,32.01
Russia,Europe,2022,Industrial Processes,N2O,1.753
Russia,Europe,2012,,Hfcs,7.128
Indonesia,Asia,2000,Industrial Processes,Sf6,1.267
Indonesia,Asia,2005,Transport,Co2,104.145
Canada,North America,2011,Industrial Processes,Ch4,0.668
South Africa,Africa,2014,Land Use,N2O,3.827
Japan,Asia,2007,Waste,Sf6,0.356
Brazil,South America,2006,Buildings,Sf6,0.1
Indonesia,Asia,2003,Energy,Ch4,63.404
France,Europe,2017,Transport,Hfcs,3.619
China,Asia,2003,Transport,Ch4,88.657
Germany,Europe,2000,Industrial Processes,Ch4,0.758
France,Europe,2014,Transport,N2O,9.613
Germany,Europe,2015,Agriculture,Ch4,29.614
Canada,North America,2010,Waste,N2O,4.905
Russia,Europe,2016,Agriculture,Ch4,109.841
France,Europe,2009,Energy,N2O,3.91
China,Asia,2020,Waste,N2O,123.526
United Kingdom,Europe,2005,Land Use,Ch4,0.843
South Korea,Asia,2002,Land Use,Co2,2.7
United States,North America,2000,Buildings,Sf6,8.085
France,Europe,2022,Land Use,Hfcs,0.111
France,Europe,2015,Industrial Processes,N2O,0.311
South Korea,Asia,2002,Buildings,Hfcs,8.645
,Europe,2019,Buildings,Co2,7.128
South Africa,Africa,2012,Buildings,Co2,11.547
India,Asia,2013,Energy,Hfcs,48.435
South Korea,Asia,2021,Land Use,Sf6,0.1
United Kingdom,Europe,2023,Buildings,Ch4,6.525
China,Asia,2008,Waste,Co2,123.526
China,Asia,2020,Agriculture,Sf6,21.583
Brazil,South America,2010,Transport,Ch4,6.721
Mexico,North America,2012,Industrial Processes,Sf6,0.752
France,Europe,2020,Industrial Processes,N2O,0.361
Mexico,North America,2018,Energy,Sf6,3.447
South Africa,Africa,2019,Buildings,Sf6,0.212
France,Europe,2023,Industrial Processes,N2O,0.261
Indonesia,Asia,2019,Manufacturing,Hfcs,9.569
Brazil,South America,2000,Manufacturing,Sf6,3.016
India,Asia,2004,Industrial Processes,Ch4,3.978
United Kingdom,Europe,2010,Waste,Ch4,6.703
China,Asia,2019,Land Use,Hfcs,34.311
Canada,North America,2004,Manufacturing,Hfcs,7.139
India,Asia,2018,Land Use,Sf6,2.072
China,Asia,2002,Agriculture,Sf6,11.285
Germany,Europe,2009,Waste,Co2,5.201
Russia,Europe,2021,Industrial Processes,Ch4,0.927
Russia,Europe,2000,Agriculture,Ch4,113.408
India,Asia,2011,Agriculture,Ch4,123.526
France,Europe,2021,Buildings,Co2,33.266
South Africa,Africa,2005,Buildings,Sf6,0.196
Russia,Europe,2008,Waste,Hfcs,0.549
South Korea,Asia,2004,Buildings,Hfcs,9.855
Brazil,South America,2014,Industrial Processes,Sf6,1.551
Mexico,North America,2022,Waste,Hfcs,0.305
Mexico,North America,2015,Buildings,N2O,4.775
Canada,North America,2015,Transport,Ch4,9.001
Brazil,South America,2006,Waste,Hfcs,0.391
France,Europe,2012,Transport,Co2,83.821
France,Europe,2013,Buildings,Sf6,0.619
United States,North America,2022,Waste,Co2,30.878
Germany,Europe,2019,Agriculture,N2O,14.682
United Kingdom,Europe,2011,Transport,Sf6,0.954
India,Asia,2018,Transport,Co2,123.526
India,Asia,2008,Energy,Hfcs,41.783
Japan,Asia,2014,Agriculture,Hfcs,1.695
India,Asia,2010,Manufacturing,Ch4,88.245
China,Asia,2023,Land Use,Co2,123.526
France,Europe,2017,Buildings,Co2,32.1
United States,North America,2004,Energy,Co2,123.526
France,Europe,2005,Waste,Sf6,0.112
India,Asia,2007,Energy,Sf6,25.894
China,Asia,2010,Manufacturing,Sf6,123.526
China,Asia,2023,Energy,N2O,123.526
Australia,Oceania,2020,Transport,Ch4,4.684
Australia,Oceania,2000,Waste,Sf6,0.21
United Kingdom,Europe,2015,Waste,N2O,1.739
Japan,Asia,2015,,Hfcs,7.128
Brazil,South America,2000,Waste,Hfcs,0.389
Japan,Asia,2023,Buildings,N2O,9.574
Canada,North America,2023,Waste,N2O,4.96
Japan,Asia,2019,Transport,N2O,19.769
South Korea,Asia,2011,Manufacturing,Co2,123.526
United States,North America,2006,Energy,N2O,83.471
France,Europe,2006,Manufacturing,Hfcs,1.793
Brazil,South America,2000,Transport,Co2,104.629
South Korea,Asia,2017,Waste,Sf6,0.235
India,Asia,2001,Agriculture,Co2,66.934
France,Europe,2018,Buildings,N2O,5.494
Germany,Europe,2004,Manufacturing,Hfcs,14.279
United Kingdom,Europe,2018,Buildings,Hfcs,7.013
Russia,Europe,2020,Transport,N2O,24.079
Mexico,North America,2015,Waste,Hfcs,0.3
India,Asia,2001,Industrial Processes,N2O,6.745
Germany,Europe,2004,Land Use,Hfcs,0.318
South Africa,Africa,2023,Industrial Processes,Ch4,0.288
France,Europe,2017,Transport,Ch4,4.607
United States,North America,2007,Transport,Hfcs,66.852
India,Asia,2006,Land Use,N2O,46.409
India,Asia,2019,Land Use,N2O,68.935
Australia,Oceania,2013,Buildings,Sf6,0.371
India,Asia,2006,Land Use,Co2,49.649
Germany,Europe,2020,Land Use,Co2,1.943
Japan,Asia,2008,Buildings,N2O,11.038
Brazil,South America,2005,Buildings,Sf6,0.1
,South America,2020,Transport,Co2,7.128
South Korea,Asia,2003,Energy,Sf6,4.465
Indonesia,Asia,2010,Land Use,Sf6,2.157
Canada,North America,2005,Buildings,Hfcs,11.397
Indonesia,Asia,2006,Waste,Sf6,0.474
Mexico,North America,2010,Buildings,Hfcs,7.053
Australia,Oceania,2021,Land Use,Co2,6.554
United Kingdom,Europe,2011,Manufacturing,Co2,30.883
United Kingdom,Europe,2023,Manufacturing,Co2,22.611
France,Europe,2002,Energy,Ch4,20.667
India,Asia,2005,Manufacturing,Ch4,69.789
United States,North America,2002,Waste,Co2,36.625
China,Asia,2015,Energy,Co2,123.526
Germany,Europe,2009,,N2O,7.128
,Europe,2006,Agriculture,Hfcs,7.128
Canada,North America,2021,Manufacturing,N2O,7.262
Canada,North America,2020,Waste,Ch4,15.82
Russia,Europe,2000,Manufacturing,Hfcs,35.569
Japan,Asia,2000,Buildings,Co2,69.514
Australia,Oceania,2021,Waste,Ch4,12.158
South Africa,Africa,2002,Buildings,Co2,11.578
Brazil,South America,2016,Agriculture,Hfcs,12.064
Australia,Oceania,2020,Energy,,7.128
Australia,Oceania,2010,Buildings,Sf6,0.357
Indonesia,Asia,2013,Energy,N2O,20.363
South Korea,Asia,2008,Transport,N2O,11.261
Japan,Asia,2016,Waste,Hfcs,0.313
Brazil,South America,2004,Land Use,Ch4,43.928
South Africa,Africa,2019,Transport,Sf6,0.585
France,Europe,2014,Industrial Processes,N2O,0.309
Russia,Europe,2012,Land Use,Ch4,8.208
Japan,Asia,2015,Manufacturing,Co2,123.526
India,Asia,2016,Energy,Co2,123.526
South Africa,Africa,2023,Waste,N2O,4.958
South Korea,Asia,2012,Energy,N2O,13.427
India,Asia,2017,Industrial Processes,Co2,43.501
Japan,Asia,2011,Manufacturing,Ch4,21.522
Russia,Europe,2016,Agriculture,Co2,18.385
South Korea,Asia,2022,Transport,N2O,15.354
United States,North America,2023,Waste,Hfcs,1.389
Mexico,North America,2003,Buildings,Ch4,7.061
South Africa,Africa,2001,Energy,Ch4,42.666
China,Asia,2005,Industrial Processes,Co2,123.526
Indonesia,Asia,2017,Manufacturing,Sf6,4.735
United States,North America,2016,Energy,Sf6,30.443
South Korea,Asia,2007,Buildings,Sf6,0.714
Australia,Oceania,2016,Land Use,Co2,5.962
Indonesia,Asia,2008,Waste,Sf6,0.497
Russia,Europe,2015,Agriculture,Co2,17.848
South Africa,Africa,2022,Agriculture,Ch4,38.82
France,Europe,2014,Land Use,Co2,1.203
India,Asia,2001,Land Use,Sf6,1.13
India,Asia,2022,Buildings,Sf6,6.523
South Africa,Africa,2001,Industrial Processes,Ch4,0.24
France,Europe,2000,Transport,Hfcs,5.386
United States,North America,2009,Buildings,N2O,70.926
South Korea,Asia,2020,Land Use,N2O,2.947
United States,North America,2016,Manufacturing,Sf6,31.784
Indonesia,Asia,2009,Waste,Co2,9.777
Japan,Asia,2012,Transport,N2O,19.269
India,Asia,2003,Buildings,Co2,123.526
India,Asia,2007,Manufacturing,Sf6,37.593
United Kingdom,Europe,2006,Waste,Co2,2.136
Brazil,South America,2006,Industrial Processes,Hfcs,2.219
China,Asia,2006,Buildings,Co2,123.526
South Africa,Africa,2004,Land Use,Sf6,0.1
United Kingdom,Europe,2015,Land Use,Ch4,0.599
Mexico,North America,2012,Manufacturing,N2O,7.009
Australia,Oceania,2011,Agriculture,Hfcs,3.377
Russia,Europe,2021,Buildings,Sf6,1.259
India,Asia,2002,Waste,Ch4,123.526
Canada,North America,2006,Waste,Hfcs,0.275
Germany,Europe,2009,Land Use,Sf6,0.1
United States,North America,2023,Industrial Processes,N2O,4.833
United States,North America,2021,Waste,Hfcs,1.588
United Kingdom,Europe,2004,Transport,Co2,80.722
Mexico,North America,2003,Transport,N2O,12.62
Mexico,North America,2011,Buildings,Ch4,7.43
Brazil,South America,2011,Land Use,Hfcs,9.313
South Africa,Africa,2003,Waste,N2O,4.153
Mexico,North America,2009,Transport,Ch4,6.342
Brazil,South America,2013,Energy,Hfcs,5.575
Germany,Europe,2009,Transport,Hfcs,4.684
Mexico,North America,2008,Manufacturing,Sf6,3.646
China,Asia,2005,Buildings,Sf6,9.368
Australia,Oceania,2006,Industrial Processes,Co2,4.542
United Kingdom,Europe,2010,Energy,N2O,4.637
Australia,Oceania,2017,Agriculture,Hfcs,3.425
Brazil,South America,2017,Waste,Sf6,0.43
South Africa,Africa,2006,Waste,Ch4,14.979
France,Europe,2009,Land Use,Sf6,0.1
China,Asia,2021,Transport,Ch4,123.526
Germany,Europe,2011,Transport,Sf6,1.343
Japan,Asia,2019,Energy,Co2,123.526
Mexico,North America,2018,Land Use,Sf6,0.177
India,Asia,2015,Land Use,Ch4,32.993
France,Europe,2014,Energy,Co2,56.871
China,Asia,2002,Industrial Processes,N2O,30.821
Australia,Oceania,2004,Industrial Processes,N2O,1.022
Brazil,South America,2005,Transport,Ch4,6.984
South Korea,Asia,2012,Industrial Processes,Co2,6.789
Indonesia,Asia,2021,Energy,N2O,24.976
Australia,Oceania,2000,Manufacturing,Sf6,2.652
,North America,2019,Transport,Sf6,7.128
China,Asia,2000,Transport,Co2,123.526
Japan,Asia,2013,Buildings,N2O,9.586
Australia,Oceania,2011,Land Use,Ch4,3.08
France,Europe,2005,Waste,N2O,1.908
Germany,Europe,2012,Energy,Sf6,3.953
United States,North America,2002,Buildings,Hfcs,105.619
South Korea,Asia,2018,Land Use,Sf6,0.1
Mexico,North America,2014,Transport,Ch4,6.279
Australia,Oceania,2017,Land Use,,7.128
France,Europe,2012,Buildings,N2O,6.431
Russia,Europe,2021,Manufacturing,Co2,123.526
France,Europe,2000,Waste,Sf6,0.119
Russia,Europe,2015,Industrial Processes,N2O,1.877
Canada,North America,2006,Waste,Ch4,17.27
Indonesia,Asia,2002,Agriculture,Hfcs,6.507
France,Europe,2004,Industrial Processes,Co2,1.526
Canada,North America,2001,Transport,N2O,17.857
Japan,Asia,2020,Buildings,N2O,9.216
United States,North America,2016,Transport,Co2,123.526
United States,North America,2019,Agriculture,Hfcs,17.634
United Kingdom,Europe,2022,Industrial Processes,Ch4,0.131
France,Europe,2008,Buildings,Ch4,9.946
South Africa,Africa,2003,Industrial Processes,Hfcs,1.131
Australia,Oceania,2021,Buildings,Sf6,0.372
Indonesia,Asia,2003,Energy,Co2,123.526
Russia,Europe,2023,Agriculture,N2O,53.544
South Africa,Africa,2014,Transport,Sf6,0.665
United Kingdom,Europe,2023,Land Use,Sf6,0.1
United Kingdom,Europe,2014,Transport,N2O,8.004
Indonesia,Asia,2004,Waste,Ch4,28.397
United States,North America,2020,Energy,Ch4,123.526
Japan,Asia,2015,Energy,Ch4,86.08
India,Asia,2020,Manufacturing,Sf6,54.333
South Africa,Africa,2014,Manufacturing,N2O,6.652
India,Asia,2013,Land Use,N2O,61.241
Canada,North America,2000,Manufacturing,Hfcs,7.186
Canada,North America,2004,Agriculture,Ch4,43.024
Indonesia,Asia,2016,Industrial Processes,Sf6,1.833
South Korea,Asia,2006,Buildings,Hfcs,9.415
Mexico,North America,2010,Land Use,Co2,6.416
United Kingdom,Europe,2002,Transport,Co2,88.275
Germany,Europe,2009,Transport,Ch4,6.356
Brazil,South America,2015,Agriculture,Ch4,123.526
United Kingdom,Europe,2018,Land Use,Co2,1.155
Australia,Oceania,2018,Energy,Ch4,43.656
United Kingdom,Europe,2018,Waste,Hfcs,0.1
China,Asia,2005,Land Use,N2O,123.526
South Korea,Asia,2014,Manufacturing,Hfcs,22.826
Canada,North America,2021,Energy,Ch4,50.433
United Kingdom,Europe,2004,Industrial Processes,Co2,1.851
Brazil,South America,2010,Transport,Hfcs,5.07
France,Europe,2022,Industrial Processes,Co2,1.203
Russia,Europe,2017,Industrial Processes,Ch4,0.909
Brazil,South America,2013,Transport,Hfcs,6.007
Germany,Europe,2019,Land Use,N2O,2.0
China,Asia,2003,Transport,Co2,123.526
Canada,North America,2023,Energy,Ch4,45.531
Brazil,South America,2011,Waste,Sf6,0.386
United States,North America,2008,Manufacturing,Ch4,62.903
India,Asia,2001,Manufacturing,Ch4,62.694
South Africa,Africa,2008,Industrial Processes,Sf6,0.786
South Africa,Africa,2007,Buildings,Co2,11.495
United Kingdom,Europe,2016,Waste,N2O,1.594
Mexico,North America,2007,Agriculture,N2O,22.765
Japan,Asia,2023,Land Use,Co2,0.1
South Korea,Asia,2011,Land Use,N2O,2.51
Russia,Europe,2005,Transport,Ch4,13.589
South Africa,Africa,2001,Buildings,N2O,1.826
Canada,North America,2004,Energy,N2O,12.497
South Africa,Africa,2002,Buildings,Sf6,0.185
Canada,North America,2023,Land Use,Hfcs,0.537
Russia,Europe,2011,Waste,Co2,12.012
South Korea,Asia,2012,Agriculture,N2O,11.632
South Africa,Africa,2006,Industrial Processes,N2O,0.517
Brazil,South America,2002,Land Use,Co2,87.214
Brazil,South America,2018,Waste,Ch4,26.014
India,Asia,2021,Industrial Processes,N2O,15.286
China,Asia,2022,Industrial Processes,Hfcs,123.526
United States,North America,2017,Transport,Ch4,66.59
Japan,Asia,2008,Energy,N2O,20.243
Japan,Asia,2008,Transport,Ch4,10.976
Mexico,North America,2017,Agriculture,Co2,7.999
Germany,Europe,2019,Buildings,Ch4,11.929
Canada,North America,2002,Transport,Sf6,1.802
China,Asia,2009,Energy,Sf6,85.945
France,Europe,2022,Industrial Processes,,7.128
India,Asia,2005,Transport,Co2,123.526
South Korea,Asia,2011,Land Use,Co2,3.079
Indonesia,Asia,2019,Industrial Processes,Co2,5.493
Mexico,North America,2007,Energy,Ch4,31.473
Australia,Oceania,2001,Industrial Processes,N2O,1.033
Mexico,North America,2013,Agriculture,Hfcs,2.903
China,Asia,2001,Manufacturing,Co2,123.526
China,Asia,2015,Industrial Processes,Hfcs,123.526
China,Asia,2007,Buildings,N2O,105.959
France,Europe,2009,Industrial Processes,Hfcs,0.846
Brazil,South America,2001,Agriculture,Ch4,123.526
United States,North America,2007,Industrial Processes,Ch4,2.681
Mexico,North America,2010,Land Use,N2O,6.009
United Kingdom,Europe,2016,Transport,N2O,8.162
Mexico,North America,2021,Manufacturing,N2O,7.255
Germany,Europe,2014,Land Use,N2O,2.102
Russia,Europe,2019,Energy,Sf6,17.71
Germany,Europe,2007,Buildings,Hfcs,14.334
India,Asia,2023,Industrial Processes,Hfcs,39.17
Indonesia,Asia,2021,Land Use,Sf6,2.941
Brazil,South America,2018,Agriculture,Hfcs,11.903
Mexico,North America,2022,Transport,N2O,15.133
United Kingdom,Europe,2021,Industrial Processes,Hfcs,0.686
United Kingdom,Europe,2021,Agriculture,Hfcs,1.171
Japan,Asia,2011,Energy,Co2,123.526
South Africa,Africa,2006,Agriculture,Sf6,0.707
United Kingdom,Europe,2022,Transport,Hfcs,2.736
Canada,North America,2005,Manufacturing,N2O,7.626
Canada,North America,2013,Energy,Co2,123.526
United Kingdom,Europe,2008,Waste,Co2,2.118
Mexico,North America,2022,Waste,Sf6,0.283
United Kingdom,Europe,2014,Energy,Co2,62.408
India,Asia,2016,Land Use,Hfcs,7.306
France,Europe,2018,Waste,Sf6,0.1
India,Asia,2011,Land Use,Hfcs,5.781
China,Asia,2013,Energy,Hfcs,123.526
Brazil,South America,2015,Manufacturing,Ch4,7.374
Canada,North America,2006,Buildings,Ch4,13.177
Brazil,South America,2022,Industrial Processes,N2O,1.03
Germany,Europe,2001,Buildings,Co2,65.132
South Africa,Africa,2014,Buildings,N2O,2.01
Mexico,North America,2010,Agriculture,Ch4,40.942
Japan,Asia,2019,Waste,Co2,5.317
South Africa,Africa,2004,Waste,Hfcs,0.26
South Korea,Asia,2006,Industrial Processes,Ch4,0.796
Canada,North America,2021,Agriculture,Co2,6.871
France,Europe,2018,Land Use,Sf6,0.1
Canada,North America,2001,Manufacturing,N2O,7.407
,Asia,2020,Waste,Hfcs,7.128
United Kingdom,Europe,2014,Energy,Ch4,18.008
China,Asia,2016,Land Use,Ch4,123.526
Germany,Europe,2008,Waste,Hfcs,0.281
China,Asia,2016,Waste,Ch4,123.526
Russia,Europe,2009,Waste,Ch4,32.802
United States,North America,2023,Transport,N2O,123.526
France,Europe,2022,Manufacturing,Hfcs,1.499
South Korea,Asia,2019,Land Use,N2O,2.992
United Kingdom,Europe,2007,Land Use,Ch4,0.803
France,Europe,2014,Manufacturing,Sf6,0.878
Australia,Oceania,2011,Agriculture,Ch4,41.891
South Korea,Asia,2000,Transport,N2O,10.087
Brazil,South America,2006,Land Use,Ch4,46.117
South Africa,Africa,2021,Waste,Co2,5.679
Brazil,South America,2008,Agriculture,Co2,28.404
,South America,2011,Industrial Processes,Hfcs,7.128
Canada,North America,2015,Land Use,Co2,5.413
South Korea,Asia,2003,Land Use,Co2,2.588
China,Asia,2019,Energy,Co2,123.526
Brazil,South America,2012,Agriculture,Sf6,2.924
United States,North America,2023,Waste,Ch4,91.992
Indonesia,Asia,2017,Land Use,Sf6,2.424
Indonesia,Asia,2012,Manufacturing,Co2,57.06
Indonesia,Asia,2020,Agriculture,Co2,22.341
Russia,Europe,2023,Manufacturing,Hfcs,35.32
Brazil,South America,2012,Waste,Sf6,0.405
Germany,Europe,2011,Buildings,Co2,50.198
Japan,Asia,2019,Transport,Sf6,2.053
South Korea,Asia,2006,Buildings,Ch4,10.902
France,Europe,2005,Waste,Co2,2.148
Germany,Europe,2008,Energy,Sf6,4.154
France,Europe,2016,Buildings,Hfcs,8.44
Brazil,South America,2005,Agriculture,Ch4,123.526
Russia,Europe,2017,Manufacturing,Sf6,17.083
India,Asia,2022,Land Use,N2O,53.058
Japan,Asia,2016,Transport,Sf6,1.86
Russia,Europe,2014,Land Use,N2O,13.659
Brazil,South America,2014,Transport,N2O,13.881
China,Asia,2003,Manufacturing,N2O,123.526
Canada,North America,2008,Energy,Hfcs,7.143
Japan,Asia,2002,Agriculture,N2O,14.303
India,Asia,2006,Buildings,Co2,123.526
United Kingdom,Europe,2018,Energy,Co2,56.391
South Korea,Asia,2001,Agriculture,Co2,3.313
Russia,Europe,2007,,N2O,7.128
Japan,Asia,2001,Agriculture,Sf6,0.484
Germany,Europe,2019,Industrial Processes,N2O,1.118
Japan,Asia,2007,Industrial Processes,Co2,5.066
South Africa,Africa,2002,Manufacturing,Sf6,3.287
Canada,North America,2023,Transport,Hfcs,6.49
Germany,Europe,2010,Buildings,Ch4,14.569
Mexico,North America,2001,Manufacturing,Ch4,6.963
United States,North America,2009,Agriculture,Ch4,123.526
United Kingdom,Europe,2015,Transport,Sf6,0.817
Mexico,North America,2006,Agriculture,Sf6,0.686
France,Europe,2002,Land Use,Sf6,0.1
Canada,North America,2007,Energy,N2O,13.344
Australia,Oceania,2022,Land Use,Co2,5.884
Canada,North America,2005,Buildings,Ch4,13.939
South Korea,Asia,2008,Manufacturing,N2O,20.888
Brazil,South America,2012,Energy,Ch4,33.34
Australia,Oceania,2022,Energy,Ch4,42.536
Canada,North America,2004,Energy,Ch4,49.036
Mexico,North America,2014,Agriculture,Ch4,41.855
United Kingdom,Europe,2018,Buildings,N2O,4.572
Germany,Europe,2017,Agriculture,Co2,4.918
United Kingdom,Europe,2017,Land Use,Sf6,0.1
Germany,Europe,2020,Land Use,Hfcs,0.186
Indonesia,Asia,2016,Agriculture,Hfcs,7.766
Canada,North America,2006,Industrial Processes,Ch4,0.747
United States,North America,2007,Agriculture,N2O,123.526
France,Europe,2022,Land Use,Co2,1.047
Russia,Europe,2012,Agriculture,Sf6,2.026
India,Asia,2022,Agriculture,Sf6,15.076
Germany,Europe,2021,Industrial Processes,Sf6,1.743
Brazil,South America,2019,Buildings,Sf6,0.105
United Kingdom,Europe,2011,Energy,Co2,71.268
Japan,Asia,2001,Manufacturing,Hfcs,27.826
South Korea,Asia,2005,Buildings,Ch4,10.035
France,Europe,2016,Waste,Sf6,0.1
South Korea,Asia,2022,Buildings,Co2,52.123
South Korea,Asia,2018,Waste,N2O,4.945
United States,North America,2002,Industrial Processes,N2O,6.05
United Kingdom,Europe,2014,Manufacturing,Ch4,4.606
Germany,Europe,2013,Energy,Hfcs,5.633
Indonesia,Asia,2015,Land Use,Sf6,2.172
China,Asia,2019,Agriculture,Co2,123.526
United Kingdom,Europe,2018,Industrial Processes,N2O,0.28
Mexico,North America,2006,Transport,Co2,104.501
Australia,Oceania,2005,Waste,Co2,4.166
China,Asia,2006,Transport,Sf6,20.052
United Kingdom,Europe,2004,Transport,Ch4,5.4
Canada,North America,2012,Industrial Processes,Sf6,2.168
Russia,Europe,2013,Manufacturing,Sf6,15.965
United Kingdom,Europe,2016,Land Use,Hfcs,0.112
United Kingdom,Europe,2010,Manufacturing,Co2,29.319
South Africa,Africa,2013,Agriculture,Ch4,39.721
Japan,Asia,2004,Manufacturing,Ch4,23.64
Germany,Europe,2017,Buildings,Sf6,0.782
Japan,Asia,2019,Transport,Co2,123.526
South Korea,Asia,2006,Manufacturing,Sf6,9.911
China,Asia,2017,Industrial Processes,Ch4,30.764
South Africa,Africa,2015,,Co2,7.128
Indonesia,Asia,2020,Manufacturing,Hfcs,10.211
India,Asia,2003,Transport,Hfcs,21.882
Brazil,South America,2005,Industrial Processes,N2O,0.976
Brazil,South America,2021,Energy,Co2,123.526
Canada,North America,2013,Transport,Co2,123.526
South Africa,Africa,2000,Manufacturing,Ch4,6.203
Germany,Europe,2008,Manufacturing,Hfcs,13.235
Japan,Asia,2000,Transport,Sf6,2.538
France,Europe,2008,Industrial Processes,Ch4,0.17
Canada,North America,2010,Buildings,Co2,55.023
Canada,North America,2011,Land Use,Co2,5.733
United States,North America,2012,Buildings,Co2,123.526
Brazil,South America,2005,Waste,Sf6,0.405
United Kingdom,Europe,2006,Buildings,Co2,41.633
France,Europe,2009,Waste,Hfcs,0.1
India,Asia,2002,Energy,Co2,123.526
Mexico,North America,2007,Energy,Hfcs,4.716
Mexico,North America,2008,Transport,Co2,104.985
South Korea,Asia,2012,Manufacturing,Co2,123.526
China,Asia,2010,Energy,Sf6,86.257
China,Asia,2009,Buildings,Sf6,11.106
South Africa,Africa,2007,Industrial Processes,Co2,2.263
South Africa,Africa,2009,Transport,Sf6,0.532
United Kingdom,Europe,2018,Buildings,Sf6,0.516
United States,North America,2016,Land Use,Hfcs,4.28
South Africa,Africa,2011,Buildings,Ch4,3.195
Germany,Europe,2023,Buildings,Sf6,0.897
South Africa,Africa,2008,Transport,Sf6,0.57
Canada,North America,2006,Agriculture,Co2,6.927
Germany,Europe,2002,Transport,Co2,113.604
South Africa,Africa,2002,,Hfcs,7.128
Germany,Europe,2007,Industrial Processes,Hfcs,3.727
Canada,North America,2018,Transport,Sf6,1.608
Mexico,North America,2016,Buildings,Co2,32.596
South Africa,Africa,2002,Land Use,Co2,3.784
South Korea,Asia,2018,Manufacturing,Co2,123.526
India,Asia,2006,Land Use,Hfcs,5.213
France,Europe,2019,Transport,Hfcs,3.761
Mexico,North America,2004,Buildings,Ch4,6.855
United Kingdom,Europe,2010,Manufacturing,Ch4,4.505
United States,North America,2001,Manufacturing,Co2,123.526
Japan,Asia,2008,Energy,Sf6,9.292
Mexico,North America,2017,Energy,Sf6,3.312
Canada,North America,2017,Manufacturing,Hfcs,6.431
Canada,North America,2017,Transport,Sf6,1.749
Australia,Oceania,2008,Waste,Sf6,0.206
,Asia,2023,Land Use,Ch4,7.128
China,Asia,2000,Transport,Sf6,15.499
United Kingdom,Europe,2013,Manufacturing,Ch4,4.257
United States,North America,2021,Industrial Processes,Hfcs,13.497
Japan,Asia,2000,Energy,Sf6,10.093
China,Asia,2006,Manufacturing,Co2,123.526
Canada,North America,2007,Waste,Ch4,16.1
Japan,Asia,2022,Land Use,Hfcs,0.1
Mexico,North America,2004,Industrial Processes,N2O,0.521
Russia,Europe,2011,Energy,Sf6,18.2
South Korea,Asia,2000,Land Use,Sf6,0.1
United States,North America,2015,Buildings,Ch4,98.87
France,Europe,2014,Waste,Hfcs,0.103
China,Asia,2023,Energy,Sf6,123.526
India,Asia,2021,Manufacturing,Sf6,64.328
France,Europe,2003,Buildings,Co2,36.917
South Korea,Asia,2005,Agriculture,Ch4,19.267
Brazil,South America,2009,Agriculture,N2O,82.32
Mexico,North America,2018,Manufacturing,Ch4,7.798
Japan,Asia,2013,Energy,Co2,123.526
Canada,North America,2014,Land Use,N2O,4.74
Canada,North America,2009,Buildings,N2O,8.681
Brazil,South America,2007,Energy,N2O,8.465
Russia,Europe,2022,Manufacturing,Co2,123.526
Japan,Asia,2000,Industrial Processes,Co2,5.044
Indonesia,Asia,2020,Transport,Hfcs,6.238
Japan,Asia,2004,Energy,Sf6,9.122
France,Europe,2010,Agriculture,Ch4,37.151
China,Asia,2013,Manufacturing,Sf6,123.526
Canada,North America,2019,Energy,Hfcs,7.155
India,Asia,2020,Waste,Co2,81.219
Russia,Europe,2020,Industrial Processes,Sf6,2.527
South Africa,Africa,2010,Industrial Processes,Hfcs,1.296
Canada,North America,2002,Manufacturing,Sf6,3.837
South Africa,Africa,2005,Manufacturing,Sf6,3.208
Australia,Oceania,2017,Manufacturing,N2O,5.567
Mexico,North America,2020,Industrial Processes,Sf6,0.826
Germany,Europe,2015,Waste,Hfcs,0.253
China,Asia,2016,Waste,N2O,123.526
Canada,North America,2021,Manufacturing,Co2,43.215
France,Europe,2016,Agriculture,Ch4,32.14
South Korea,Asia,2021,Waste,Sf6,0.259
Japan,Asia,2006,Buildings,Hfcs,15.196
France,Europe,2011,Buildings,Hfcs,8.646
France,Europe,2010,Manufacturing,Co2,10.707
United States,North America,2009,Land Use,Hfcs,4.27
Mexico,North America,2021,Energy,Hfcs,5.49
Canada,North America,2009,Land Use,Sf6,0.135
South Africa,Africa,2019,Buildings,Co2,13.073
Australia,Oceania,2000,Buildings,N2O,3.24
India,Asia,2019,Buildings,Hfcs,78.23
Russia,Europe,2011,Agriculture,Co2,19.723
South Korea,Asia,2009,Agriculture,Hfcs,1.44
Indonesia,Asia,2007,Waste,Sf6,0.441
Australia,Oceania,2023,Waste,Hfcs,0.205
Russia,Europe,2017,Buildings,Sf6,1.31
South Africa,Africa,2007,Waste,N2O,4.601
South Africa,Africa,2000,Agriculture,Sf6,0.663
Japan,Asia,2021,Transport,Co2,123.526
Russia,Europe,2012,Manufacturing,Ch4,36.174
United States,North America,2007,Manufacturing,Ch4,63.893
Brazil,South America,2010,Land Use,Co2,100.544
Indonesia,Asia,2004,Buildings,Sf6,0.1
Australia,Oceania,2020,Energy,N2O,9.273
Japan,Asia,2013,Waste,Hfcs,0.305
France,Europe,2011,Energy,Hfcs,2.399
Mexico,North America,2000,Agriculture,Co2,7.047
France,Europe,2022,Industrial Processes,Ch4,0.143
France,Europe,2014,Transport,Co2,80.949
Germany,Europe,2008,Manufacturing,Co2,95.495
South Africa,Africa,2000,Buildings,Co2,12.397
Japan,Asia,2002,Land Use,Co2,0.1
United States,North America,2022,Agriculture,N2O,123.526
Brazil,South America,2013,Industrial Processes,Ch4,0.517
Mexico,North America,2012,Agriculture,N2O,23.862
South Africa,Africa,2022,Manufacturing,N2O,8.084
India,Asia,2004,Waste,Co2,46.783
China,Asia,2003,Agriculture,Hfcs,43.826
Mexico,North America,2023,Waste,Hfcs,0.29
Japan,Asia,2005,Waste,Sf6,0.308
China,Asia,2023,Transport,Hfcs,123.526
China,Asia,2020,Buildings,Hfcs,123.526
Canada,North America,2021,Manufacturing,Ch4,7.111
Indonesia,Asia,2002,Land Use,N2O,60.865
United States,North America,2014,Agriculture,Ch4,123.526
United States,North America,2006,Agriculture,Sf6,5.242
China,Asia,2012,Buildings,Sf6,13.187
Indonesia,Asia,2023,Industrial Processes,N2O,1.383
United Kingdom,Europe,2014,Waste,Hfcs,0.1
Brazil,South America,2019,Agriculture,Co2,31.688
United Kingdom,Europe,2013,Land Use,Co2,1.376
Australia,Oceania,2023,Manufacturing,Ch4,5.418
Australia,Oceania,2011,Transport,Ch4,4.526
Mexico,North America,2015,Industrial Processes,Ch4,0.271
Australia,Oceania,2000,Transport,N2O,8.411
Brazil,South America,2021,Manufacturing,Sf6,4.012
Australia,Oceania,2015,Land Use,Hfcs,0.606
Russia,Europe,2020,Waste,Sf6,0.564
South Africa,Africa,2012,Land Use,Co2,4.401
Japan,Asia,2001,Transport,Sf6,2.223
Germany,Europe,2022,Waste,Hfcs,0.202
Germany,Europe,2010,Waste,Hfcs,0.275
Indonesia,Asia,2004,Land Use,Sf6,1.683
Indonesia,Asia,2020,Transport,Ch4,7.647
Indonesia,Asia,2006,Land Use,Sf6,1.847
South Africa,Africa,2023,Agriculture,Ch4,42.822
Australia,Oceania,2006,Waste,Co2,4.13
Germany,Europe,2008,Waste,Ch4,15.363
United Kingdom,Europe,2020,Transport,Ch4,3.158
Japan,Asia,2012,Buildings,Ch4,14.353
Russia,Europe,2001,Energy,Hfcs,25.548
Brazil,South America,2020,Waste,Hfcs,0.373
United States,North America,2021,Agriculture,Co2,46.641
Russia,Europe,2015,Transport,Ch4,13.072
Canada,North America,2017,Manufacturing,Sf6,3.562
Russia,Europe,2006,Buildings,Ch4,22.013
United Kingdom,Europe,2010,Manufacturing,Sf6,2.352
Australia,Oceania,2017,Waste,N2O,3.941
United States,North America,2009,Energy,Sf6,35.485
Germany,Europe,2011,Land Use,N2O,2.164
Canada,North America,2019,Agriculture,Sf6,0.721
Australia,Oceania,2001,Buildings,N2O,3.408
United Kingdom,Europe,2006,Land Use,N2O,1.302
Australia,Oceania,2001,Agriculture,Ch4,45.205
South Africa,Africa,2009,Waste,Hfcs,0.218
United Kingdom,Europe,2011,Transport,Hfcs,3.688
Australia,Oceania,2023,Buildings,Co2,21.193
Indonesia,Asia,2009,Land Use,Ch4,38.187
France,Europe,2000,Manufacturing,Hfcs,1.975
Japan,Asia,2018,Buildings,Ch4,14.831
France,Europe,2021,Waste,Hfcs,0.1
Brazil,South America,2010,Agriculture,N2O,81.466
United States,North America,2014,Buildings,Co2,123.526
Australia,Oceania,2019,Transport,Sf6,0.936
India,Asia,2019,Energy,Ch4,123.526
South Africa,Africa,2023,Manufacturing,Co2,51.537
France,Europe,2015,Waste,Co2,2.069
South Africa,Africa,2006,Buildings,Sf6,0.197
Brazil,South America,2013,Land Use,Hfcs,9.614
United States,North America,2005,Land Use,Ch4,23.124
Japan,Asia,2012,Agriculture,Hfcs,1.534
United States,North America,2014,Buildings,N2O,68.492
France,Europe,2023,Agriculture,Hfcs,2.083
France,Europe,2023,Industrial Processes,Ch4,0.136
Canada,North America,2008,Manufacturing,Ch4,7.554
India,Asia,2015,Manufacturing,Sf6,55.044
China,Asia,2023,Land Use,Hfcs,42.05
Canada,North America,2013,Energy,Ch4,52.38
Canada,North America,2000,Agriculture,Ch4,39.426
Japan,Asia,2001,Transport,Ch4,12.705
Canada,North America,2002,Energy,Ch4,48.738
Australia,Oceania,2007,Energy,Sf6,3.834
Japan,Asia,2013,Agriculture,Sf6,0.441
Canada,North America,2015,Agriculture,Co2,6.64
Australia,Oceania,2017,Waste,Hfcs,0.212
Germany,Europe,2022,Transport,Sf6,0.971
France,Europe,2023,Transport,Ch4,4.045
Brazil,South America,2019,Buildings,Ch4,1.647
France,Europe,2015,Agriculture,Sf6,0.616
Japan,Asia,2012,Waste,Co2,6.264
Japan,Asia,2009,Energy,Ch4,82.926
South Korea,Asia,2004,Buildings,Co2,38.448
India,Asia,2005,Industrial Processes,Ch4,3.919
United States,North America,2002,Buildings,N2O,79.729
France,Europe,2006,Transport,Hfcs,4.719
United States,North America,2005,Transport,N2O,123.526
France,Europe,2021,Agriculture,Sf6,0.53
Russia,Europe,2018,Industrial Processes,Ch4,1.011
Canada,North America,2023,Agriculture,Ch4,34.685
Japan,Asia,2019,Waste,Hfcs,0.306
France,Europe,2014,Agriculture,Co2,6.121
Canada,North America,2011,Land Use,N2O,4.972
Germany,Europe,2016,Agriculture,Ch4,29.556
Canada,North America,2013,Waste,Ch4,16.032
France,Europe,2019,Agriculture,N2O,17.054
Japan,Asia,2004,Buildings,Co2,73.845
South Korea,Asia,2016,Manufacturing,Co2,123.526
Canada,North America,2000,Land Use,N2O,5.086
Indonesia,Asia,2006,Transport,Sf6,1.028
Japan,Asia,2003,Waste,Ch4,21.242
India,Asia,2021,Buildings,N2O,72.661
China,Asia,2017,Industrial Processes,N2O,62.785
United Kingdom,Europe,2010,Agriculture,Ch4,19.918
India,Asia,2014,Buildings,N2O,51.589
Germany,Europe,2013,Energy,Co2,120.092
Germany,Europe,2008,Agriculture,Ch4,36.317
South Korea,Asia,2010,Energy,N2O,12.597
South Africa,Africa,2018,Industrial Processes,Hfcs,1.36
China,Asia,2009,Industrial Processes,Co2,123.526
Canada,North America,2011,Waste,Ch4,17.287
South Africa,Africa,2021,Transport,Co2,54.827
Germany,Europe,2016,Agriculture,N2O,15.803
United States,North America,2010,Transport,Co2,123.526
South Africa,Africa,2010,Buildings,Co2,11.74
Australia,Oceania,2003,Waste,N2O,3.756
Indonesia,Asia,2015,Buildings,Sf6,0.115
South Africa,Africa,2003,Buildings,Sf6,0.189
Brazil,South America,2003,Industrial Processes,N2O,0.946
Japan,Asia,2004,Transport,Hfcs,9.816
Russia,Europe,2000,Land Use,Sf6,0.382
United Kingdom,Europe,2022,Industrial Processes,Hfcs,0.669
Japan,Asia,2021,Energy,Sf6,7.868
Russia,Europe,2022,Transport,Ch4,13.306
Russia,Europe,2014,Energy,Co2,123.526
Indonesia,Asia,2013,Energy,Hfcs,11.493
Indonesia,Asia,2020,Energy,Sf6,8.126
Canada,North America,2015,Industrial Processes,N2O,1.491
Canada,North America,2002,Transport,Ch4,9.637
United Kingdom,Europe,2006,Industrial Processes,Sf6,0.482
India,Asia,2005,Buildings,Hfcs,50.821
Japan,Asia,2007,Buildings,Sf6,1.07
Japan,Asia,2006,Land Use,Hfcs,0.1
United States,North America,2015,Agriculture,Ch4,123.526
Germany,Europe,2005,Industrial Processes,Sf6,2.074
United States,North America,2004,Energy,N2O,97.56
India,Asia,2021,Waste,Ch4,123.526
Russia,Europe,2002,Transport,N2O,28.109
India,Asia,2014,Buildings,Sf6,4.855
Brazil,South America,2005,Waste,Hfcs,0.385
Indonesia,Asia,2003,Manufacturing,N2O,7.442
Australia,Oceania,2005,Waste,N2O,3.674
France,Europe,2011,Energy,Co2,58.086
Canada,North America,2011,Energy,Sf6,5.136
Indonesia,Asia,2000,Buildings,Co2,5.056
China,Asia,2018,Transport,Hfcs,115.746
Canada,North America,2021,,N2O,7.128
Canada,North America,2020,Buildings,Hfcs,11.43
China,Asia,2010,Agriculture,N2O,123.526
France,Europe,2019,Manufacturing,Hfcs,1.573
United Kingdom,Europe,2002,Waste,Hfcs,0.125
Japan,Asia,2023,Waste,Co2,5.622
Canada,North America,2023,Waste,Hfcs,0.283
China,Asia,2020,Waste,Co2,123.526
Russia,Europe,2009,Waste,N2O,9.977
Germany,Europe,2003,Agriculture,Sf6,0.653
Australia,Oceania,2004,Transport,Hfcs,3.362
South Korea,Asia,2015,Waste,Ch4,13.876
China,Asia,2010,Manufacturing,N2O,123.526
France,Europe,2017,Buildings,Ch4,8.064
United Kingdom,Europe,2005,Manufacturing,N2O,5.516
Canada,North America,2000,Waste,Hfcs,0.324
Australia,Oceania,2008,Transport,N2O,9.491
Indonesia,Asia,2021,Manufacturing,N2O,11.563
France,Europe,2013,Transport,Hfcs,3.948
South Africa,Africa,2014,Industrial Processes,Co2,2.416
India,Asia,2004,Energy,N2O,55.904
Australia,Oceania,2007,Waste,Co2,4.293
France,Europe,2004,Manufacturing,Hfcs,1.867
Indonesia,Asia,2016,Energy,Ch4,84.837
Russia,Europe,2012,Agriculture,Hfcs,7.917
Japan,Asia,2023,Transport,Ch4,8.65
Germany,Europe,2006,Waste,N2O,4.735
France,Europe,2001,Industrial Processes,Ch4,0.204
Germany,Europe,2013,Buildings,Co2,48.057
South Korea,Asia,2001,Energy,Hfcs,7.203
United States,North America,2002,Waste,Ch4,101.427
Germany,Europe,2001,Land Use,Hfcs,0.338
South Africa,Africa,2000,Industrial Processes,Sf6,0.762
Japan,Asia,2018,Manufacturing,Ch4,20.039
South Korea,Asia,2008,Energy,,7.128
Japan,Asia,2014,Waste,N2O,5.881
Japan,Asia,2023,Agriculture,N2O,11.181
Indonesia,Asia,2004,Agriculture,Co2,15.334
India,Asia,2020,Manufacturing,Hfcs,123.526
Japan,Asia,2006,Agriculture,N2O,12.72
Germany,Europe,2004,Energy,Co2,123.526
United Kingdom,Europe,2004,Energy,Co2,85.129
India,Asia,2012,Waste,N2O,61.285
Indonesia,Asia,2010,Manufacturing,Hfcs,7.66
Canada,North America,2002,Land Use,Hfcs,0.634
United Kingdom,Europe,2013,Energy,Hfcs,2.815
United States,North America,2018,Transport,N2O,123.526
China,Asia,2021,Agriculture,Ch4,123.526
Indonesia,Asia,2005,Manufacturing,Hfcs,7.489
Brazil,South America,2013,Buildings,Hfcs,1.46
Australia,Oceania,2011,Transport,N2O,9.906
Mexico,North America,2007,Buildings,Sf6,0.466
Brazil,South America,2002,Industrial Processes,Hfcs,2.267
South Korea,Asia,2021,Transport,N2O,12.658
India,Asia,2022,Industrial Processes,Sf6,21.922
France,Europe,2017,Industrial Processes,Sf6,0.482
Germany,Europe,2019,Agriculture,Ch4,25.088
Australia,Oceania,2022,Buildings,Co2,20.844
Australia,Oceania,2014,Transport,N2O,9.532
France,Europe,2011,Transport,Hfcs,4.243
United Kingdom,Europe,2005,Buildings,Hfcs,8.981
India,Asia,2014,Transport,Sf6,7.773
Indonesia,Asia,2010,Energy,N2O,16.77
Canada,North America,2004,Waste,Co2,5.46
Canada,North America,2016,Land Use,Co2,5.67
France,Europe,2022,Energy,Hfcs,2.01
India,Asia,2023,Transport,Sf6,10.565
Brazil,South America,2022,Waste,Co2,8.932
Brazil,South America,2003,Energy,Ch4,33.857
United Kingdom,Europe,2016,Buildings,N2O,5.24
Germany,Europe,2015,Agriculture,N2O,16.802
United Kingdom,Europe,2008,Waste,Sf6,0.109
Canada,North America,2017,Buildings,Ch4,12.774
South Africa,Africa,2004,Energy,Co2,123.526
United Kingdom,Europe,2005,Waste,N2O,2.154
Mexico,North America,2008,Industrial Processes,Hfcs,1.235
Brazil,South America,2018,Energy,Sf6,3.557
India,Asia,2013,Industrial Processes,Sf6,17.195
Brazil,South America,2021,Manufacturing,N2O,7.586
United Kingdom,Europe,2021,Manufacturing,N2O,3.77
France,Europe,2014,Land Use,Ch4,0.663
South Africa,Africa,2001,,Co2,7.128
,Africa,2017,Transport,Sf6,7.128
France,Europe,2017,Agriculture,Ch4,31.598
Mexico,North America,2019,Transport,Co2,114.443
India,Asia,2005,Buildings,Ch4,56.484
Mexico,North America,2020,Manufacturing,Ch4,7.431
France,Europe,2018,Land Use,Co2,1.136
Japan,Asia,2009,Waste,Hfcs,0.325
South Africa,Africa,2016,Industrial Processes,N2O,0.484
Indonesia,Asia,2017,Industrial Processes,N2O,1.295
Indonesia,Asia,2000,Waste,Hfcs,0.539
India,Asia,2020,Buildings,Sf6,5.943
Canada,North America,2013,Agriculture,Hfcs,2.992
Mexico,North America,2020,Energy,Sf6,3.298
Russia,Europe,2015,Waste,Ch4,37.02
United States,North America,2017,Industrial Processes,Sf6,7.823
Germany,Europe,2010,Transport,Sf6,1.405
Russia,Europe,2006,Waste,N2O,10.89
South Korea,Asia,2011,Agriculture,Co2,3.999
United Kingdom,Europe,2022,Transport,Ch4,3.089
Canada,North America,2007,Energy,Sf6,4.948
China,Asia,2014,Buildings,Co2,123.526
United Kingdom,Europe,2001,Buildings,N2O,7.175
Mexico,North America,2012,Land Use,Ch4,3.255
Germany,Europe,2005,Land Use,Co2,2.811
South Africa,Africa,2001,Buildings,Co2,11.07
Russia,Europe,2011,Buildings,Hfcs,17.921
Mexico,North America,2017,Buildings,Sf6,0.512
Canada,North America,2017,Energy,Sf6,4.716
Mexico,North America,2007,Manufacturing,Co2,46.227
Russia,Europe,2019,Land Use,N2O,13.698
China,Asia,2013,Industrial Processes,Sf6,76.371
Japan,Asia,2010,Industrial Processes,N2O,1.091
South Korea,Asia,2003,Transport,Co2,81.53
Mexico,North America,2023,Transport,N2O,15.37
France,Europe,2012,Energy,Ch4,16.719
China,Asia,2012,Land Use,N2O,123.526
,North America,2011,Energy,Ch4,7.128
United States,North America,2003,Energy,Ch4,123.526
United States,North America,2017,Buildings,Sf6,7.093
Australia,Oceania,2014,Energy,Sf6,4.398
India,Asia,2000,Agriculture,Ch4,123.526
South Africa,Africa,2015,Waste,Hfcs,0.271
United States,North America,2004,Land Use,Co2,47.646
India,Asia,2022,Industrial Processes,Hfcs,38.859
Brazil,South America,2004,Waste,Sf6,0.391
South Korea,Asia,2015,Waste,Hfcs,0.241
Australia,Oceania,2007,Agriculture,N2O,23.058
South Africa,Africa,2019,Industrial Processes,Hfcs,1.321
Japan,Asia,2009,Manufacturing,N2O,20.789
Indonesia,Asia,2008,Waste,N2O,8.1
China,Asia,2020,Land Use,Co2,123.526
South Korea,Asia,2015,Land Use,Ch4,1.566
Germany,Europe,2022,Land Use,N2O,1.846
South Africa,Africa,2018,Industrial Processes,Ch4,0.248
South Africa,Africa,2017,Buildings,Co2,12.237
China,Asia,2015,Industrial Processes,Co2,123.526
Germany,Europe,2015,Waste,Co2,4.648
Mexico,North America,2001,Industrial Processes,Ch4,0.249
Canada,North America,2001,Industrial Processes,Sf6,2.248
South Korea,Asia,2007,Waste,N2O,3.866
Canada,North America,2008,Industrial Processes,Sf6,2.244
Canada,North America,2006,Transport,Ch4,9.596
Germany,Europe,2007,Buildings,N2O,9.092
Canada,North America,2007,Waste,N2O,5.618
Australia,Oceania,2013,Buildings,Hfcs,5.171
China,Asia,2021,Industrial Processes,Ch4,36.777
Japan,Asia,2001,Waste,Sf6,0.374
Japan,Asia,2012,Industrial Processes,Co2,4.636
Japan,Asia,2010,Buildings,N2O,10.07
China,Asia,2000,Energy,Sf6,97.358
Russia,Europe,2004,Agriculture,Ch4,108.419
Japan,Asia,2022,Agriculture,Ch4,19.13
Russia,Europe,2006,Energy,Sf6,18.337
France,Europe,2007,Agriculture,N2O,20.374
India,Asia,2014,Agriculture,Ch4,123.526
Mexico,North America,2022,Transport,Co2,116.936
Germany,Europe,2000,Agriculture,Sf6,0.739
Mexico,North America,2016,Transport,Co2,99.806
Germany,Europe,2023,Manufacturing,N2O,9.744
United Kingdom,Europe,2007,Waste,N2O,1.873
Canada,North America,2019,Waste,Sf6,0.292
Brazil,South America,2017,Manufacturing,N2O,7.105
Brazil,South America,2013,Agriculture,Hfcs,11.633
United States,North America,2004,Waste,Hfcs,1.826
France,Europe,2022,Agriculture,Hfcs,1.995
China,Asia,2014,Agriculture,Sf6,18.321
Russia,Europe,2022,Transport,Sf6,2.46
Indonesia,Asia,2010,Transport,Hfcs,4.889
Germany,Europe,2007,Waste,Ch4,15.61
China,Asia,2021,Agriculture,Hfcs,100.834
United Kingdom,Europe,2014,Agriculture,Sf6,0.3
France,Europe,2010,Transport,Ch4,4.959
Brazil,South America,2003,Industrial Processes,Sf6,1.402
Mexico,North America,2016,Energy,Ch4,31.303
Mexico,North America,2023,Energy,Hfcs,5.405
Australia,Oceania,2017,Industrial Processes,Hfcs,2.733
Brazil,South America,2021,Agriculture,Sf6,3.108
Brazil,South America,2006,Energy,N2O,9.003
Australia,Oceania,2013,Energy,Hfcs,6.028
France,Europe,2008,Agriculture,Hfcs,2.557
Germany,Europe,2016,Manufacturing,Co2,76.601
South Korea,Asia,2012,Agriculture,Hfcs,1.504
Brazil,South America,2022,Manufacturing,Co2,48.156
Indonesia,Asia,2012,Industrial Processes,Sf6,1.538
India,Asia,2011,Transport,Hfcs,27.897
Indonesia,Asia,2019,Waste,N2O,12.355
Germany,Europe,2023,Buildings,Co2,39.308
Indonesia,Asia,2020,Energy,Hfcs,12.98
South Korea,Asia,2007,Land Use,N2O,2.434
Russia,Europe,2001,Land Use,Co2,16.788
Japan,Asia,2020,Waste,Co2,5.549
Canada,North America,2006,Agriculture,Ch4,40.679
Australia,Oceania,2001,Industrial Processes,Ch4,0.503
France,Europe,2002,Transport,N2O,12.826
Mexico,North America,2018,Transport,Hfcs,5.202
United States,North America,2022,Energy,Ch4,123.526
,South America,2005,Waste,Ch4,7.128
China,Asia,2013,Manufacturing,N2O,123.526
India,Asia,2022,Transport,Ch4,54.372
Brazil,South America,2001,Energy,Ch4,30.57
Japan,Asia,2019,Industrial Processes,Ch4,0.466
Canada,North America,2012,Transport,Ch4,8.479
Canada,North America,2015,Buildings,Hfcs,11.667
Mexico,North America,2001,Agriculture,Hfcs,2.634
Canada,North America,2021,Energy,Co2,123.526
South Korea,Asia,2010,Manufacturing,Ch4,19.713
France,Europe,2020,Transport,N2O,8.776
China,Asia,2019,Buildings,Sf6,15.996
Indonesia,Asia,2018,Transport,Sf6,1.61
United States,North America,2011,Transport,Sf6,15.928
France,Europe,2004,Transport,Sf6,1.197
China,Asia,2003,Land Use,Sf6,4.849
South Korea,Asia,2003,Transport,Ch4,5.628
Russia,Europe,2003,Transport,Sf6,2.576
United States,North America,2018,Transport,Ch4,74.841
France,Europe,2013,Agriculture,Hfcs,2.324
Germany,Europe,2004,Agriculture,Sf6,0.679
Canada,North America,2018,Manufacturing,Co2,48.1
Mexico,North America,2010,Land Use,Hfcs,0.597
Germany,Europe,2000,Buildings,Hfcs,15.066
India,Asia,2020,Agriculture,Hfcs,55.609
United States,North America,2023,Manufacturing,Co2,123.526
Japan,Asia,2016,Energy,N2O,18.625
China,Asia,2014,Transport,Sf6,25.344
Brazil,South America,2023,Waste,Sf6,0.46
Brazil,South America,2002,Agriculture,Sf6,2.702
United States,North America,2021,Manufacturing,Ch4,58.648
United Kingdom,Europe,2016,Manufacturing,N2O,4.203
South Korea,Asia,2015,Industrial Processes,Sf6,2.436
Russia,Europe,2012,Land Use,Sf6,0.411
Russia,Europe,2011,Transport,N2O,27.168
United Kingdom,Europe,2019,Manufacturing,Sf6,2.033
Brazil,South America,2008,Buildings,N2O,0.931
Russia,Europe,2002,Manufacturing,Co2,123.526
United States,North America,2000,Buildings,Co2,123.526
United Kingdom,Europe,2022,Agriculture,N2O,7.407
China,Asia,2004,Land Use,Co2,123.526
Australia,Oceania,2017,Agriculture,Ch4,47.456
Japan,Asia,2007,Transport,Hfcs,8.93
China,Asia,2017,Manufacturing,Sf6,123.526
South Africa,Africa,2018,Industrial Processes,N2O,0.547
China,Asia,2015,Transport,Ch4,123.526
Indonesia,Asia,2023,Waste,Hfcs,0.712
China,Asia,2007,Buildings,Ch4,123.526
Russia,Europe,2013,Buildings,Co2,84.199
South Africa,Africa,2020,Manufacturing,Hfcs,6.52
United States,North America,2002,Buildings,Co2,123.526
South Africa,Africa,2015,Manufacturing,Ch4,7.233
France,Europe,2004,Industrial Processes,N2O,0.406
Russia,Europe,2014,Energy,Sf6,18.587
United States,North America,2002,Waste,Sf6,1.704
France,Europe,2003,Industrial Processes,Ch4,0.192
India,Asia,2007,Transport,Co2,123.526
Australia,Oceania,2019,Industrial Processes,Co2,4.522
Canada,North America,2015,Manufacturing,Sf6,3.497
South Korea,Asia,2013,Transport,Hfcs,4.891
Canada,North America,2023,Industrial Processes,Sf6,1.862
France,Europe,2018,Land Use,N2O,1.054
South Africa,Africa,2001,Buildings,Hfcs,2.51
Germany,Europe,2020,Energy,N2O,7.878
South Korea,Asia,2000,Energy,Hfcs,6.806
Mexico,North America,2011,Waste,Ch4,16.137
Australia,Oceania,2009,Transport,N2O,8.721
South Korea,Asia,2007,Industrial Processes,Ch4,0.688
France,Europe,2017,Manufacturing,Sf6,0.743
Mexico,North America,2006,Buildings,Co2,28.671
Japan,Asia,2020,Energy,Co2,123.526
Australia,Oceania,2012,Land Use,Ch4,3.071
Canada,North America,2007,Buildings,N2O,9.329
Japan,Asia,2002,Agriculture,Hfcs,1.796
China,Asia,2005,Waste,Co2,116.682
Russia,Europe,2011,Land Use,Sf6,0.368
Brazil,South America,2003,Manufacturing,Co2,40.235
France,Europe,2002,Industrial Processes,N2O,0.412
Australia,Oceania,2002,Land Use,Sf6,0.162
Russia,Europe,2013,Industrial Processes,Ch4,0.92
United States,North America,2018,Agriculture,Hfcs,17.006
Canada,North America,2004,Agriculture,Hfcs,2.886
United States,North America,2002,Transport,Co2,123.526
Russia,Europe,2014,Transport,Ch4,14.077
Mexico,North America,2006,Industrial Processes,N2O,0.54
South Korea,Asia,2009,Agriculture,Co2,3.285
Australia,Oceania,2012,Waste,Ch4,12.006
France,Europe,2009,Transport,N2O,9.929
France,Europe,2018,Manufacturing,Ch4,1.504
Germany,Europe,2022,Manufacturing,Co2,62.618
Germany,Europe,2016,Manufacturing,Ch4,11.559
United States,North America,2006,Manufacturing,Hfcs,69.462
South Africa,Africa,2000,Transport,Ch4,2.828
South Africa,Africa,2006,Buildings,Hfcs,2.769
Brazil,South America,2006,Manufacturing,Co2,44.697
United Kingdom,Europe,2002,Industrial Processes,Sf6,0.664
Germany,Europe,2003,Waste,N2O,5.378
Japan,Asia,2002,Land Use,Ch4,0.1
Australia,Oceania,2021,Agriculture,N2O,25.399
Germany,Europe,2016,Agriculture,Hfcs,2.183
Canada,North America,2005,Buildings,Sf6,0.887
Japan,Asia,2022,Manufacturing,Sf6,9.785
South Korea,Asia,2016,Land Use,N2O,3.05
Indonesia,Asia,2018,Manufacturing,Sf6,5.249
South Africa,Africa,2013,Land Use,N2O,3.563
China,Asia,2023,Industrial Processes,Ch4,37.083
Indonesia,Asia,2011,Buildings,Hfcs,1.377
France,Europe,2021,Waste,Ch4,5.026
India,Asia,2023,Waste,Sf6,4.524
Indonesia,Asia,2011,Transport,Sf6,1.31
Germany,Europe,2014,Land Use,Hfcs,0.257
Japan,Asia,2004,Agriculture,Hfcs,1.89
Russia,Europe,2002,Energy,Ch4,123.526
South Africa,Africa,2018,Agriculture,N2O,22.664
India,Asia,2007,Energy,Co2,123.526
China,Asia,2002,Manufacturing,Hfcs,123.526
South Africa,Africa,2022,Agriculture,Co2,7.065
India,Asia,2015,Industrial Processes,N2O,11.351
France,Europe,2020,Manufacturing,Co2,8.757
South Korea,Asia,2019,Transport,Co2,113.743
Indonesia,Asia,2014,Industrial Processes,Co2,4.742
Germany,Europe,2008,Industrial Processes,Sf6,2.08
United Kingdom,Europe,2000,Industrial Processes,N2O,0.415
Japan,Asia,2018,Manufacturing,Sf6,10.566
United States,North America,2017,Transport,Hfcs,59.202
Mexico,North America,2009,Land Use,Sf6,0.159
Mexico,North America,2010,Industrial Processes,Co2,2.386
Indonesia,Asia,2016,Buildings,Hfcs,1.64
United Kingdom,Europe,2007,Transport,Hfcs,3.722
France,Europe,2020,Buildings,Hfcs,7.051
Brazil,South America,2010,Industrial Processes,N2O,1.028
Brazil,South America,2013,Manufacturing,Co2,48.19
Germany,Europe,2016,Manufacturing,Sf6,5.715
United States,North America,2004,Land Use,Sf6,1.175
India,Asia,2008,Manufacturing,Co2,123.526
United Kingdom,Europe,2006,Land Use,Sf6,0.1
Russia,Europe,2007,Agriculture,Co2,20.07
Canada,North America,2017,Energy,Co2,123.526
United Kingdom,Europe,2016,Transport,Hfcs,3.363
Canada,North America,2010,Industrial Processes,Hfcs,3.461
Indonesia,Asia,2019,Energy,N2O,21.357
South Africa,Africa,2022,Land Use,Co2,4.031
Russia,Europe,2005,Waste,Hfcs,0.6
Germany,Europe,2017,Waste,Hfcs,0.233
Indonesia,Asia,2009,Industrial Processes,Co2,4.557
Japan,Asia,2015,Buildings,Hfcs,13.818
India,Asia,2003,Transport,Sf6,5.069
Mexico,North America,2017,Transport,Hfcs,5.511
Indonesia,Asia,2007,Industrial Processes,Co2,4.005
Australia,Oceania,2014,Transport,Hfcs,3.875
Australia,Oceania,2004,Manufacturing,Co2,33.858
South Africa,Africa,2020,Agriculture,Co2,6.46
South Africa,Africa,2015,Industrial Processes,Co2,2.377
China,Asia,2006,Buildings,N2O,95.396
South Africa,Africa,2012,Energy,N2O,11.734
Indonesia,Asia,2001,Energy,Ch4,55.138
Germany,Europe,2005,Buildings,Ch4,14.482
Japan,Asia,2018,Agriculture,Sf6,0.365
Brazil,South America,2021,Manufacturing,Ch4,7.373
South Korea,Asia,2011,Energy,Co2,123.526
South Korea,Asia,2011,Industrial Processes,Co2,6.54
United States,North America,2021,Energy,N2O,78.945
Germany,Europe,2022,Manufacturing,Ch4,10.279
India,Asia,2011,Waste,Co2,62.125
Brazil,South America,2023,Agriculture,Sf6,3.275
Japan,Asia,2023,Industrial Processes,Sf6,1.322
India,Asia,2000,Industrial Processes,Sf6,10.98
Russia,Europe,2002,Manufacturing,Ch4,37.725
Australia,Oceania,2001,Energy,Co2,123.526
United States,North America,2022,Energy,Hfcs,47.008
United States,North America,2019,Agriculture,Sf6,4.198
Russia,Europe,2000,Land Use,Ch4,7.362
France,Europe,2021,Agriculture,Ch4,29.136
South Korea,Asia,2016,Manufacturing,Hfcs,22.957
South Africa,Africa,2009,Buildings,N2O,2.031
India,Asia,2001,Waste,Ch4,123.526
Australia,Oceania,2023,Energy,Ch4,39.015
Brazil,South America,2019,Waste,Ch4,25.368
,North America,2009,Manufacturing,Hfcs,7.128
India,Asia,2022,Agriculture,Ch4,123.526
China,Asia,2016,Manufacturing,Sf6,123.526
United Kingdom,Europe,2009,Waste,Ch4,5.893
India,Asia,2014,Land Use,Ch4,36.078
Indonesia,Asia,2001,Waste,Sf6,0.422
Germany,Europe,2011,Energy,N2O,9.161
Australia,Oceania,2017,Manufacturing,Sf6,2.57
France,Europe,2022,Buildings,Sf6,0.521
Australia,Oceania,2004,Energy,Co2,123.526
Brazil,South America,2013,Transport,N2O,13.823
Indonesia,Asia,2006,Agriculture,Sf6,1.8
India,Asia,2000,Agriculture,Co2,70.896
Canada,North America,2010,Transport,Co2,123.526
China,Asia,2004,Industrial Processes,N2O,37.326
South Korea,Asia,2002,Manufacturing,N2O,19.66
Russia,Europe,2001,Agriculture,Ch4,112.495
South Korea,Asia,2008,Energy,Sf6,5.182
India,Asia,2010,Transport,N2O,63.607
Germany,Europe,2013,Waste,Sf6,0.228
Australia,Oceania,2007,Industrial Processes,Hfcs,2.58
Mexico,North America,2005,Transport,Hfcs,4.985
Germany,Europe,2009,Manufacturing,Hfcs,12.919
France,Europe,2022,Transport,N2O,8.334
China,Asia,2005,Energy,N2O,123.526
Russia,Europe,2015,Land Use,,7.128
Japan,Asia,2003,Agriculture,Ch4,24.818
Japan,Asia,2018,Manufacturing,Co2,123.526
United Kingdom,Europe,2008,Transport,Co2,71.447
Brazil,South America,2000,Land Use,Ch4,46.173
France,Europe,2010,Transport,Sf6,0.999
United States,North America,2018,Waste,N2O,25.81
Japan,Asia,2009,Agriculture,N2O,11.212
Japan,Asia,2011,Transport,Sf6,2.093
South Africa,Africa,2012,Waste,Sf6,0.271
Indonesia,Asia,2003,Waste,Ch4,26.153
Brazil,South America,2019,Transport,Hfcs,5.738
South Africa,Africa,2022,Transport,N2O,6.296
Brazil,South America,2002,Manufacturing,Co2,43.354
South Korea,Asia,2012,Energy,Sf6,5.332
China,Asia,2021,Agriculture,Sf6,22.581
South Africa,Africa,2010,Industrial Processes,N2O,0.492
Germany,Europe,2022,Manufacturing,N2O,10.011
Indonesia,Asia,2019,Transport,Sf6,1.251
United Kingdom,Europe,2018,Land Use,N2O,0.936
China,Asia,2017,Manufacturing,Hfcs,123.526
France,Europe,2019,,Sf6,7.128
France,Europe,2015,Land Use,Ch4,0.604
Russia,Europe,2020,Manufacturing,Ch4,33.855
United States,North America,2016,Industrial Processes,Ch4,2.513
Canada,North America,2014,Energy,Co2,123.526
Canada,North America,2020,Land Use,Sf6,0.138
Indonesia,Asia,2003,Transport,Sf6,1.086
Russia,Europe,2017,Buildings,Ch4,21.034
United States,North America,2008,Agriculture,Ch4,123.526
Mexico,North America,2009,Agriculture,Ch4,37.455
Brazil,South America,2020,Waste,Co2,7.74
South Africa,Africa,2009,Transport,Hfcs,2.19
United States,North America,2022,Agriculture,Hfcs,18.275
Japan,Asia,2010,Land Use,N2O,0.1
Russia,Europe,2022,Energy,Hfcs,24.416
Russia,Europe,2010,Buildings,Sf6,1.298
United States,North America,2013,Manufacturing,Co2,123.526
South Africa,Africa,2011,Industrial Processes,Sf6,0.754
Indonesia,Asia,2010,Manufacturing,Co2,50.573
Indonesia,Asia,2002,Industrial Processes,N2O,0.857
South Korea,Asia,2007,Land Use,Sf6,0.1
India,Asia,2001,Industrial Processes,Hfcs,16.829
China,Asia,2016,,Hfcs,7.128
Mexico,North America,2012,Agriculture,Ch4,44.488
South Africa,Africa,2002,Waste,Co2,4.987
Russia,Europe,2021,Waste,Hfcs,0.577
Germany,Europe,2014,Agriculture,Hfcs,2.22
Mexico,North America,2011,Manufacturing,Ch4,7.567
Japan,Asia,2018,Agriculture,Co2,3.891
Japan,Asia,2019,Manufacturing,Co2,123.526
Australia,Oceania,2006,Buildings,Ch4,5.664
Canada,North America,2020,Transport,Ch4,7.995
Australia,Oceania,2020,Land Use,Sf6,0.155
Brazil,South America,2002,Buildings,Sf6,0.1
Mexico,North America,2019,Buildings,Co2,32.551
France,Europe,2007,Waste,N2O,2.078
Canada,North America,2001,Manufacturing,Ch4,7.745
Indonesia,Asia,2017,Buildings,Ch4,1.701
United States,North America,2008,Waste,Ch4,103.07
South Africa,Africa,2006,Transport,Hfcs,2.295
South Africa,Africa,2006,Manufacturing,Ch4,7.419
Canada,North America,2016,Land Use,N2O,5.086
United Kingdom,Europe,2020,Waste,Sf6,0.1
France,Europe,2023,Agriculture,Sf6,0.502
Japan,Asia,2019,Land Use,N2O,0.1
United Kingdom,Europe,2015,Land Use,Co2,1.234
United Kingdom,Europe,2003,Energy,Ch4,23.216
United States,North America,2017,Buildings,Hfcs,92.005
Japan,Asia,2016,Agriculture,Co2,3.824
Russia,Europe,2018,Waste,N2O,10.838
South Africa,Africa,2012,Agriculture,Ch4,41.715
Mexico,North America,2021,Manufacturing,Sf6,4.208
Mexico,North America,2015,Energy,Hfcs,5.177
India,Asia,2019,Agriculture,Hfcs,53.521
France,Europe,2017,Agriculture,N2O,17.713
United Kingdom,Europe,2004,Waste,Sf6,0.113
France,Europe,2009,Energy,Ch4,16.337
France,Europe,2006,Manufacturing,N2O,1.944
Brazil,South America,2003,Industrial Processes,Co2,3.872
Russia,Europe,2006,Industrial Processes,N2O,1.827
France,Europe,2023,Waste,Ch4,5.284
United Kingdom,Europe,2007,Land Use,Sf6,0.1
Brazil,South America,2022,Waste,Hfcs,0.405
United States,North America,2002,Manufacturing,Sf6,36.003
Germany,Europe,2019,,Ch4,7.128
Russia,Europe,2009,Energy,N2O,41.441
United States,North America,2017,Industrial Processes,Hfcs,11.984
Canada,North America,2004,Agriculture,N2O,23.571
Brazil,South America,2015,Agriculture,Sf6,2.901
Canada,North America,2021,Agriculture,Sf6,0.647
United States,North America,2019,Industrial Processes,N2O,4.947
Brazil,South America,2006,Manufacturing,Sf6,3.087
Indonesia,Asia,2021,Buildings,Hfcs,1.953
Japan,Asia,2007,Industrial Processes,Ch4,0.547
Australia,Oceania,2002,Industrial Processes,Co2,4.774
Canada,North America,2017,Transport,Hfcs,6.53
India,Asia,2021,Land Use,Co2,93.003
China,Asia,2021,Buildings,Hfcs,123.526
South Korea,Asia,2004,Manufacturing,Hfcs,18.193
United States,North America,2013,Energy,Sf6,32.751
Canada,North America,2007,Industrial Processes,Co2,6.868
South Korea,Asia,2001,Energy,Ch4,49.366
,South America,2005,Manufacturing,N2O,7.128
Japan,Asia,2008,Agriculture,Sf6,0.468
China,Asia,2005,Transport,Ch4,85.431
Germany,Europe,2016,Transport,Hfcs,4.84
Canada,North America,2005,Manufacturing,Hfcs,7.312
Australia,Oceania,2010,Buildings,,7.128
Mexico,North America,2005,Transport,Co2,103.392
Canada,North America,2004,Land Use,Co2,5.802
China,Asia,2012,Buildings,N2O,123.526
Canada,North America,2016,Waste,Co2,5.383
United States,North America,2001,Waste,Hfcs,1.73
Germany,Europe,2000,Energy,Co2,123.526
France,Europe,2008,Energy,N2O,4.28
South Africa,Africa,2008,Agriculture,Hfcs,2.933
South Korea,Asia,2010,Land Use,Co2,3.017
Japan,Asia,2006,Manufacturing,Ch4,24.311
United Kingdom,Europe,2004,Energy,N2O,6.122
South Korea,Asia,2011,Land Use,Sf6,0.1
France,Europe,2010,Transport,Co2,79.564
South Africa,Africa,2018,Buildings,Hfcs,2.869
India,Asia,2020,Agriculture,Ch4,123.526
Australia,Oceania,2008,Industrial Processes,Ch4,0.481
South Africa,Africa,2014,Industrial Processes,Sf6,0.727
Indonesia,Asia,2007,Industrial Processes,N2O,0.993
India,Asia,2013,Agriculture,Sf6,11.089
Mexico,North America,2007,Land Use,Co2,6.371
Canada,North America,2012,Manufacturing,Co2,46.724
Russia,Europe,2005,Buildings,Sf6,1.326
Mexico,North America,2014,Waste,N2O,5.014
South Africa,Africa,2017,Land Use,Ch4,2.215
South Korea,Asia,2017,Land Use,N2O,3.146
Brazil,South America,2012,Industrial Processes,Hfcs,2.612
Russia,Europe,2005,Manufacturing,Sf6,17.543
Brazil,South America,2010,Buildings,Sf6,0.1
United Kingdom,Europe,2021,Land Use,Co2,1.113
Russia,Europe,2017,Energy,Ch4,123.526
Brazil,South America,2003,Agriculture,N2O,82.858
Mexico,North America,2004,Waste,Ch4,15.79
Mexico,North America,2005,Waste,Ch4,14.362
South Africa,Africa,2013,Waste,Ch4,14.159
China,Asia,2009,Land Use,Ch4,105.537
Canada,North America,2000,Manufacturing,Ch4,8.033
Japan,Asia,2020,Manufacturing,Hfcs,19.441
Japan,Asia,2011,Manufacturing,Hfcs,22.811
United Kingdom,Europe,2002,Transport,N2O,10.763
India,Asia,2019,Manufacturing,Co2,123.526
India,Asia,2002,Waste,N2O,43.611
South Africa,Africa,2000,Energy,Co2,123.526
Japan,Asia,2016,Buildings,Hfcs,13.443
India,Asia,2016,Transport,Hfcs,35.636
South Korea,Asia,2008,Transport,Ch4,6.098
China,Asia,2001,Buildings,Sf6,8.028
Indonesia,Asia,2013,Industrial Processes,Ch4,0.524
India,Asia,2003,Buildings,N2O,36.637
Japan,Asia,2011,Industrial Processes,Ch4,0.497
Canada,North America,2012,Transport,Hfcs,6.93
Australia,Oceania,2001,Energy,Sf6,3.903
South Korea,Asia,2022,Agriculture,Ch4,24.357
Brazil,South America,2014,Agriculture,Ch4,123.526
Japan,Asia,2001,Manufacturing,Sf6,13.85
Indonesia,Asia,2016,Waste,Co2,12.283
Japan,Asia,2002,Transport,N2O,24.117
Australia,Oceania,2015,Waste,Hfcs,0.194
China,Asia,2021,Industrial Processes,Hfcs,123.526
South Korea,Asia,2021,Transport,Sf6,1.511
South Korea,Asia,2005,Industrial Processes,Ch4,0.72
Canada,North America,2003,Buildings,Hfcs,11.573
South Korea,Asia,2005,Agriculture,N2O,11.01
Brazil,South America,2016,Industrial Processes,Sf6,1.541
South Korea,Asia,2004,Waste,Sf6,0.191
United States,North America,2001,Manufacturing,Ch4,67.637
Australia,Oceania,2020,Waste,N2O,3.713
Indonesia,Asia,2011,Land Use,Co2,78.605
Canada,North America,2022,Waste,Sf6,0.279
Mexico,North America,2006,Buildings,Hfcs,6.098
Indonesia,Asia,2000,Agriculture,Sf6,1.415
Mexico,North America,2015,Buildings,Hfcs,7.33
United States,North America,2000,Industrial Processes,Co2,25.236
United Kingdom,Europe,2014,Agriculture,Hfcs,1.211
Germany,Europe,2011,Manufacturing,N2O,12.097
China,Asia,2004,Energy,Ch4,123.526
Japan,Asia,2021,Industrial Processes,Co2,4.033
Canada,North America,2003,Land Use,Hfcs,0.548
Mexico,North America,2012,Land Use,Co2,6.915
United Kingdom,Europe,2002,Agriculture,N2O,12.614
South Korea,Asia,2007,Waste,Sf6,0.228
Germany,Europe,2000,Energy,Hfcs,7.094
Mexico,North America,2023,Manufacturing,N2O,9.07
France,Europe,2006,Transport,Co2,84.441
Indonesia,Asia,2003,Agriculture,Hfcs,5.88
United States,North America,2001,Buildings,Ch4,112.074
Russia,Europe,2004,Land Use,Hfcs,1.523
Canada,North America,2020,Industrial Processes,Co2,5.633
Germany,Europe,2002,Buildings,Hfcs,14.802
United States,North America,2015,Waste,Co2,29.161
United Kingdom,Europe,2013,Waste,N2O,1.754
Russia,Europe,2006,Land Use,N2O,14.202
South Korea,Asia,2013,Waste,Ch4,13.879
Indonesia,Asia,2017,Transport,Ch4,7.769
China,Asia,2019,Manufacturing,Co2,123.526
France,Europe,2004,Waste,Hfcs,0.116
United Kingdom,Europe,2001,Land Use,Co2,1.742
Canada,North America,2009,Manufacturing,Sf6,3.58
Japan,Asia,2017,Transport,Ch4,9.344
,South America,2011,Industrial Processes,Co2,7.128
Australia,Oceania,2022,Industrial Processes,Co2,4.948
Canada,North America,2008,Energy,Ch4,49.587
India,Asia,2017,Agriculture,N2O,123.526
Canada,North America,2019,Land Use,Hfcs,0.512
France,Europe,2011,Manufacturing,Ch4,1.767
United Kingdom,Europe,2015,Land Use,Hfcs,0.123
South Korea,Asia,2018,Land Use,Hfcs,0.36
United Kingdom,Europe,2016,Agriculture,Hfcs,1.182
United Kingdom,Europe,2023,Industrial Processes,Co2,1.133
Australia,Oceania,2003,Land Use,N2O,4.978
France,Europe,2001,Waste,N2O,2.236
Japan,Asia,2014,Land Use,Hfcs,0.1
France,Europe,2013,Energy,Co2,60.143
South Africa,Africa,2022,Industrial Processes,Ch4,0.289
Australia,Oceania,2004,Industrial Processes,Hfcs,2.689
Germany,Europe,2001,Agriculture,Co2,7.341
Russia,Europe,2016,Industrial Processes,Ch4,0.919
France,Europe,2020,Land Use,Sf6,0.1
United States,North America,2014,Transport,Hfcs,61.21
United States,North America,2007,Waste,N2O,30.102
South Korea,Asia,2001,Agriculture,Sf6,0.308
United States,North America,2023,Manufacturing,Sf6,29.867
Germany,Europe,2020,Manufacturing,Hfcs,9.44
Russia,Europe,2003,Transport,Co2,123.526
India,Asia,2020,Agriculture,Sf6,13.871
China,Asia,2004,Waste,Sf6,5.608
United Kingdom,Europe,2009,Industrial Processes,Hfcs,0.828
Australia,Oceania,2013,Transport,N2O,8.752
India,Asia,2020,Waste,N2O,65.998
India,Asia,2003,Transport,N2O,56.134
South Korea,Asia,2004,Transport,Sf6,1.018
India,Asia,2015,Industrial Processes,Hfcs,27.334
Australia,Oceania,2015,Land Use,Sf6,0.16
Australia,Oceania,2000,Waste,Ch4,12.397
France,Europe,2013,Manufacturing,Ch4,1.711
Mexico,North America,2013,Industrial Processes,Co2,2.527
Brazil,South America,2015,Industrial Processes,Ch4,0.507
Indonesia,Asia,2019,Waste,Sf6,0.662
Russia,Europe,2012,Waste,Co2,12.277
Germany,Europe,2017,Industrial Processes,Co2,5.16
United States,North America,2005,Buildings,Sf6,6.946
Brazil,South America,2016,Buildings,Co2,6.614
Japan,Asia,2006,Agriculture,Ch4,25.754
Japan,Asia,2012,Land Use,Ch4,0.1
India,Asia,2012,Land Use,Hfcs,6.132
Canada,North America,2005,Waste,Sf6,0.27
South Africa,Africa,2009,Energy,Hfcs,6.767
France,Europe,2000,Buildings,Hfcs,10.675
China,Asia,2019,Transport,,7.128
United States,North America,2018,Transport,Co2,123.526
South Korea,Asia,2016,Energy,N2O,13.756
France,Europe,2013,Land Use,Ch4,0.632
France,Europe,2020,Energy,Hfcs,1.916
Indonesia,Asia,2002,Industrial Processes,Ch4,0.428
Japan,Asia,2019,Manufacturing,Hfcs,22.372
Germany,Europe,2014,Waste,Ch4,13.861
South Africa,Africa,2002,Transport,Ch4,3.063
China,Asia,2011,Waste,Ch4,123.526
Brazil,South America,2012,Waste,Co2,7.74
Japan,Asia,2023,Agriculture,Sf6,0.374
France,Europe,2018,Energy,Sf6,1.542
Indonesia,Asia,2011,Energy,Sf6,7.404
Japan,Asia,2009,Land Use,Ch4,0.1
Mexico,North America,2023,Manufacturing,Hfcs,8.96
Japan,Asia,2014,Land Use,Co2,0.1
China,Asia,2021,Buildings,Co2,123.526
Canada,North America,2013,Land Use,Co2,5.46
